path,accident_time,center_x,center_y,type
videos/-2UPLUV7JLg_00.mp4,16.517,0.6229166666666667,0.33611111111111114,single
videos/-6SQSDj8cYU_00.mp4,4.94,0.4990530303030303,0.4986111111111111,t-bone
videos/-7-vQ4obVwQ_00.mp4,6.308,0.6789772727272727,0.4986111111111111,t-bone
videos/-9oifpjUxxM_00.mp4,4.517,0.19074074074074074,0.7851851851851852,single
videos/-AztVDZ6cEE_00.mp4,1.975,0.49921875,0.3541666666666667,t-bone
videos/-FQxK6HdxNU_00.mp4,3.475,0.5619791666666667,0.6435185185185185,rear-end
videos/-NgnSm_oEB4_00.mp4,3.35,0.31851851851851853,0.4486111111111111,rear-end
videos/-PpBteU0p3Q_00.mp4,3.267,0.54921875,0.2125,single
videos/-PpjzmhI_PE_00.mp4,2.267,0.35555555555555557,0.49907407407407406,single
videos/-Qt5bDJNT84_00.mp4,0.375,0.73671875,0.33611111111111114,single
videos/-RE3XseZINA_00.mp4,23.475,0.1712962962962963,0.4986111111111111,rear-end
videos/-RrDtLjWsT4_00.mp4,6.1,0.49936868686868685,0.549074074074074,t-bone
videos/-SNFUobKjoM_00.mp4,13.611,0.80703125,0.625,t-bone
videos/-T_E4YhtjyE_00.mp4,5.517,0.45,0.6625,single
videos/-VM9fVYVI_w_00.mp4,1.792,0.8072916666666666,0.7527777777777778,single
videos/-Y4PJwqDjGc_00.mp4,15.281,0.4166666666666667,0.7527777777777778,single
videos/-_J5xdxCZZU_00.mp4,0.0,0.29921875,0.5486111111111112,t-bone
videos/-dVU8qW4ik8_00.mp4,5.94,0.6990740740740741,0.4486111111111111,rear-end
videos/-dmYsQc-odI_00.mp4,7.371,0.60546875,0.7361111111111112,rear-end
videos/-dqVECYKOk4_00.mp4,12.84,0.2989583333333333,0.2625,sideswipe
videos/-gbcp_G6NAE_00.mp4,15.561,0.15859375,0.4486111111111111,single
videos/-i9bRJWMtTo_00.mp4,5.649,0.49921875,0.45555555555555555,rear-end
videos/-jZ5Rlhzzi4_00.mp4,3.642,0.549074074074074,0.2625,rear-end
videos/-oreKuCoQnI_00.mp4,5.267,0.31796875,0.5819444444444445,rear-end
videos/-qmYW4S3Xxo_00.mp4,1.667,0.7625,0.5819444444444445,single
videos/-wlnF8vCVMo_00.mp4,3.725,0.49895833333333334,0.4986111111111111,t-bone
videos/-yLuZ5wxAsc_00.mp4,6.433,0.4421875,0.44027777777777777,rear-end
videos/-yuVlpyayOI_00.mp4,12.517,0.6229166666666667,0.2986111111111111,single
videos/-z1jK6UwRec_00.mp4,13.1,0.24895833333333334,0.8263888888888888,single
videos/-zhGaEV8w0o_00.mp4,4.767,0.75234375,0.4986111111111111,single
videos/022uvRkRJ8E_00.mp4,3.808,0.190625,0.25,single
videos/03HtRCJa8Yk_00.mp4,6.6,0.35511363636363635,0.6430555555555556,t-bone
videos/04O2SOGSG_U_00.mp4,2.142,0.49921875,0.6791666666666667,rear-end
videos/06jVQmpCJn4_00.mp4,0.5,0.21275252525252525,0.14722222222222223,single
videos/07Eu77WorsY_00.mp4,4.017,0.49921875,0.39305555555555555,t-bone
videos/08gvKdY9xj4_00.mp4,12.372,0.14765625,0.6777777777777778,single
videos/0BHjx8wX7pc_00.mp4,16.35,0.309375,0.44027777777777777,single
videos/0DB7w7rLGrk_00.mp4,1.583,0.31875,0.8263888888888888,rear-end
videos/0GPuugnrf3Y_00.mp4,6.439,0.7368055555555556,0.6990740740740741,rear-end
videos/0HjhBBGQT-0_00.mp4,10.725,0.8270833333333333,0.8268518518518518,single
videos/0J5lP1YbTHc_00.mp4,11.083,0.6796875,0.6990740740740741,rear-end
videos/0Kh7K1ftejg_00.mp4,1.083,0.5859375,0.5851851851851851,single
videos/0NixrF6Mt00_0_00.mp4,1.167,0.28671875,0.4986111111111111,head-on
videos/0PrAtifCwjg_00.mp4,5.564,0.44886363636363635,0.8263888888888888,rear-end
videos/0ThWw_efieo_00.mp4,4.142,0.41770833333333335,0.1712962962962963,single
videos/0ThWw_efieo_01.mp4,1.517,0.35520833333333335,0.11388888888888889,single
videos/0a405keDKpc_00.mp4,9.481,0.19135802469135801,0.6796296296296296,single
videos/0eoMti_njew_00.mp4,12.017,0.39791666666666664,0.8263888888888888,single
videos/0isplBZQftg_00.mp4,0.417,0.49936868686868685,0.6435185185185185,t-bone
videos/0jCQy-BZ1uw_00.mp4,2.85,0.375,0.2625,single
videos/0jk4tWwDKqc_00.mp4,7.442,0.4995833333333333,0.49907407407407406,t-bone
videos/0jlyeLcFLVc_00.mp4,3.808,0.7526041666666666,0.31851851851851853,rear-end
videos/0lkTO-H5z6I_00.mp4,0.083,0.221875,0.6986111111111111,rear-end
videos/0oA6iej2zdk_00.mp4,0.0,0.7765151515151515,0.19074074074074074,single
videos/0puo8kJOlmU_00.mp4,8.982,0.11354166666666667,0.475,single
videos/0sxbjc7SAZA_00.mp4,9.606,0.7859375,0.6,single
videos/0vD3cfW9BtI_00.mp4,0.0,0.5487654320987654,0.33611111111111114,single
videos/1-xArHJFlAQ_00.mp4,9.1,0.884375,0.7319444444444444,single
videos/17u3l3wxfFI_00.mp4,3.183,0.5,0.6990740740740741,rear-end
videos/1AfecaLCueU_00.mp4,13.67,0.171875,0.5611111111111111,single
videos/1BIZOZtxRpY_00.mp4,3.392,0.75234375,0.8069444444444445,single
videos/1BsCOLh_qEs_00.mp4,3.392,0.6635802469135802,0.49907407407407406,single
videos/1D0KxP4drTU_00.mp4,9.058,0.6802083333333333,0.31851851851851853,single
videos/1DTzvlqxm5c_00.mp4,2.642,0.56171875,0.6041666666666666,single
videos/1KGjac-XgPM_00.mp4,0.0,0.4558333333333333,0.3851851851851852,single
videos/1O-y5PmPWdU_00.mp4,27.767,0.49921875,0.2986111111111111,t-bone
videos/1TfCsqNoWQw_00.mp4,22.669,0.4995833333333333,0.8074074074074075,rear-end
videos/1Utldy8lKBo_00.mp4,0.0,0.6994791666666667,0.19074074074074074,t-bone
videos/1VI1lKlJQd0_00.mp4,6.659,0.6798611111111111,0.49907407407407406,single
videos/1ZQAChv0TEI_00.mp4,5.517,0.49947916666666664,0.8074074074074075,t-bone
videos/1_F0r7KVJ1k_00.mp4,6.642,0.2453125,0.4986111111111111,single
videos/1_FuS-_ctGY_00.mp4,2.558,0.64375,0.6430555555555556,t-bone
videos/1_iNUkyy46E_00.mp4,23.967,0.17592592592592593,0.4986111111111111,single
videos/1fe57nFDL_s_00.mp4,21.537,0.39375,0.8847222222222222,rear-end
videos/1fpsdsKWH_M_00.mp4,5.308,0.43671875,0.6791666666666667,rear-end
videos/1hJlpaZsYa8_00.mp4,0.0,0.26180555555555557,0.33611111111111114,single
videos/1jCpA4y5NHY_00.mp4,7.106,0.6802083333333333,0.49907407407407406,rear-end
videos/1koo-2ZTC9U_00.mp4,4.925,0.2506172839506173,0.412962962962963,single
videos/1lD9kE-VJ7I_00.mp4,4.725,0.49936868686868685,0.6435185185185185,t-bone
videos/1ot_Dyi6XyI_00.mp4,8.225,0.35511363636363635,0.5611111111111111,single
videos/1ww7Jv5v3QA_00.mp4,3.6,0.43645833333333334,0.4986111111111111,t-bone
videos/1ySfr7IZBs8_00.mp4,7.027,0.1359375,0.4986111111111111,single
videos/1yWbvi0K6Eg_00.mp4,2.683,0.44921875,0.8263888888888888,single
videos/1yedrznGA8g_00.mp4,4.7,0.49930555555555556,0.2657407407407407,t-bone
videos/20zWZEGQ7GY_00.mp4,9.84,0.65,0.5486111111111112,single
videos/23huSUeAOso_00.mp4,10.683,0.190625,0.19027777777777777,rear-end
videos/24IyPsinbH8_00.mp4,7.35,0.31796875,0.5819444444444445,single
videos/24R72DZBQ5k_00.mp4,1.0,0.11363636363636363,0.6041666666666666,rear-end
videos/29O6I-sITyw_00.mp4,3.975,0.43703703703703706,0.22083333333333333,single
videos/2BBwMYE-FC4_00.mp4,10.607,0.24583333333333332,0.3541666666666667,t-bone
videos/2CilSgyYnK0_00.mp4,21.834,0.5,0.6990740740740741,rear-end
videos/2IY6PpDm85k_00.mp4,10.038,0.11484375,0.7847222222222222,t-bone
videos/2OnAsVRtNQM_00.mp4,8.566,0.35520833333333335,0.44907407407407407,rear-end
videos/2PtXKoTbv0c_00.mp4,9.225,0.3859375,0.6986111111111111,single
videos/2QZf8MiIRK0_00.mp4,1.667,0.80703125,0.4986111111111111,single
videos/2QZf8MiIRK0_01.mp4,4.933,0.43671875,0.4375,t-bone
videos/2U2gPpmCg_o_00.mp4,1.517,0.5614583333333333,0.8069444444444445,single
videos/2UWHJTklurQ_00.mp4,3.683,0.3191287878787879,0.2986111111111111,single
videos/2W7S_-7F6S8_00.mp4,4.6,0.43645833333333334,0.375,t-bone
videos/2aYst3H2hjo_00.mp4,3.058,0.37430555555555556,0.8777777777777778,single
videos/2dgMA7afLFc_00.mp4,0.0,0.14765625,0.25,single
videos/2unYN0QzOFk_00.mp4,0.667,0.29921875,0.11388888888888889,rear-end
videos/2vEysG50vYY_00.mp4,4.683,0.6989583333333333,0.3194444444444444,single
videos/2wUrP2wgXhs_00.mp4,0.0,0.49947916666666664,0.34814814814814815,single
videos/2wWw4MidlLY_00.mp4,3.017,0.31927083333333334,0.6796296296296296,rear-end
videos/2xFyklpa54I_00.mp4,5.736,0.6438271604938272,0.549074074074074,rear-end
videos/2xyiKlvOZUQ_00.mp4,5.183,0.64375,0.5819444444444445,single
videos/2xzko5Nggkc_00.mp4,2.308,0.31875,0.8069444444444445,rear-end
videos/30EzKWQx48c_00.mp4,7.267,0.6053864168618267,0.2604166666666667,single
videos/32Ou4XKEmgs_00.mp4,1.975,0.4166666666666667,0.5819444444444445,single
videos/34Q7DXby2s4_00.mp4,3.6,0.8072916666666666,0.3194444444444444,t-bone
videos/39Ac-6i9SVM_00.mp4,27.205,0.39375,0.2625,t-bone
videos/3AvjUT91bJA_00.mp4,2.167,0.190625,0.4986111111111111,t-bone
videos/3Gc1wi2Qp4g_00.mp4,20.45,0.49947916666666664,0.3194444444444444,single
videos/3Jiii8dJ4UY_00.mp4,13.09,0.6791666666666667,0.4375,rear-end
videos/3N9sKQIYMy4_00.mp4,5.475,0.734375,0.5819444444444445,single
videos/3QBeZfYEAYY_00.mp4,5.412,0.39375,0.2986111111111111,single
videos/3Si9WUEcmK8_00.mp4,0.0,0.19074074074074074,0.4625,single
videos/3UBcAuDgcOg_00.mp4,1.5,0.2125,0.3851851851851852,rear-end
videos/3Xd6PxEvbNk_11_00.mp4,5.892,0.45625,0.2611111111111111,t-bone
videos/3Xd6PxEvbNk_2_00.mp4,5.475,0.4979166666666667,0.5,t-bone
videos/3Xd6PxEvbNk_3_00.mp4,2.225,0.80625,0.18888888888888888,t-bone
videos/3Xd6PxEvbNk_4_00.mp4,5.892,0.4979166666666667,0.31666666666666665,t-bone
videos/3Xd6PxEvbNk_5_00.mp4,8.85,0.4979166666666667,0.5,t-bone
videos/3Xd6PxEvbNk_7_00.mp4,2.475,0.4979166666666667,0.5,t-bone
videos/3Xd6PxEvbNk_8_00.mp4,8.183,0.5604166666666667,0.35555555555555557,t-bone
videos/3Xd6PxEvbNk_9_00.mp4,6.267,0.4979166666666667,0.5,t-bone
videos/3dIt2gBnS7o_00.mp4,6.475,0.60546875,0.8263888888888888,single
videos/3dL7_KqiBoo_00.mp4,0.0,0.49947916666666664,0.462037037037037,single
videos/3gFe7GtkEPk_00.mp4,12.483,0.21296296296296297,0.19074074074074074,single
videos/3gY2nZW6ZCM_00.mp4,0.417,0.559375,0.4979166666666667,t-bone
videos/3mB4p8BgiTg_00.mp4,6.405,0.44921875,0.6625,single
videos/3oxYxwfTwro_00.mp4,3.225,0.4969512195121951,0.4479166666666667,t-bone
videos/3p_-1RjvCmw_1_00.mp4,3.683,0.190625,0.17083333333333334,t-bone
videos/3rBm5RyfhOw_00.mp4,3.767,0.17083333333333334,0.3541666666666667,t-bone
videos/3taDrOi_n0E_00.mp4,0.0,0.7484375,0.5361111111111111,single
videos/3wK_g1985p4_00.mp4,10.356,0.2994791666666667,0.39814814814814814,rear-end
videos/3yNBYymxHys_00.mp4,6.017,0.47578125,0.5041666666666667,single
videos/42g5gRbzYhY_00.mp4,5.183,0.49907407407407406,0.9263888888888889,single
videos/42g5gRbzYhY_01.mp4,5.475,0.3851851851851852,0.8069444444444445,single
videos/47M8fAuFNOs_00.mp4,8.892,0.7866666666666666,0.5564814814814815,single
videos/4AWUHOvuV9I_00.mp4,0.0,0.2994791666666667,0.29907407407407405,single
videos/4Bde0lYQ4mg_00.mp4,2.767,0.43636363636363634,0.4986111111111111,t-bone
videos/4C5ZiBP7R04_00.mp4,8.658,0.04375,0.7490740740740741,single
videos/4EJgJ6IcI9E_00.mp4,4.392,0.49921875,0.4986111111111111,single
videos/4GW-rpR12Rs_00.mp4,5.548,0.08203125,0.4486111111111111,single
videos/4IUmjPBj5ik_00.mp4,0.917,0.15859375,0.45555555555555555,single
videos/4Q4q7Y1GGHk_00.mp4,0.0,0.5854166666666667,0.38472222222222224,single
videos/4RAe_LEFTTU_00.mp4,6.572,0.23645833333333333,0.4166666666666667,single
videos/4VVOcbvXgdE_00.mp4,3.183,0.31851851851851853,0.9333333333333333,rear-end
videos/4VuF1Be1yLE_00.mp4,3.267,0.8848958333333333,0.712037037037037,single
videos/4XE22RAmqnM_00.mp4,2.392,0.49907407407407406,0.3541666666666667,t-bone
videos/4XYVvTuLGCg_00.mp4,3.767,0.49936868686868685,0.6435185185185185,rear-end
videos/4ZGq9c3FKlE_00.mp4,4.017,0.24661458333333333,0.35538005923000987,t-bone
videos/4gFiGGeTp5w_0_00.mp4,2.517,0.1890625,0.8611111111111112,rear-end
videos/4gFiGGeTp5w_2_00.mp4,1.85,0.1703125,0.6444444444444445,single
videos/4geYk_miUzo_00.mp4,0.0,0.3854166666666667,0.33611111111111114,single
videos/4j9OcguWbcA_00.mp4,4.183,0.45625,0.8842592592592593,single
videos/4jVVNw9AF2s_00.mp4,3.225,0.39351851851851855,0.5041666666666667,single
videos/4qfPNqggweo_00.mp4,7.183,0.7520833333333333,0.35447761194029853,single
videos/4tOmPxnuANw_00.mp4,1.933,0.171875,0.850925925925926,sideswipe
videos/4tXvj7hHsNA_00.mp4,4.225,0.6796875,0.4375,rear-end
videos/4tXvj7hHsNA_01.mp4,3.183,0.49921875,0.6430555555555556,single
videos/4uRL85n-kDw_00.mp4,6.683,0.5618686868686869,0.549074074074074,single
videos/4y9dRdOoEzE_00.mp4,2.875,0.262037037037037,0.4986111111111111,single
videos/5-sIe-O1b8I_00.mp4,5.1,0.19125,0.43703703703703706,single
videos/50uYv-SxT-o_00.mp4,9.35,0.4990530303030303,0.3541666666666667,t-bone
videos/57T5Z3aTh4s_00.mp4,4.267,0.32265625,0.6,single
videos/5CNGhR8vBBk_00.mp4,5.314,0.31927083333333334,0.49907407407407406,rear-end
videos/5GV2ouD2_hA_00.mp4,16.015,0.26625,0.49907407407407406,single
videos/5K9ZZNwt9Fw_00.mp4,7.517,0.121875,0.8074074074074075,single
videos/5TdEe3ikbEM_00.mp4,5.017,0.24635416666666668,0.37407407407407406,t-bone
videos/5TdEe3ikbEM_01.mp4,0.667,0.7526041666666666,0.6796296296296296,single
videos/5UK0XveIgBA_00.mp4,5.308,0.6802469135802469,0.37592592592592594,t-bone
videos/5Vhz1P2k8Ds_00.mp4,10.058,0.3984375,0.6625,single
videos/5X2Ik8WsWVY_00.mp4,11.767,0.6125,0.9555555555555556,single
videos/5ZHUJ6AwHGA_00.mp4,6.933,0.07265625,0.4986111111111111,single
videos/5ZYWhoVVLGI_00.mp4,8.142,0.5,0.44907407407407407,rear-end
videos/5ayuUyxh1aQ_00.mp4,5.142,0.5625,0.7361111111111112,t-bone
videos/5bxGXH9wjOs_00.mp4,0.0,0.6989583333333333,0.38472222222222224,single
videos/5bxGXH9wjOs_01.mp4,3.058,0.58125,0.6791666666666667,single
videos/5caUHPE480M_00.mp4,7.767,0.4171875,0.31805555555555554,single
videos/5dZ0U3pINII_00.mp4,2.083,0.49930555555555556,0.412962962962963,single
videos/5fSIVNb3L64_00.mp4,5.975,0.49907407407407406,0.6791666666666667,t-bone
videos/5kZFvkKPHsc_00.mp4,2.142,0.49895833333333334,0.8263888888888888,t-bone
videos/5lfIORCL5FA_00.mp4,5.35,0.221875,0.4986111111111111,single
videos/5m8QzQubYOI_00.mp4,3.1,0.4973958333333333,0.1875,single
videos/5mrzzNJQOug_00.mp4,0.583,0.33697916666666666,0.9833333333333333,single
videos/5uh8-3q51uI_00.mp4,6.392,0.11354166666666667,0.5486111111111112,rear-end
videos/62-L7OtC4tg_00.mp4,9.392,0.6429924242424242,0.8069444444444445,rear-end
videos/63jg9PMxHZM_00.mp4,2.267,0.8510416666666667,0.4986111111111111,single
videos/64ZEWTQY7SY_00.mp4,5.569,0.7481481481481481,0.4486111111111111,rear-end
videos/651RQwxB3WA_12_00.mp4,3.642,0.4125,0.49375,rear-end
videos/651RQwxB3WA_13_00.mp4,0.0,0.696875,0.4875,single
videos/651RQwxB3WA_17_00.mp4,0.0,0.584375,0.1875,single
videos/651RQwxB3WA_1_00.mp4,1.5,0.284375,0.69375,t-bone
videos/651RQwxB3WA_2_00.mp4,4.225,0.678125,0.8,sideswipe
videos/65p17BwHTaw_00.mp4,1.167,0.37578125,0.3194444444444444,single
videos/65p17BwHTaw_01.mp4,2.308,0.87734375,0.24583333333333332,single
videos/67eBRe-YfEE_2_00.mp4,0.417,0.49921875,0.6625,rear-end
videos/69UT4E3LoAc_00.mp4,8.767,0.3191358024691358,0.43703703703703706,t-bone
videos/6Ac5Ad5jcJ0_00.mp4,12.975,0.39227166276346603,0.390625,single
videos/6AzIoSDn5Qs_00.mp4,1.542,0.3541666666666667,0.6986111111111111,rear-end
videos/6CW7HogT0ZA_00.mp4,0.0,0.07222222222222222,0.2986111111111111,single
videos/6EW9PrDqKA8_00.mp4,4.392,0.31796875,0.7347222222222223,rear-end
videos/6EqMA8no42o_00.mp4,2.1,0.190625,0.17083333333333334,t-bone
videos/6J-qSLHzj_k_00.mp4,5.017,0.171875,0.31805555555555554,t-bone
videos/6MBstMRZV9g_00.mp4,3.975,0.734375,0.6430555555555556,t-bone
videos/6Oro7le8ZLQ_00.mp4,4.6,0.8080246913580247,0.39351851851851855,t-bone
videos/6RZ_i-xao0s_00.mp4,25.267,0.9828125,0.8083333333333333,single
videos/6T58bsyZz40_00.mp4,11.975,0.35511363636363635,0.4986111111111111,rear-end
videos/6Wt8Y2Z1dkc_00.mp4,16.788,0.66171875,0.6986111111111111,rear-end
videos/6Xd4Xk76ylQ_00.mp4,1.708,0.44886363636363635,0.8847222222222222,rear-end
videos/6eUG-Pp36_s_00.mp4,6.1,0.5046838407494145,0.5442708333333334,sideswipe
videos/6fIB4cD0IrE_00.mp4,3.933,0.64375,0.6791666666666667,rear-end
videos/6hJ8mYLUfE8_00.mp4,9.142,0.5608899297423887,0.8229166666666666,t-bone
videos/6mVcTFd5TzI_0_00.mp4,1.85,0.49375,0.49583333333333335,sideswipe
videos/6mVcTFd5TzI_12_00.mp4,1.667,0.640625,0.44583333333333336,t-bone
videos/6mVcTFd5TzI_14_00.mp4,3.517,0.390625,0.44583333333333336,t-bone
videos/6mVcTFd5TzI_16_00.mp4,1.475,0.696875,0.44583333333333336,single
videos/6mVcTFd5TzI_18_00.mp4,3.208,0.1875,0.44583333333333336,rear-end
videos/6mVcTFd5TzI_20_00.mp4,0.25,0.296875,0.16666666666666666,t-bone
videos/6mVcTFd5TzI_22_00.mp4,5.642,0.1875,0.31666666666666665,t-bone
videos/6mVcTFd5TzI_23_00.mp4,3.1,0.496875,0.29583333333333334,single
videos/6mVcTFd5TzI_2_00.mp4,1.975,0.825,0.29583333333333334,t-bone
videos/6mVcTFd5TzI_3_00.mp4,2.183,0.1125,0.31666666666666665,rear-end
videos/6nM9m2VkeYk_00.mp4,6.683,0.64375,0.4986111111111111,single
videos/6nlROBgKAnA_00.mp4,5.267,0.4370833333333333,0.19074074074074074,t-bone
videos/6oAeUvxmeME_00.mp4,5.475,0.071875,0.4986111111111111,t-bone
videos/6oymx7wBmjw_00.mp4,3.975,0.75234375,0.4986111111111111,sideswipe
videos/6oymx7wBmjw_01.mp4,2.975,0.80703125,0.3541666666666667,t-bone
videos/6oymx7wBmjw_02.mp4,0.667,0.6234375,0.33611111111111114,t-bone
videos/6oymx7wBmjw_03.mp4,4.1,0.11484375,0.3486111111111111,single
videos/6oymx7wBmjw_04.mp4,3.725,0.56171875,0.4166666666666667,single
videos/6rWXOsN-MDM_00.mp4,19.488,0.49947916666666664,0.49907407407407406,t-bone
videos/6rvo5STkUPw_00.mp4,3.767,0.8072916666666666,0.7347222222222223,t-bone
videos/6s2KTCCo1Hw_00.mp4,6.683,0.4989648033126294,0.8069444444444445,rear-end
videos/6sgXO96LXOE_00.mp4,6.861,0.29921875,0.2986111111111111,single
videos/6wS8Dv8-S8s_00.mp4,8.517,0.7851851851851852,0.33611111111111114,single
videos/6wze8ucfW1g_00.mp4,5.183,0.4171875,0.3194444444444444,single
videos/6yQNWmpmUPk_00.mp4,9.225,0.62375,0.44907407407407407,single
videos/6z5WuGfCv1U_00.mp4,0.0,0.49895833333333334,0.4986111111111111,single
videos/70935VkkZSM_00.mp4,3.392,0.43697916666666664,0.49907407407407406,rear-end
videos/71QSBkIXKXI_00.mp4,10.072,0.46145833333333336,0.6986111111111111,single
videos/75qRY47mjfQ_00.mp4,5.1,0.2212962962962963,0.4986111111111111,t-bone
videos/7AFnEpBVrr4_00.mp4,2.392,0.3546875,0.6777777777777778,t-bone
videos/7CO_LqgfiFg_00.mp4,24.35,0.6990740740740741,0.8416666666666667,single
videos/7DhAOb5V7_Y_00.mp4,20.454,0.45,0.33611111111111114,single
videos/7DnAOa6rGgg_00.mp4,5.1,0.375,0.3541666666666667,rear-end
videos/7EqwXtQkP1I_00.mp4,4.017,0.49921875,0.4986111111111111,single
videos/7FzkwCUqP1Y_00.mp4,15.542,0.5866666666666667,0.412962962962963,t-bone
videos/7KAkcOyPqkw_00.mp4,5.1,0.49921875,0.4986111111111111,single
videos/7NMgRqMghNs_00.mp4,10.496,0.3548009367681499,0.4348958333333333,single
videos/7Nc9tJ7R4KY_00.mp4,4.1,0.58125,0.19027777777777777,t-bone
videos/7O4STdn35L0_00.mp4,5.142,0.190625,0.19027777777777777,rear-end
videos/7O6n0GkXt_g_00.mp4,12.7,0.3360655737704918,0.6614583333333334,single
videos/7ORiNi_LtxY_00.mp4,3.725,0.1359375,0.6791666666666667,rear-end
videos/7Q6tqECKuVw_00.mp4,8.1,0.19074074074074074,0.475,single
videos/7QawsvO1F1M_00.mp4,16.878,0.7328125,0.11388888888888889,rear-end
videos/7UHfU52BUbQ_00.mp4,8.975,0.6989583333333333,0.4986111111111111,rear-end
videos/7YEUfIVVk9Y_0_00.mp4,0.0,0.16484375,0.45555555555555555,single
videos/7YEUfIVVk9Y_2_00.mp4,2.183,0.44921875,0.4986111111111111,rear-end
videos/7YEUfIVVk9Y_4_00.mp4,0.5,0.49921875,0.4986111111111111,t-bone
videos/7YEUfIVVk9Y_6_00.mp4,0.5,0.49921875,0.4986111111111111,t-bone
videos/7YEUfIVVk9Y_7_00.mp4,5.975,0.1359375,0.4486111111111111,rear-end
videos/7ZCKQq8C3X0_00.mp4,13.861,0.6620370370370371,0.375,single
videos/7_GBBO6jreo_00.mp4,10.083,0.88515625,0.6986111111111111,single
videos/7b4ffyFOo_I_00.mp4,2.35,0.1892744479495268,0.5222222222222223,single
videos/7dMxFaTmaBs_00.mp4,7.1,0.1359375,0.8629629629629629,single
videos/7jr-TzLKTrU_00.mp4,1.767,0.04259259259259259,0.2986111111111111,rear-end
videos/7m77G8C7hiE_00.mp4,3.642,0.49895833333333334,0.4986111111111111,single
videos/7sPi12elNPc_00.mp4,2.225,0.4171875,0.8777777777777778,rear-end
videos/7ufiKhY4D_Y_00.mp4,9.106,0.4552083333333333,0.7319444444444444,single
videos/7v3_mO6HyPk_00.mp4,1.667,0.97421875,0.7347222222222223,single
videos/82garGyvexA_00.mp4,1.017,0.26590909090909093,0.49907407407407406,single
videos/82sQ7N-aHOw_00.mp4,0.0,0.8074074074074075,0.4625,single
videos/8G56ILxFFNM_00.mp4,10.777,0.31796875,0.7527777777777778,sideswipe
videos/8G_gWFWoV3U_00.mp4,8.856,0.4993827160493827,0.49907407407407406,rear-end
videos/8UJFstPfuhU_00.mp4,3.6,0.9265625,0.8074074074074075,rear-end
videos/8XV9oXxTZlI_00.mp4,2.75,0.8080729166666667,0.49953703703703706,rear-end
videos/8ZzJdjQi-aM_00.mp4,0.0,0.17083333333333334,0.39305555555555555,single
videos/8a1onzDf0Eg_00.mp4,3.975,0.49895833333333334,0.8069444444444445,t-bone
videos/8asB-NXAPSc_00.mp4,1.667,0.31927083333333334,0.24629812438302073,t-bone
videos/8eSV1Aza1uE_00.mp4,4.975,0.1717171717171717,0.3194444444444444,rear-end
videos/8h2Xq-MfXPE_00.mp4,24.983,0.221875,0.9555555555555556,single
videos/8i0FSER7SuE_00.mp4,16.642,0.3546875,0.8069444444444445,single
videos/8j-qfY6_Bxg_00.mp4,3.642,0.12121212121212122,0.3541666666666667,rear-end
videos/8jfM1_kqjuY_00.mp4,21.467,0.884469696969697,0.7851851851851852,rear-end
videos/8o-2-9mO8C0_00.mp4,10.294,0.190625,0.2625,t-bone
videos/8ohINS1qks8_00.mp4,5.808,0.49921875,0.6430555555555556,single
videos/8s8en2EJPzg_00.mp4,12.35,0.54921875,0.5486111111111112,single
videos/8sg1ollKgh4_00.mp4,12.114,0.8416666666666667,0.4986111111111111,single
videos/8uCJX3Qp78g_00.mp4,7.683,0.8626893939393939,0.4986111111111111,rear-end
videos/917eW1YYvc4_00.mp4,5.475,0.9260416666666667,0.8069444444444445,rear-end
videos/91DHD6SEyVU_00.mp4,10.058,0.31796875,0.5819444444444445,single
videos/91JpOFnaiD4_00.mp4,2.725,0.64375,0.8069444444444445,t-bone
videos/93SNo1CTA_w_00.mp4,2.475,0.31796875,0.6430555555555556,t-bone
videos/94fta3ZwkM0_00.mp4,6.475,0.80703125,0.3541666666666667,t-bone
videos/95Tx-2p0O_E_00.mp4,11.257,0.49907407407407406,0.31805555555555554,head-on
videos/987C4_UdnJE_00.mp4,0.917,0.31796875,0.11388888888888889,t-bone
videos/987C4_UdnJE_01.mp4,1.808,0.49921875,0.4986111111111111,t-bone
videos/9AO9fQexSIo_00.mp4,10.017,0.64375,0.4986111111111111,single
videos/9AnFK85qRjM_00.mp4,6.517,0.065625,0.3486111111111111,rear-end
videos/9BbYjDDO59w_00.mp4,0.125,0.17592592592592593,0.4101851851851852,single
videos/9DRFJxKHc6g_2_00.mp4,5.017,0.67890625,0.38472222222222224,rear-end
videos/9DRFJxKHc6g_3_00.mp4,2.083,0.31953125,0.5611111111111111,single
videos/9DRFJxKHc6g_4_00.mp4,6.767,0.49921875,0.5611111111111111,t-bone
videos/9DRFJxKHc6g_5_00.mp4,10.191,0.80703125,0.4986111111111111,t-bone
videos/9E91OEkRB-4_00.mp4,1.25,0.6796875,0.6791666666666667,t-bone
videos/9K5XWxsJleU_00.mp4,8.225,0.6796875,0.6430555555555556,single
videos/9KTcbXYyzWI_00.mp4,4.142,0.45549242424242425,0.2986111111111111,single
videos/9P_vAk9ZExI_00.mp4,2.975,0.5817708333333333,0.35462962962962963,single
videos/9PeFHB3oBKg_00.mp4,5.308,0.49895833333333334,0.6791666666666667,rear-end
videos/9Pfq8OtTeQA_00.mp4,0.0,0.04375,0.2986111111111111,single
videos/9PpJJxn6DmA_00.mp4,1.792,0.8078125,0.1712962962962963,t-bone
videos/9VTtD6Sw6N4_00.mp4,20.878,0.54921875,0.25,single
videos/9VsL3A3PJ1Q_00.mp4,3.142,0.5817708333333333,0.2861111111111111,single
videos/9XfMq4ikGTU_00.mp4,5.683,0.19074074074074074,0.45555555555555555,rear-end
videos/9_rjoTFi3Ek_00.mp4,11.962,0.3185011709601874,0.3177083333333333,t-bone
videos/9eE5_INjzaQ_00.mp4,1.167,0.4990530303030303,0.4986111111111111,single
videos/9eOu-gdsJD4_00.mp4,0.85,0.44921875,0.37777777777777777,single
videos/9fKAb-gGLRM_0_00.mp4,0.0,0.80703125,0.8069444444444445,single
videos/9fKAb-gGLRM_1_00.mp4,5.058,0.171875,0.8263888888888888,single
videos/9gEAWXvgLTw_00.mp4,6.607,0.49895833333333334,0.4986111111111111,t-bone
videos/9j0swlmm6eg_00.mp4,2.767,0.21302083333333333,0.549074074074074,single
videos/9jZ67_1d5nU_00.mp4,1.875,0.56171875,0.6791666666666667,rear-end
videos/9jbzA3-ub9c_00.mp4,2.517,0.6789772727272727,0.6222222222222222,sideswipe
videos/9nmufil1vvo_00.mp4,5.017,0.8080246913580247,0.31851851851851853,t-bone
videos/9tBAfjjPEkw_00.mp4,4.642,0.6802083333333333,0.29907407407407405,t-bone
videos/9u2VbfYpcBw_00.mp4,2.183,0.60546875,0.4986111111111111,single
videos/9w-8u8wKF5k_00.mp4,7.725,0.11484375,0.6777777777777778,single
videos/9xwZ_urlz-k_00.mp4,3.392,0.49921875,0.31805555555555554,t-bone
videos/9z1bEUb3qGI_00.mp4,9.017,0.6125,0.7361111111111112,single
videos/9z7lG2OdBoM_00.mp4,1.0,0.49947916666666664,0.8074074074074075,sideswipe
videos/A6Ut8jw-oLs_00.mp4,4.6,0.80703125,0.4375,t-bone
videos/A8KM8YuiYIw_00.mp4,24.538,0.11354166666666667,0.8847222222222222,single
videos/ACcnz_yNp6Q_00.mp4,1.792,0.171875,0.17083333333333334,single
videos/AEzHgZ0xjlk_00.mp4,10.899,0.49921875,0.4166666666666667,single
videos/AFK28KnqDOQ_00.mp4,0.0,0.64375,0.6791666666666667,single
videos/AGn3mKAiKQY_00.mp4,10.43,0.49947916666666664,0.41759259259259257,single
videos/AHIdbeOcAE0_00.mp4,11.709,0.11426767676767677,0.49907407407407406,rear-end
videos/AJKLxHzIHYY_13_00.mp4,0.917,0.5604166666666667,0.5,t-bone
videos/AJKLxHzIHYY_15_00.mp4,1.667,0.8604166666666667,0.5,single
videos/AJKLxHzIHYY_19_00.mp4,1.475,0.80625,0.18888888888888888,t-bone
videos/AJKLxHzIHYY_9_00.mp4,0.917,0.80625,0.3194444444444444,t-bone
videos/AJjnEMemjDk_00.mp4,0.0,0.49893162393162394,0.2986111111111111,single
videos/ALFF5620ljk_10_00.mp4,0.0,0.29814814814814816,0.2972222222222222,single
videos/ALFF5620ljk_12_00.mp4,7.1,0.4981481481481482,0.21944444444444444,t-bone
videos/ALFF5620ljk_1_00.mp4,7.225,0.19074074074074074,0.4111111111111111,t-bone
videos/ALFF5620ljk_2_00.mp4,0.0,0.37592592592592594,0.49722222222222223,single
videos/ALFF5620ljk_3_00.mp4,0.0,0.29814814814814816,0.3472222222222222,single
videos/ALFF5620ljk_5_00.mp4,10.85,0.17037037037037037,0.44722222222222224,t-bone
videos/ALFF5620ljk_7_00.mp4,6.517,0.4981481481481482,0.5,t-bone
videos/ALFF5620ljk_8_00.mp4,8.017,0.7351851851851852,0.3194444444444444,t-bone
videos/ALFF5620ljk_9_00.mp4,0.0,0.34814814814814815,0.38333333333333336,single
videos/AOlLjNQ2vu4_00.mp4,11.44,0.171875,0.4930555555555556,single
videos/AdbmoLPWCUo_00.mp4,3.1,0.19074074074074074,0.3541666666666667,t-bone
videos/AeQaR7cklVU_00.mp4,1.667,0.49895833333333334,0.8069444444444445,rear-end
videos/Ah1BmOi3V4Q_00.mp4,6.528,0.5817708333333333,0.6796296296296296,rear-end
videos/Aj5AlGboqeI_00.mp4,13.575,0.4427083333333333,0.8842592592592593,single
videos/AjhYRdkLdRc_00.mp4,24.542,0.4427083333333333,0.49907407407407406,single
videos/Am-8EdFyiOU_00.mp4,4.077,0.4168618266978923,0.24479166666666666,rear-end
videos/ApyekBAgfg8_00.mp4,4.1,0.6808712121212122,0.6791666666666667,t-bone
videos/Aq_-v8khHjQ_00.mp4,0.0,0.16484375,0.4986111111111111,single
videos/As0H5IK0CBI_00.mp4,0.0,0.49895833333333334,0.2986111111111111,single
videos/At-4-Y2g7Y8_00.mp4,4.486,0.49921875,0.29305555555555557,rear-end
videos/Au7DlgzqzEo_00.mp4,3.1,0.49921875,0.2986111111111111,t-bone
videos/AuQz_-J2kzc_14_00.mp4,9.808,0.353125,0.5,t-bone
videos/AuQz_-J2kzc_15_00.mp4,1.083,0.496875,0.35555555555555557,t-bone
videos/AuQz_-J2kzc_19_00.mp4,4.1,0.1890625,0.4388888888888889,single
videos/AuQz_-J2kzc_1_00.mp4,1.933,0.375,0.11944444444444445,single
videos/AuQz_-J2kzc_25_00.mp4,2.933,0.5484375,0.4388888888888889,t-bone
videos/AuQz_-J2kzc_27_00.mp4,2.683,0.1703125,0.3194444444444444,rear-end
videos/AuQz_-J2kzc_29_00.mp4,0.917,0.6046875,0.2972222222222222,t-bone
videos/AuQz_-J2kzc_5_00.mp4,3.517,0.1703125,0.44722222222222224,rear-end
videos/B3ehIhlZVD8_2_00.mp4,6.517,0.19140625,0.4486111111111111,t-bone
videos/B6eG9Bvwj8o_00.mp4,1.708,0.190625,0.3194444444444444,rear-end
videos/B85gUt1fzIU_00.mp4,5.808,0.190625,0.8263888888888888,t-bone
videos/BBFzGfSLEZE_00.mp4,3.6,0.5494791666666666,0.44907407407407407,single
videos/BEBYF3xd0Lk_00.mp4,2.267,0.8076388888888889,0.49907407407407406,rear-end
videos/BEZNd0pYy-4_00.mp4,4.183,0.49921875,0.6986111111111111,sideswipe
videos/BF5W6-8AkGM_00.mp4,2.767,0.8770833333333333,0.8069444444444445,single
videos/BFN3VYJ9ARs_00.mp4,11.808,0.33697916666666666,0.21296296296296297,rear-end
videos/BGXx55xRiic_00.mp4,15.194,0.35520833333333335,0.49907407407407406,rear-end
videos/BGxp7NOV0AQ_00.mp4,4.433,0.49895833333333334,0.6430555555555556,t-bone
videos/BJ2kS9k9sZI_00.mp4,7.475,0.678125,0.31666666666666665,t-bone
videos/BLq2n48HYZc_00.mp4,0.0,0.11313291139240507,0.8847222222222222,t-bone
videos/BLq2n48HYZc_01.mp4,0.0,0.11313291139240507,0.8847222222222222,t-bone
videos/BR4WAtlyQEQ_00.mp4,6.767,0.562037037037037,0.3541666666666667,single
videos/BSNh9UoKY54_1_00.mp4,1.25,0.44921875,0.4375,t-bone
videos/BV2QGa5Dgaw_00.mp4,4.308,0.7354166666666667,0.3194444444444444,rear-end
videos/BVXW2dz2OYA_00.mp4,3.35,0.31875,0.6041666666666666,single
videos/BVvMdTfk43Y_00.mp4,2.808,0.17604166666666668,0.6990740740740741,single
videos/BX8gqiZIIHs_00.mp4,4.225,0.43697916666666664,0.49907407407407406,single
videos/BY9XdpYwLto_00.mp4,3.1,0.5623456790123457,0.49907407407407406,single
videos/B_6HYZSji3I_00.mp4,3.392,0.12184343434343434,0.562037037037037,single
videos/B_nBw3PcHXg_00.mp4,5.267,0.7526041666666666,0.35462962962962963,rear-end
videos/BcZnPHU8nvY_00.mp4,20.85,0.6988636363636364,0.6125,single
videos/BdHk9yhbB94_00.mp4,3.6,0.190625,0.8069444444444445,rear-end
videos/BdL1TIuXeuY_00.mp4,3.308,0.19140625,0.4986111111111111,single
videos/Be6S5ecMGXA_00.mp4,6.156,0.58125,0.5041666666666667,t-bone
videos/BgdKGnFqz0I_00.mp4,8.933,0.44921875,0.4486111111111111,t-bone
videos/BiAj8Q5I710_00.mp4,20.704,0.6989583333333333,0.7847222222222222,single
videos/BlqSYfAQSEA_00.mp4,3.774,0.7364583333333333,0.38472222222222224,t-bone
videos/BpMHNEa79lo_2_00.mp4,0.0,0.53671875,0.4986111111111111,single
videos/BpMHNEa79lo_3_00.mp4,4.6,0.12109375,0.4986111111111111,single
videos/BpMHNEa79lo_4_00.mp4,5.142,0.31953125,0.39305555555555555,t-bone
videos/Bv1O4yUKzEo_00.mp4,4.35,0.26358024691358023,0.49907407407407406,single
videos/BwR4-5ASq1k_00.mp4,4.183,0.49907407407407406,0.8069444444444445,sideswipe
videos/BwSlVnQTtNo_00.mp4,4.142,0.53671875,0.15694444444444444,single
videos/C0faYXs1tA4_00.mp4,14.287,0.49882903981264637,0.5442708333333334,single
videos/C5OJEzm0dio_00.mp4,5.892,0.22421875,0.7055555555555556,single
videos/C5Vqz3BcyAs_00.mp4,0.0,0.65,0.5361111111111111,single
videos/C7fGGRaVtJs_00.mp4,2.267,0.29921875,0.4486111111111111,single
videos/C7gOL8qM71E_00.mp4,4.725,0.1580246913580247,0.3194444444444444,single
videos/CBPD-SF1p90_00.mp4,2.75,0.58125,0.4986111111111111,single
videos/CD0ra7MBJJc_00.mp4,2.6,0.734375,0.6041666666666666,single
videos/CIN6BgkbMDQ_00.mp4,0.0,0.4558333333333333,0.49907407407407406,single
videos/CJP-_jaZ3FQ_00.mp4,0.0,0.6,0.2986111111111111,single
videos/CJYMnDmGxio_00.mp4,13.517,0.3541666666666667,0.8263888888888888,rear-end
videos/CLxtkUlDwYs_00.mp4,7.494,0.62375,0.6990740740740741,single
videos/CQaoY2QypM8_00.mp4,3.183,0.6435185185185185,0.6791666666666667,t-bone
videos/CRFFj83OIDU_00.mp4,4.725,0.6429924242424242,0.4986111111111111,t-bone
videos/CRu-S6GbqF0_00.mp4,4.975,0.7114583333333333,0.6777777777777778,t-bone
videos/CU0w8gexxew_00.mp4,4.475,0.190625,0.3541666666666667,rear-end
videos/CV8iSUAmHvw_00.mp4,2.725,0.5491803278688525,0.4973958333333333,t-bone
videos/CVSBJThqVgA_00.mp4,15.775,0.21302083333333333,0.6231481481481481,single
videos/Cfot7TRlxAQ_00.mp4,0.833,0.11419753086419752,0.49907407407407406,single
videos/CftpplTN-Qc_00.mp4,3.558,0.44895833333333335,0.3541666666666667,t-bone
videos/CfyyqTRMA6A_00.mp4,2.475,0.49921875,0.2986111111111111,single
videos/Chf8yRqccCM_00.mp4,2.625,0.44921875,0.4166666666666667,rear-end
videos/CkI203kbHQ8_11_00.mp4,0.583,0.17,0.3918918918918919,rear-end
videos/CkI203kbHQ8_12_00.mp4,4.183,0.2625,0.2972972972972973,rear-end
videos/CkI203kbHQ8_29_00.mp4,3.35,0.395,0.10810810810810811,single
videos/CkI203kbHQ8_32_00.mp4,0.417,0.17,0.4966216216216216,t-bone
videos/CkI203kbHQ8_5_00.mp4,3.6,0.17,0.44594594594594594,single
videos/CnsDyfXdf8s_0_00.mp4,8.734,0.31953125,0.4375,t-bone
videos/CnsDyfXdf8s_1_00.mp4,5.267,0.49921875,0.2638888888888889,t-bone
videos/CpBPz9n7_Rg_00.mp4,0.0,0.49921875,0.11388888888888889,single
videos/CtYbOZdwGkY_00.mp4,2.308,0.3541666666666667,0.6430555555555556,single
videos/Cu3dl1ABN2k_00.mp4,3.975,0.3522727272727273,0.675,t-bone
videos/Cu647jk6n_s_00.mp4,0.0,0.3859375,0.29907407407407405,single
videos/CuKoIfFdF_U_00.mp4,4.475,0.8080246913580247,0.49907407407407406,t-bone
videos/CvNTYeiVF7s_00.mp4,13.205,0.1574074074074074,0.3972222222222222,rear-end
videos/CwynQU9-yhE_00.mp4,5.725,0.31875,0.4986111111111111,t-bone
videos/CyqcCI-woio_00.mp4,5.725,0.8079166666666666,0.6435185185185185,rear-end
videos/CzOWGXrwbp4_00.mp4,16.343,0.6498829039812647,0.1875,rear-end
videos/Czp_f_DrRB8_00.mp4,15.35,0.2125,0.6430555555555556,rear-end
videos/D1eP4Bn4hDQ_0_00.mp4,5.704,0.49921875,0.8069444444444445,t-bone
videos/D2AHpCitweI_0_00.mp4,1.75,0.3546875,0.31805555555555554,t-bone
videos/D6jE82ExHv4_00.mp4,2.225,0.734375,0.8888888888888888,single
videos/D6jE82ExHv4_01.mp4,10.892,0.04375,0.5416666666666666,single
videos/D7D-zT4wxC4_00.mp4,8.225,0.3191358024691358,0.8842592592592593,single
videos/DEmCJ-_E3tY_00.mp4,0.583,0.3477751756440281,0.5546875,single
videos/DHG33zf-bkk_00.mp4,5.308,0.17083333333333334,0.8083333333333333,single
videos/DJ-zFm_TSTM_00.mp4,0.25,0.49895833333333334,0.6430555555555556,rear-end
videos/DNXPVeHVfik_00.mp4,7.409,0.43686868686868685,0.562037037037037,rear-end
videos/DQ0vvyzJd3A_00.mp4,1.683,0.3191287878787879,0.4375,rear-end
videos/DTPQZJzsoXY_00.mp4,3.183,0.11388888888888889,0.2125,rear-end
videos/DU2mJPGb3ys_00.mp4,13.258,0.29930555555555555,0.6990740740740741,single
videos/DVEA5y2V4-w_00.mp4,3.267,0.49921875,0.3541666666666667,t-bone
videos/DZBg6CcIi6Y_00.mp4,1.0,0.29930555555555555,0.6990740740740741,rear-end
videos/DksclwuFCXI_00.mp4,5.1,0.3541666666666667,0.4986111111111111,single
videos/Dum9n19ZHYk_00.mp4,0.0,0.5375,0.5851851851851851,single
videos/Dupsb1RMpXM_00.mp4,3.933,0.4993827160493827,0.49907407407407406,rear-end
videos/E56s-zfz2QE_00.mp4,9.135,0.29859484777517564,0.4973958333333333,single
videos/E65lhgBF1rM_00.mp4,19.163,0.8072916666666666,0.5611111111111111,rear-end
videos/E6rFBPMiDy0_00.mp4,16.363,0.44958333333333333,0.712037037037037,rear-end
videos/E7SZ9wPStb4_00.mp4,1.5,0.4990530303030303,0.8263888888888888,rear-end
videos/EAXHuVGCmSA_00.mp4,8.524,0.2989583333333333,0.4986111111111111,rear-end
videos/EBUkwCDDOIU_00.mp4,10.296,0.35541666666666666,0.31851851851851853,single
videos/EEYAqpWdNAE_00.mp4,1.767,0.58125,0.2861111111111111,t-bone
videos/EJodW3XFdU4_00.mp4,4.975,0.8625,0.7347222222222223,rear-end
videos/EN-JKUXkwPQ_2_00.mp4,1.642,0.4166666666666667,0.6777777777777778,t-bone
videos/EN-JKUXkwPQ_4_00.mp4,2.225,0.3541666666666667,0.5,t-bone
videos/EN-JKUXkwPQ_6_00.mp4,2.767,0.4479166666666667,0.1111111111111111,t-bone
videos/EN-JKUXkwPQ_7_00.mp4,4.892,0.1125,0.2111111111111111,t-bone
videos/EOylWdC12mY_00.mp4,2.267,0.3546875,0.7055555555555556,rear-end
videos/EV73dR7U00I_00.mp4,2.6,0.2465277777777778,0.43703703703703706,rear-end
videos/EVNMnYgWIuk_00.mp4,6.475,0.49895833333333334,0.4375,rear-end
videos/EVZe1VSzboY_00.mp4,0.0,0.5572916666666666,0.11388888888888889,single
videos/EWacZjLgE18_00.mp4,3.725,0.2864583333333333,0.39305555555555555,rear-end
videos/EXaPMbnM4Vs_00.mp4,10.642,0.2994791666666667,0.6990740740740741,single
videos/EYPYs2UKPmE_00.mp4,11.183,0.31953125,0.6777777777777778,rear-end
videos/EYu49m3fAp4_00.mp4,5.183,0.6802469135802469,0.6990740740740741,rear-end
videos/EcsgXARlmDI_00.mp4,2.267,0.8260416666666667,0.4986111111111111,single
videos/EdvDlbnKQYI_00.mp4,3.94,0.065625,0.7347222222222223,single
videos/Ef9PwNwVRvY_00.mp4,7.183,0.49930555555555556,0.262037037037037,t-bone
videos/Ej9_uEsIejA_00.mp4,3.35,0.49921875,0.375,t-bone
videos/EkSE8710mGg_00.mp4,5.266,0.19375,0.41944444444444445,rear-end
videos/EpkEvZLzKko_00.mp4,20.121,0.265625,0.4125,single
videos/Er-dsvrO1UU_00.mp4,0.0,0.49921875,0.4986111111111111,single
videos/Ex8VtDfLq8M_00.mp4,3.183,0.5,0.43703703703703706,single
videos/ExU1_ouZ3bw_00.mp4,9.642,0.3984375,0.44027777777777777,rear-end
videos/EyZo7F2P35A_00.mp4,4.183,0.41302083333333334,0.7527777777777778,single
videos/EzI5Rn3z4ew_00.mp4,4.975,0.8078125,0.49907407407407406,rear-end
videos/F0NHENn-HS4_00.mp4,3.642,0.4993827160493827,0.29907407407407405,rear-end
videos/F40LX7-M7xc_00.mp4,4.058,0.49895833333333334,0.3541666666666667,t-bone
videos/F810q1TVR94_00.mp4,9.864,0.88515625,0.6430555555555556,rear-end
videos/F8PPMv46IQk_00.mp4,6.267,0.6994791666666667,0.11388888888888889,t-bone
videos/FAEmPbAt0Wk_00.mp4,3.481,0.35546875,0.4375,rear-end
videos/FD2WTKo0V94_00.mp4,2.75,0.562037037037037,0.4986111111111111,single
videos/FDjxbPaxmho_00.mp4,4.767,0.1359375,0.8629629629629629,single
videos/FFkOuMBHngY_00.mp4,10.308,0.7114583333333333,0.4986111111111111,rear-end
videos/FGZ7r8JC1MY_00.mp4,6.392,0.6989583333333333,0.25,rear-end
videos/FIBPRI-_xPo_00.mp4,8.1,0.04375,0.7486111111111111,single
videos/FImmtvW8KUI_00.mp4,0.0,0.49895833333333334,0.4986111111111111,single
videos/FJcKTvBI75U_00.mp4,4.892,0.3546875,0.4986111111111111,t-bone
videos/FJcKTvBI75U_01.mp4,6.642,0.49921875,0.4986111111111111,sideswipe
videos/FJcKTvBI75U_02.mp4,7.6,0.6,0.6986111111111111,single
videos/FKB8WfghbV0_00.mp4,4.517,0.31875,0.3194444444444444,rear-end
videos/FNS3OiJwL0k_00.mp4,3.392,0.6429924242424242,0.8069444444444445,single
videos/FOPldt8txP4_00.mp4,6.517,0.41770833333333335,0.8074074074074075,single
videos/FR3eYZzgeJY_00.mp4,3.1,0.4990530303030303,0.8069444444444445,t-bone
videos/FV6XO5Yg9VU_00.mp4,1.667,0.9555555555555556,0.6777777777777778,rear-end
videos/FVZu22TdJwc_00.mp4,2.683,0.31875,0.4986111111111111,rear-end
videos/FY2wvzTv5vo_00.mp4,1.542,0.43671875,0.3194444444444444,t-bone
videos/FY2wvzTv5vo_01.mp4,4.433,0.80703125,0.3541666666666667,t-bone
videos/F_UEUU6h33s_00.mp4,0.0,0.49895833333333334,0.4986111111111111,single
videos/FaI91W7BO04_00.mp4,7.225,0.49895833333333334,0.4986111111111111,t-bone
videos/Fb1XWmXZTZw_00.mp4,0.0,0.66171875,0.6777777777777778,single
videos/FbMyX_ZWAm8_00.mp4,4.142,0.6802083333333333,0.19074074074074074,rear-end
videos/FhFwhsyOjUU_00.mp4,10.459,0.56171875,0.29305555555555557,rear-end
videos/Fix7_GpawXw_00.mp4,13.433,0.44921875,0.6777777777777778,rear-end
videos/FjYZw1xUvqg_00.mp4,10.048,0.08049242424242424,0.33611111111111114,single
videos/Fk2lELADm8U_00.mp4,19.692,0.6994949494949495,0.6990740740740741,rear-end
videos/FnahNGsmeSQ_00.mp4,8.35,0.41761363636363635,0.4375,rear-end
videos/FojgBxlQgiw_00.mp4,2.292,0.31796875,0.7527777777777778,single
videos/FyUKGsHyoxE_00.mp4,2.583,0.3541666666666667,0.4986111111111111,rear-end
videos/G0jQdKiCbhU_00.mp4,15.483,0.8848958333333333,0.6990740740740741,rear-end
videos/G203AMlz_Yo_00.mp4,10.975,0.6231060606060606,0.8231481481481482,single
videos/G4QrIWuvNoM_00.mp4,1.917,0.69921875,0.3194444444444444,rear-end
videos/G84adP8TOLw_00.mp4,5.267,0.2453125,0.5611111111111111,single
videos/G9G97Pf8hMk_00.mp4,5.1,0.6796875,0.4375,t-bone
videos/GAuVOgez5bQ_00.mp4,6.1,0.19140625,0.2986111111111111,t-bone
videos/GBKfe2jmXn4_00.mp4,2.142,0.69921875,0.2125,single
videos/GD6usZ7O7UU_00.mp4,3.475,0.8077651515151515,0.8069444444444445,t-bone
videos/GDadq8Vznvc_00.mp4,6.725,0.7489583333333333,0.7361111111111112,t-bone
videos/GI1-kjZaEWM_00.mp4,4.767,0.7526041666666666,0.7351851851851852,single
videos/GINQ6xQrz94_00.mp4,0.0,0.26666666666666666,0.34814814814814815,single
videos/GIm11SfAp8c_00.mp4,9.142,0.44907407407407407,0.25,single
videos/GPMefBsSI44_00.mp4,2.683,0.49921875,0.8069444444444445,rear-end
videos/GSvQCAPnFGo_00.mp4,4.475,0.80703125,0.5611111111111111,t-bone
videos/GVHE7LumYVo_00.mp4,16.741,0.28708333333333336,0.6231481481481481,rear-end
videos/GWx-Z5rWhzc_00.mp4,2.642,0.562037037037037,0.8625,t-bone
videos/Ga3FbFSHZdA_00.mp4,3.475,0.21296296296296297,0.6777777777777778,t-bone
videos/Ga8NZJ64V80_00.mp4,3.683,0.54921875,0.6041666666666666,single
videos/GaAVUUYx9q8_00.mp4,5.534,0.2625,0.33611111111111114,single
videos/GbIQab3ECjI_00.mp4,6.628,0.49925925925925924,0.2861111111111111,t-bone
videos/Gg9E2AQBMpM_00.mp4,6.892,0.5489583333333333,0.6986111111111111,rear-end
videos/Gi1LR7ikvBo_00.mp4,2.1,0.065625,0.5777777777777777,rear-end
videos/GjcgUDvSdls_00.mp4,7.607,0.6229166666666667,0.2125,single
videos/GnpwLP2THmM_0_00.mp4,0.583,0.56171875,0.19027777777777777,t-bone
videos/GnpwLP2THmM_10_00.mp4,1.167,0.49921875,0.4986111111111111,t-bone
videos/GnpwLP2THmM_1_00.mp4,2.892,0.49921875,0.6430555555555556,t-bone
videos/GnpwLP2THmM_2_00.mp4,1.292,0.75234375,0.3194444444444444,t-bone
videos/GnpwLP2THmM_3_00.mp4,1.892,0.31796875,0.4986111111111111,t-bone
videos/GnpwLP2THmM_4_00.mp4,2.1,0.80703125,0.4986111111111111,t-bone
videos/GnpwLP2THmM_5_00.mp4,1.892,0.56171875,0.5486111111111112,t-bone
videos/GnpwLP2THmM_6_00.mp4,1.25,0.80703125,0.4986111111111111,t-bone
videos/GnpwLP2THmM_7_00.mp4,1.417,0.80703125,0.4986111111111111,t-bone
videos/GnpwLP2THmM_9_00.mp4,2.35,0.6796875,0.4986111111111111,t-bone
videos/GsL5oknV-w0_00.mp4,5.017,0.8077651515151515,0.8069444444444445,t-bone
videos/GsRdjuR2PpE_00.mp4,16.234,0.5814814814814815,0.31851851851851853,rear-end
videos/GtL1Onu28Iw_00.mp4,9.017,0.41759259259259257,0.19027777777777777,single
videos/Gw3WQGxMH_I_00.mp4,6.975,0.6796875,0.29305555555555557,rear-end
videos/H0MCccZiB3M_00.mp4,2.892,0.5,0.49907407407407406,t-bone
videos/H644DZi-cWQ_00.mp4,2.017,0.8625,0.4986111111111111,t-bone
videos/H6A3xLciOZk_00.mp4,4.392,0.3191358024691358,0.8074074074074075,rear-end
videos/H6DKiF_kwIs_00.mp4,12.412,0.49907407407407406,0.6791666666666667,single
videos/H6FXwjTkWYI_00.mp4,7.339,0.43671875,0.4166666666666667,single
videos/H7tS58aI1rM_00.mp4,22.892,0.8770833333333333,0.4986111111111111,single
videos/HC89136mZXs_00.mp4,4.732,0.50546875,0.4486111111111111,rear-end
videos/HD6QGx9d8ow_0_00.mp4,2.308,0.49921875,0.6430555555555556,rear-end
videos/HD6QGx9d8ow_1_00.mp4,2.933,0.49921875,0.6791666666666667,rear-end
videos/HFgLNfSjd6g_00.mp4,2.6,0.49895833333333334,0.8069444444444445,rear-end
videos/HGediRhCK14_00.mp4,5.683,0.45625,0.549074074074074,rear-end
videos/HLK2xLUfMsM_00.mp4,9.683,0.2989583333333333,0.5847222222222223,single
videos/HMdWAx9g5eI_00.mp4,5.017,0.49947916666666664,0.43703703703703706,single
videos/HMh6V4MXD38_00.mp4,6.673,0.58125,0.6430555555555556,single
videos/HQSjoUe8M8U_00.mp4,2.0,0.28671875,0.8263888888888888,single
videos/HROdEY9OZk4_00.mp4,2.767,0.7358024691358025,0.49907407407407406,rear-end
videos/HSDqCUHuz8Q_0_00.mp4,2.725,0.2453125,0.4986111111111111,sideswipe
videos/HSDqCUHuz8Q_3_00.mp4,2.142,0.6125,0.5486111111111112,rear-end
videos/HSDqCUHuz8Q_5_00.mp4,5.017,0.2453125,0.3541666666666667,single
videos/HVAxCUrR_Qc_00.mp4,0.583,0.31875,0.2625,t-bone
videos/HXttLdePt0k_00.mp4,4.35,0.146875,0.44027777777777777,single
videos/HYUcneYzPZM_00.mp4,9.1,0.9264520202020202,0.5819444444444445,single
videos/HYr1QeHHFkI_00.mp4,8.767,0.262037037037037,0.39305555555555555,single
videos/HZXYwgLy0RE_00.mp4,4.1,0.3197530864197531,0.6435185185185185,t-bone
videos/Hg0kgEuDppk_00.mp4,1.625,0.6802083333333333,0.43736263736263736,rear-end
videos/HgLFvVtCXRw_00.mp4,3.683,0.6052083333333333,0.4486111111111111,t-bone
videos/HjA3G2yYrNg_00.mp4,3.684,0.44947916666666665,0.6129629629629629,single
videos/Hjax6nMPd6Q_00.mp4,0.0,0.9557291666666666,0.29907407407407405,single
videos/HsI9suJ4Mkw_00.mp4,10.391,0.39375,0.4486111111111111,rear-end
videos/Hu5cukZ0Zgw_00.mp4,5.392,0.8078125,0.8074074074074075,sideswipe
videos/HxxaCH818LI_00.mp4,1.583,0.6802083333333333,0.35462962962962963,rear-end
videos/I2qAsVRZSkc_00.mp4,7.392,0.56171875,0.2638888888888889,single
videos/I2syQkUAm0g_00.mp4,1.85,0.5790123456790124,0.1712962962962963,single
videos/IAhGJNVqs1M_10_00.mp4,1.083,0.55625,0.825,rear-end
videos/IAhGJNVqs1M_14_00.mp4,10.033,0.678125,0.8041666666666667,t-bone
videos/IAhGJNVqs1M_9_00.mp4,3.808,0.259375,0.5458333333333333,t-bone
videos/IF-F7mUXhas_00.mp4,2.6,0.49375,0.6777777777777778,rear-end
videos/IKBt_1zB87o_00.mp4,10.232,0.11484375,0.6777777777777778,single
videos/ILLwcx7DKvM_00.mp4,4.475,0.37578125,0.6430555555555556,single
videos/IMy1fD-bTng_00.mp4,10.084,0.6130050505050505,0.8268518518518518,single
videos/IOxe9lyfZRA_00.mp4,2.475,0.4484777517564403,0.4401041666666667,single
videos/IQDkEcJP3rw_00.mp4,2.85,0.5619791666666667,0.2861111111111111,rear-end
videos/ITHSYGUkuV8_00.mp4,5.1,0.49921875,0.31805555555555554,single
videos/ITahkTaWzyQ_00.mp4,2.808,0.36640625,0.38472222222222224,rear-end
videos/Ib9wzyr5GqE_00.mp4,6.517,0.734375,0.6430555555555556,single
videos/IbJBE53NXZc_00.mp4,6.767,0.04296875,0.6222222222222222,single
videos/IcHtsAFIRjk_00.mp4,11.183,0.6125,0.4986111111111111,rear-end
videos/IgfiZK91D64_00.mp4,2.767,0.49936868686868685,0.41759259259259257,rear-end
videos/IhxIuzCn1dM_00.mp4,1.667,0.44947916666666665,0.8074074074074075,t-bone
videos/IjYlfr_dwaE_00.mp4,8.975,0.221875,0.6041666666666666,single
videos/IjrWDrC23GY_00.mp4,14.543,0.49921875,0.4986111111111111,rear-end
videos/IlublX9hlVc_00.mp4,5.475,0.2864583333333333,0.3194444444444444,t-bone
videos/Img4DcUjRmo_00.mp4,3.183,0.2462962962962963,0.19027777777777777,rear-end
videos/InbJMYd79yc_00.mp4,3.85,0.4990530303030303,0.2861111111111111,single
videos/IrdhgFvZE1Y_00.mp4,0.0,0.41302083333333334,0.29907407407407405,single
videos/IrzdCEl72lc_00.mp4,1.625,0.49895833333333334,0.4986111111111111,rear-end
videos/Iu6k6jWZGZ0_00.mp4,5.225,0.49842767295597484,0.31666666666666665,single
videos/IvpRueS_9RI_00.mp4,5.517,0.19135802469135801,0.8074074074074075,single
videos/IxLBncFm-oE_00.mp4,1.6,0.6618055555555555,0.39814814814814814,rear-end
videos/Iy_GdGD-ySg_00.mp4,9.524,0.3927083333333333,0.7611111111111111,single
videos/J19P9fWUj2U_00.mp4,13.59,0.7121212121212122,0.6888888888888889,single
videos/J22LBVPh5kk_00.mp4,3.683,0.22083333333333333,0.4486111111111111,single
videos/J2BlH3gdl0k_00.mp4,20.267,0.8072916666666666,0.4986111111111111,rear-end
videos/J489DF-y2B8_00.mp4,4.642,0.8072916666666666,0.8069444444444445,single
videos/J4EFIegLA-I_00.mp4,4.767,0.5,0.35462962962962963,t-bone
videos/J4QZ5vJy-3E_00.mp4,8.183,0.49921875,0.3541666666666667,t-bone
videos/J7Biq7X1kxQ_00.mp4,5.267,0.6994791666666667,0.39814814814814814,single
videos/J80rwyEvSlY_00.mp4,15.584,0.39895833333333336,0.4759259259259259,rear-end
videos/JAVaEV-aUjM_00.mp4,2.183,0.190625,0.8069444444444445,t-bone
videos/JC52fZUaMio_00.mp4,2.683,0.41761363636363635,0.8069444444444445,rear-end
videos/JDc09Tn1tR8_00.mp4,4.308,0.375,0.6777777777777778,rear-end
videos/JEclWwaL-Ps_00.mp4,6.231,0.49947916666666664,0.2861111111111111,t-bone
videos/JEv4-TJDQlQ_00.mp4,20.267,0.2869791666666667,0.8847222222222222,single
videos/JGD3vYYu5S4_00.mp4,5.175,0.49947916666666664,0.7064814814814815,single
videos/JGeH83hHjpE_00.mp4,3.183,0.49947916666666664,0.8074074074074075,rear-end
videos/JHmNWiEhINQ_00.mp4,13.694,0.31927083333333334,0.49907407407407406,rear-end
videos/JHq6SVNhY0Y_00.mp4,6.523,0.66171875,0.7361111111111112,single
videos/JKYjZ-tLgrw_00.mp4,5.939,0.8076388888888889,0.49907407407407406,rear-end
videos/JM2EUK2Odg8_00.mp4,1.6,0.44947916666666665,0.31851851851851853,single
videos/JNsoId5gPK8_00.mp4,1.5,0.19074074074074074,0.41759259259259257,single
videos/JTIfOGQql0A_00.mp4,8.267,0.375,0.4479166666666667,t-bone
videos/JZcTEwl1Od4_00.mp4,15.517,0.49921875,0.3541666666666667,t-bone
videos/JZnyV3r3cA4_00.mp4,1.35,0.80703125,0.4986111111111111,single
videos/Jafouq9fwp4_00.mp4,1.667,0.49947916666666664,0.35462962962962963,t-bone
videos/JdSFsM58Vrs_00.mp4,3.517,0.64375,0.8069444444444445,t-bone
videos/JeIJWYefuBQ_00.mp4,11.483,0.49921875,0.5486111111111112,sideswipe
videos/JeUAtNDJk9A_00.mp4,1.975,0.171875,0.8263888888888888,single
videos/JmRMCNbbhOY_00.mp4,6.508,0.49947916666666664,0.8777777777777778,single
videos/Jmd2l99EQZE_00.mp4,20.789,0.6994791666666667,0.3194444444444444,t-bone
videos/Jr-RXkEv6Ds_00.mp4,4.1,0.43697916666666664,0.8629629629629629,t-bone
videos/JsJ_gpjIH1k_00.mp4,0.917,0.6791666666666667,0.8069444444444445,rear-end
videos/Jt65lD9BAPY_00.mp4,2.6,0.171875,0.6430555555555556,rear-end
videos/JvLt2kMm3Qs_00.mp4,2.1,0.5234375,0.8888888888888888,single
videos/JzYHiq1zaZs_00.mp4,9.767,0.5366161616161617,0.29907407407407405,rear-end
videos/K0RZlWi2qhA_00.mp4,0.5,0.54921875,0.38472222222222224,rear-end
videos/K0YHy4UKGE4_00.mp4,3.767,0.4990530303030303,0.3541666666666667,rear-end
videos/K4we-6FhePo_00.mp4,4.273,0.6234375,0.5851851851851851,rear-end
videos/K98k1MB8rps_00.mp4,4.267,0.7487654320987654,0.14722222222222223,rear-end
videos/KIAzlkbMog4_00.mp4,10.573,0.4421875,0.5486111111111112,single
videos/KJdY94Xu5x0_00.mp4,6.603,0.45625,0.549074074074074,rear-end
videos/KMUWUj13hFw_00.mp4,5.024,0.29921875,0.475,single
videos/KOeH4VgqYR4_00.mp4,3.267,0.8072916666666666,0.6791666666666667,single
videos/KPyyCBJKS98_00.mp4,12.106,0.5760416666666667,0.49907407407407406,single
videos/KQ1M-32l-E0_00.mp4,0.0,0.29921875,0.2625,single
videos/KQETX3JfWlE_00.mp4,4.725,0.3983333333333333,0.6,single
videos/KTGByI3N4G0_00.mp4,6.111,0.5486111111111112,0.3194444444444444,single
videos/KUBbn-T3XYI_00.mp4,11.767,0.4971590909090909,0.1076388888888889,rear-end
videos/KWBc4BKAUso_00.mp4,8.058,0.4995833333333333,0.35462962962962963,single
videos/KZ8uvPQdYdk_00.mp4,18.517,0.49921875,0.2625,single
videos/KZl-FNCuiGs_00.mp4,6.142,0.49947916666666664,0.19074074074074074,rear-end
videos/KZq065NiqZM_00.mp4,5.267,0.58125,0.375,t-bone
videos/KcWnZOH5CK8_00.mp4,0.0,0.4125,0.38472222222222224,single
videos/KfSjYfTH-H4_00.mp4,4.433,0.35511363636363635,0.3541666666666667,single
videos/KiVTcO5wpds_00.mp4,2.6,0.8072916666666666,0.3194444444444444,t-bone
videos/Kw_Xo2iUEZQ_00.mp4,2.392,0.35462962962962963,0.4986111111111111,rear-end
videos/Kw_Xo2iUEZQ_01.mp4,0.25,0.43703703703703706,0.5611111111111111,single
videos/KwifJ6bebdo_00.mp4,9.94,0.2989583333333333,0.45555555555555555,rear-end
videos/KxlGte5pVZs_00.mp4,1.85,0.11484375,0.6888888888888889,rear-end
videos/L2cVGFG5rwE_00.mp4,5.517,0.54921875,0.375,rear-end
videos/L334aqEJxys_0_00.mp4,4.767,0.64375,0.4986111111111111,t-bone
videos/L334aqEJxys_1_00.mp4,5.6,0.109375,0.6791666666666667,single
videos/L821I_3rs6Y_00.mp4,4.183,0.5493827160493827,0.37592592592592594,single
videos/LAojlJEDJ2w_00.mp4,3.6,0.49947916666666664,0.49907407407407406,rear-end
videos/LCkt9L0JnXU_00.mp4,10.69,0.31953125,0.6791666666666667,t-bone
videos/LDFzVFnuKIg_00.mp4,14.383,0.5494791666666666,0.5361111111111111,single
videos/LGanHyFZCBg_00.mp4,0.0,0.25,0.38472222222222224,single
videos/LI8ZZcRlFV8_00.mp4,0.0,0.29921875,0.4222222222222222,single
videos/LIB4DVkk3lc_00.mp4,0.0,0.5369791666666667,0.462037037037037,single
videos/LLead91Xhho_00.mp4,0.0,0.21306818181818182,0.38472222222222224,single
videos/LMr2EuxQ1IY_00.mp4,9.843,0.44921875,0.6041666666666666,single
videos/LMw1OJe37fM_00.mp4,4.774,0.5814393939393939,0.17083333333333334,single
videos/LPQ23LL3dG4_00.mp4,7.267,0.5614583333333333,0.6791666666666667,rear-end
videos/LP_C34tyPl4_00.mp4,22.503,0.73671875,0.38472222222222224,rear-end
videos/LQ3ERldwsJQ_00.mp4,7.1,0.56171875,0.31805555555555554,t-bone
videos/LSiLtoXajJE_00.mp4,1.167,0.4993093922651934,0.49907407407407406,rear-end
videos/LVrfZ4HLlR4_00.mp4,6.683,0.49895833333333334,0.6430555555555556,rear-end
videos/LY4ki_2dmwU_00.mp4,5.975,0.4171875,0.31805555555555554,single
videos/LZY4HepPGu0_00.mp4,4.892,0.58125,0.4986111111111111,single
videos/LeRsK6lfpK8_00.mp4,1.542,0.43671875,0.31805555555555554,t-bone
videos/LeRsK6lfpK8_01.mp4,1.5,0.7859375,0.2625,t-bone
videos/LeRsK6lfpK8_02.mp4,5.183,0.07265625,0.19027777777777777,t-bone
videos/LiLrm5Zn19w_00.mp4,10.708,0.49936868686868685,0.49907407407407406,single
videos/LiM5LPSZoow_00.mp4,3.642,0.44907407407407407,0.8847222222222222,rear-end
videos/LklNl33KztU_00.mp4,4.433,0.6438271604938272,0.43703703703703706,rear-end
videos/LmWvBPSBxNE_00.mp4,0.0,0.2640625,0.625,single
videos/Lm_u8Ey-588_00.mp4,11.983,0.16458333333333333,0.6777777777777778,t-bone
videos/LosVYAhNYlY_00.mp4,4.1,0.262037037037037,0.17083333333333334,t-bone
videos/Lqgoisezv8E_00.mp4,0.75,0.49895833333333334,0.7111111111111111,rear-end
videos/LrMyR9M_g3I_00.mp4,3.267,0.33645833333333336,0.38472222222222224,single
videos/LsXzcdBISgw_00.mp4,1.25,0.16484375,0.8263888888888888,single
videos/LtBosyZywWw_00.mp4,3.517,0.19074074074074074,0.6430555555555556,t-bone
videos/LxNrteV6pVs_00.mp4,0.0,0.4995833333333333,0.49907407407407406,single
videos/LxNrteV6pVs_01.mp4,8.142,0.8079166666666666,0.6990740740740741,single
videos/Ly7szYRjMdw_00.mp4,0.0,0.4993827160493827,0.29907407407407405,single
videos/M1ooGq00a4w_00.mp4,5.59,0.37890625,0.41944444444444445,single
videos/M6WWLqx3z88_00.mp4,1.975,0.4993827160493827,0.49907407407407406,t-bone
videos/M7tbQSvMe5o_00.mp4,3.225,0.80859375,0.6041666666666666,single
videos/MA3KBCQu9eY_00.mp4,5.725,0.6994791666666667,0.42314814814814816,rear-end
videos/MAlk_czfNIs_00.mp4,2.85,0.6229166666666667,0.44907407407407407,t-bone
videos/MCeomZE3fqw_00.mp4,4.058,0.734375,0.4986111111111111,single
videos/ML52jXyFltw_0_00.mp4,0.0,0.45,0.4583333333333333,single
videos/MLNUAH0Nc5w_00.mp4,6.308,0.2864583333333333,0.6986111111111111,t-bone
videos/MQI5ApNNZPI_00.mp4,3.85,0.31875,0.4979166666666667,rear-end
videos/MRyEislt23s_00.mp4,0.0,0.45,0.5486111111111112,single
videos/MTOPgMW9aIg_00.mp4,2.975,0.49936868686868685,0.19074074074074074,rear-end
videos/MTxBv0i8B8w_00.mp4,7.933,0.3734375,0.8069444444444445,t-bone
videos/MXO-t9vukaM_00.mp4,3.058,0.31796875,0.2861111111111111,rear-end
videos/MXoQL7GPBts_00.mp4,4.475,0.44921875,0.3194444444444444,t-bone
videos/Mem77KKhF8c_00.mp4,1.292,0.07196969696969698,0.6791666666666667,rear-end
videos/MenTH2yFi6c_00.mp4,8.225,0.2635416666666667,0.9833333333333333,rear-end
videos/Mk3DdsuI71U_00.mp4,1.292,0.2638888888888889,0.4986111111111111,rear-end
videos/MruMFUBosJU_00.mp4,3.225,0.45625,0.6990740740740741,single
videos/MsQns-Oy-hk_00.mp4,4.767,0.11458333333333333,0.37592592592592594,t-bone
videos/MsQns-Oy-hk_01.mp4,2.267,0.22447916666666667,0.29907407407407405,t-bone
videos/MsQns-Oy-hk_02.mp4,0.333,0.23697916666666666,0.2861111111111111,t-bone
videos/Mujpcz6MX4g_00.mp4,4.725,0.64375,0.7763888888888889,t-bone
videos/MvV_hkztDqE_00.mp4,14.204,0.4234375,0.38472222222222224,single
videos/MxiC2UdOzE8_0_00.mp4,9.433,0.190625,0.3541666666666667,rear-end
videos/Mz3oLId8I5Y_00.mp4,0.75,0.5489583333333333,0.7847222222222222,rear-end
videos/Mzuyrdg3hxY_00.mp4,0.0,0.45,0.5361111111111111,single
videos/N6zJ2inqJn0_0_00.mp4,6.808,0.58125,0.4986111111111111,t-bone
videos/N6zJ2inqJn0_1_00.mp4,1.892,0.64375,0.4986111111111111,t-bone
videos/N6zJ2inqJn0_2_00.mp4,2.35,0.171875,0.4986111111111111,t-bone
videos/N6zJ2inqJn0_3_00.mp4,2.975,0.58125,0.31805555555555554,head-on
videos/N8kPF4qITIM_00.mp4,0.0,0.49921875,0.6986111111111111,rear-end
videos/NDkAFTqHLzo_00.mp4,7.692,0.49947916666666664,0.41944444444444445,single
videos/NF5q7ye97l0_00.mp4,4.642,0.14765625,0.11388888888888889,rear-end
videos/NHOOHKL_z8s_00.mp4,2.933,0.6125,0.4986111111111111,t-bone
videos/NIwmS3dbHY0_00.mp4,2.642,0.44921875,0.5486111111111112,rear-end
videos/NJvjYUBWAc0_00.mp4,6.28,0.6229508196721312,0.4973958333333333,single
videos/NKA8MgHBw5A_00.mp4,2.856,0.5493055555555556,0.49907407407407406,single
videos/NQXpqL8dL8s_00.mp4,3.173,0.49895833333333334,0.2986111111111111,single
videos/NTMLhz_KdXo_00.mp4,2.475,0.49921875,0.3541666666666667,t-bone
videos/NW8ZJK5zv_M_00.mp4,0.0,0.2993827160493827,0.49907407407407406,single
videos/NXGMpjaYFsw_00.mp4,6.356,0.43645833333333334,0.4986111111111111,single
videos/NaRgSBNtbFY_00.mp4,5.183,0.7526041666666666,0.43703703703703706,rear-end
videos/NbRmwSIXDzw_00.mp4,3.6,0.8625,0.8069444444444445,rear-end
videos/NcksItQU_i0_00.mp4,17.308,0.11484375,0.8416666666666667,single
videos/NdGEyXh1tqA_00.mp4,1.975,0.625,0.4986111111111111,single
videos/NdXcu0X1nH8_00.mp4,2.058,0.31953125,0.8069444444444445,single
videos/NeOMWr9b_7I_00.mp4,1.975,0.3547979797979798,0.6435185185185185,rear-end
videos/NfK10cGdiFw_00.mp4,4.433,0.4484777517564403,0.4453125,rear-end
videos/NhVQ26Tutwg_00.mp4,3.017,0.5861111111111111,0.6,single
videos/NjK1CBPb0tY_00.mp4,3.267,0.5,0.49907407407407406,t-bone
videos/Nlb0EeukIEQ_00.mp4,1.333,0.6802083333333333,0.3194444444444444,rear-end
videos/NmExQpJsyOA_00.mp4,0.0,0.29921875,0.4986111111111111,single
videos/Nn10f6awuTk_00.mp4,24.082,0.7525,0.562037037037037,rear-end
videos/NpV7pI8k-SQ_00.mp4,5.35,0.2869791666666667,0.7527777777777778,single
videos/Ns30XeulhHo_00.mp4,6.225,0.5619791666666667,0.6796296296296296,single
videos/Ns30XeulhHo_01.mp4,0.5,0.5817708333333333,0.49907407407407406,sideswipe
videos/Ns30XeulhHo_02.mp4,1.292,0.29270833333333335,0.19074074074074074,single
videos/Ns30XeulhHo_03.mp4,1.667,0.33697916666666666,0.3194444444444444,single
videos/Ns30XeulhHo_04.mp4,3.475,0.5494791666666666,0.11388888888888889,sideswipe
videos/Ns30XeulhHo_05.mp4,0.0,0.5859375,0.21296296296296297,single
videos/NuLbMFaj3Lk_00.mp4,6.725,0.43671875,0.6430555555555556,single
videos/NxY_zN9UWqA_00.mp4,3.892,0.44895833333333335,0.8513888888888889,single
videos/NyKEneNoK54_00.mp4,0.917,0.31875,0.8069444444444445,rear-end
videos/O0_rWZB5-xM_00.mp4,6.183,0.80859375,0.4986111111111111,rear-end
videos/O0v2MBUkTGk_00.mp4,6.183,0.75234375,0.4986111111111111,rear-end
videos/O1AHOHWpTv8_00.mp4,5.35,0.43697916666666664,0.49907407407407406,rear-end
videos/O4eKyRwAKXQ_00.mp4,6.517,0.49895833333333334,0.4986111111111111,rear-end
videos/O8x8fTbKfQo_00.mp4,4.1,0.2635416666666667,0.7486111111111111,single
videos/OBYOHYWB8XE_00.mp4,3.517,0.6796875,0.4986111111111111,t-bone
videos/ODXaUnji7LI_00.mp4,7.216,0.3546875,0.19027777777777777,single
videos/OIbLSlLL47A_00.mp4,5.35,0.47578125,0.7361111111111112,single
videos/OJkIuYwVcHA_00.mp4,6.225,0.190625,0.6791666666666667,t-bone
videos/OJvzrl3xheI_00.mp4,5.774,0.6796296296296296,0.4486111111111111,single
videos/OKlebmp3c0M_00.mp4,8.023,0.221875,0.2861111111111111,t-bone
videos/OMjHjaMBzus_00.mp4,9.308,0.88515625,0.6986111111111111,rear-end
videos/OPrn1pj3g5M_00.mp4,10.481,0.11458333333333333,0.35462962962962963,rear-end
videos/OXVXsdDT9QQ_00.mp4,1.0,0.49947916666666664,0.49907407407407406,t-bone
videos/OY5bWBGoSwc_00.mp4,2.808,0.221875,0.43703703703703706,rear-end
videos/O_WaBEjEV2Y_00.mp4,10.475,0.065625,0.7486111111111111,single
videos/OaB8oFL1uKY_00.mp4,5.85,0.49936868686868685,0.25,single
videos/OcSiHrgFRNs_00.mp4,25.169,0.578125,0.49583333333333335,single
videos/OdgIl355A80_00.mp4,4.267,0.44886363636363635,0.3541666666666667,rear-end
videos/OehnhIPFm4Q_00.mp4,0.0,0.2994791666666667,0.29907407407407405,rear-end
videos/OehnhIPFm4Q_01.mp4,2.225,0.5817708333333333,0.2212962962962963,single
videos/OehnhIPFm4Q_02.mp4,3.975,0.41770833333333335,0.562037037037037,single
videos/OehnhIPFm4Q_03.mp4,4.392,0.49947916666666664,0.6796296296296296,rear-end
videos/OehnhIPFm4Q_04.mp4,6.017,0.29270833333333335,0.49907407407407406,rear-end
videos/OjjbNRuOJhc_00.mp4,4.767,0.7625,0.4986111111111111,t-bone
videos/OjjbNRuOJhc_01.mp4,5.121,0.56171875,0.24583333333333332,sideswipe
videos/OjosPgV4Lss_00.mp4,6.583,0.64375,0.4986111111111111,single
videos/Ok6RsksG3fY_00.mp4,3.267,0.5489583333333333,0.2861111111111111,rear-end
videos/Okrusfvcpt8_00.mp4,3.267,0.77734375,0.4486111111111111,single
videos/OlkuOuXVfQ8_00.mp4,2.767,0.625,0.5814814814814815,rear-end
videos/OlyJb8yf1dI_00.mp4,8.35,0.35555555555555557,0.49907407407407406,rear-end
videos/OmriwRCPF7M_00.mp4,12.35,0.7358024691358025,0.22407407407407406,single
videos/OoflvRjRL_Q_00.mp4,3.35,0.5814393939393939,0.8069444444444445,t-bone
videos/OrX9GrUmLy0_00.mp4,5.024,0.375,0.6986111111111111,single
videos/Ov8CuX37yeo_00.mp4,4.433,0.35520833333333335,0.35462962962962963,single
videos/P1CKuvV6ma4_00.mp4,4.142,0.49895833333333334,0.2986111111111111,rear-end
videos/P4oEdSFJvfU_00.mp4,0.542,0.29907407407407405,0.4986111111111111,rear-end
videos/P74ieG--On8_00.mp4,0.667,0.68,0.5814814814814815,rear-end
videos/P7BOK9E4kS8_00.mp4,7.19,0.35511363636363635,0.4986111111111111,rear-end
videos/P9JZFMr8NeQ_00.mp4,16.142,0.37447916666666664,0.49907407407407406,single
videos/PAStSUrr8h0_00.mp4,1.625,0.734375,0.2638888888888889,t-bone
videos/PAuYsJns-Fc_00.mp4,10.736,0.9265625,0.9259259259259259,single
videos/PD-N1gMJNXg_00.mp4,22.787,0.17083333333333334,0.6,single
videos/PF5pVn8N9wA_11_00.mp4,0.917,0.49921875,0.3194444444444444,t-bone
videos/PI75_k43UTI_00.mp4,2.6,0.44886363636363635,0.6777777777777778,rear-end
videos/PIcPcm3xtX8_00.mp4,0.0,0.46145833333333336,0.2986111111111111,single
videos/PNXLwYc7TFo_00.mp4,7.4,0.49921875,0.41944444444444445,single
videos/PQHiBa179Ew_00.mp4,5.517,0.58125,0.7847222222222222,t-bone
videos/PVYTq0m-OR0_00.mp4,7.683,0.49921875,0.7847222222222222,rear-end
videos/PW_hCnmtgf4_00.mp4,3.35,0.26328125,0.19027777777777777,t-bone
videos/PYeSHbpGyn4_00.mp4,9.183,0.6614583333333334,0.2625,single
videos/PaOMI4lZ7UI_00.mp4,3.142,0.49947916666666664,0.8074074074074075,t-bone
videos/Pd6Ii4dcaUg_00.mp4,6.571,0.5816666666666667,0.6796296296296296,t-bone
videos/PgdU-LSKlZU_00.mp4,5.183,0.6438271604938272,0.49907407407407406,t-bone
videos/Pjuu3TEEonY_00.mp4,4.517,0.19135802469135801,0.11388888888888889,rear-end
videos/PoPhUbkrq9g_00.mp4,0.167,0.44921875,0.15694444444444444,t-bone
videos/Pv0z5OwmK-Y_00.mp4,5.6,0.41790123456790124,0.8074074074074075,rear-end
videos/PxRDOMjsbE8_00.mp4,4.607,0.1903409090909091,0.4986111111111111,single
videos/PyYCjM8tvSY_00.mp4,2.933,0.35462962962962963,0.5611111111111111,t-bone
videos/Q5YnuRI6QSM_00.mp4,5.225,0.23671875,0.4986111111111111,t-bone
videos/Q72Ly8rGtnc_00.mp4,18.406,0.9259259259259259,0.7527777777777778,t-bone
videos/Q90j5Irrj9g_00.mp4,15.1,0.49921875,0.3972222222222222,rear-end
videos/QB42gU5X634_00.mp4,4.267,0.5494791666666666,0.6990740740740741,rear-end
videos/QE6eIgOY5v8_00.mp4,0.833,0.309375,0.7361111111111112,single
videos/QE7qzpppF2c_00.mp4,6.267,0.31953125,0.8847222222222222,rear-end
videos/QGE0dV-iaSY_00.mp4,0.417,0.8078125,0.49907407407407406,single
videos/QGey_zj5Cms_00.mp4,1.725,0.35520833333333335,0.49907407407407406,single
videos/QJYDZ1PBiYQ_00.mp4,3.683,0.49947916666666664,0.8074074074074075,t-bone
videos/QQ3MyzcyOL4_00.mp4,2.683,0.49936868686868685,0.8074074074074075,rear-end
videos/QSPGXxzUXVs_00.mp4,11.565,0.7850378787878788,0.3486111111111111,t-bone
videos/QUvymz7GOQc_00.mp4,4.35,0.75234375,0.5611111111111111,single
videos/QX2MmlSq2AQ_00.mp4,1.667,0.6231060606060606,0.6787037037037037,rear-end
videos/QaJHRtPAQRE_00.mp4,3.725,0.4354166666666667,0.8037037037037037,t-bone
videos/QbTAfMWdSN0_00.mp4,9.11,0.3541666666666667,0.4986111111111111,t-bone
videos/Qbgh3C8ew2o_00.mp4,5.225,0.4943181818181818,0.49583333333333335,t-bone
videos/QeZz4_zmy1I_00.mp4,1.292,0.11363636363636363,0.7361111111111112,rear-end
videos/QfHs3610Fw4_00.mp4,10.648,0.14722222222222223,0.7847222222222222,single
videos/QfxL7R00yJE_00.mp4,0.0,0.54375,0.5361111111111111,single
videos/Qi7voHChFxk_00.mp4,2.017,0.2638888888888889,0.4375,single
videos/QiPUrCmw4xk_00.mp4,7.1,0.49921875,0.06388888888888888,t-bone
videos/QiRF34ZCDBo_00.mp4,11.489,0.49947916666666664,0.4935185185185185,rear-end
videos/QiRO0xdhcdY_00.mp4,8.392,0.5814393939393939,0.6990740740740741,rear-end
videos/QmNsR_29zIs_00.mp4,1.583,0.4993827160493827,0.21296296296296297,t-bone
videos/QnEqrBCB7Ak_00.mp4,3.35,0.41759259259259257,0.6430555555555556,t-bone
videos/QrKQoabj12w_00.mp4,3.517,0.8083333333333333,0.7486111111111111,single
videos/QtrYFnbDjeQ_00.mp4,7.392,0.2989583333333333,0.39305555555555555,rear-end
videos/QwFFfl2CNUY_00.mp4,0.0,0.6125,0.6986111111111111,rear-end
videos/QyRcmm87rJ8_00.mp4,5.642,0.4375,0.3541666666666667,t-bone
videos/R29vBQmDFq4_00.mp4,7.683,0.12215909090909091,0.4986111111111111,single
videos/R69Y-qYAuis_00.mp4,6.058,0.49921875,0.4986111111111111,single
videos/R8HeYWy2-HI_00.mp4,0.0,0.6125,0.5847222222222223,single
videos/R9r3my7Q7po_00.mp4,4.194,0.80625,0.5481481481481482,t-bone
videos/R9u_i3M7YYA_00.mp4,20.309,0.5,0.44166666666666665,rear-end
videos/RBriQvW6fa4_00.mp4,19.392,0.69921875,0.6,single
videos/RBxSM1800xg_00.mp4,24.016,0.65,0.9555555555555556,single
videos/RHwcGsU3d08_00.mp4,4.433,0.49895833333333334,0.3541666666666667,rear-end
videos/RJWAkvcho-k_00.mp4,2.725,0.49921875,0.3541666666666667,t-bone
videos/RK-Btjd1oXs_00.mp4,10.492,0.43686868686868685,0.19074074074074074,t-bone
videos/RKxTyn2z-QQ_00.mp4,9.107,0.04375,0.8041666666666667,single
videos/RTPo9EzJ2q4_00.mp4,0.0,0.80703125,0.7527777777777778,single
videos/RWbYqk_RtSE_00.mp4,0.0,0.49895833333333334,0.33611111111111114,single
videos/RcjhhMTuVSs_00.mp4,2.725,0.49921875,0.3541666666666667,t-bone
videos/RmsH7RavMYM_00.mp4,5.017,0.49921875,0.3541666666666667,t-bone
videos/Rnip1LReTsg_00.mp4,9.482,0.19140625,0.4930555555555556,single
videos/RoaPLskRqF8_00.mp4,6.475,0.35520833333333335,0.6435185185185185,t-bone
videos/RokQ01Hx_Fg_00.mp4,7.606,0.44895833333333335,0.7319444444444444,single
videos/RpeH9OruLwI_00.mp4,0.833,0.49921875,0.31805555555555554,t-bone
videos/Rph4qz-nnAY_00.mp4,0.975,0.6625,0.39351851851851855,single
videos/Rsl5cRsKZQ8_00.mp4,5.284,0.3547979797979798,0.49907407407407406,rear-end
videos/Ru94OqVK6Rs_00.mp4,5.683,0.6796875,0.6791666666666667,single
videos/RyBUzrZQ0Bc_00.mp4,5.017,0.36666666666666664,0.5847222222222223,single
videos/S166sr07mgA_00.mp4,4.058,0.1359375,0.7527777777777778,rear-end
videos/S4pRVJ-We44_00.mp4,0.0,0.5491803278688525,0.6979166666666666,single
videos/S5EyvIwUUU0_00.mp4,8.1,0.2657828282828283,0.33611111111111114,t-bone
videos/S7Wa2Cag7ik_00.mp4,10.065,0.49907407407407406,0.4125,single
videos/SA_ZC0qlqdg_00.mp4,9.642,0.6993827160493827,0.49907407407407406,rear-end
videos/SBIUNqe_XTk_00.mp4,5.467,0.8083333333333333,0.65,single
videos/SBTD7z4A1y8_00.mp4,1.625,0.6802083333333333,0.8074074074074075,t-bone
videos/SCrgYtvPgzY_00.mp4,4.642,0.7859375,0.3972222222222222,single
videos/SDYTt7CqbTE_00.mp4,7.173,0.6055555555555555,0.38472222222222224,t-bone
videos/SFQKAmwf-3g_00.mp4,5.6,0.31796875,0.5819444444444445,single
videos/SH93O7eHV08_00.mp4,11.19,0.7353629976580797,0.58125,single
videos/SMqZ9jI9TOE_00.mp4,4.058,0.31851851851851853,0.19027777777777777,t-bone
videos/SPC9zwYFzdI_00.mp4,6.225,0.6796875,0.5819444444444445,rear-end
videos/SS38UP-0QnU_00.mp4,1.642,0.75234375,0.5611111111111111,single
videos/SUK79gpopL0_00.mp4,0.5,0.49921875,0.3541666666666667,single
videos/SUjTl7OifoA_00.mp4,4.975,0.6802083333333333,0.43703703703703706,rear-end
videos/SVcqRcsvGak_00.mp4,4.892,0.4166666666666667,0.4986111111111111,single
videos/SWAI7FYPhjc_00.mp4,15.475,0.28671875,0.9555555555555556,single
videos/SX6WrzujsNg_00.mp4,1.667,0.5487654320987654,0.39351851851851855,single
videos/SYBMrPb8-3Y_00.mp4,8.281,0.2125,0.3194444444444444,rear-end
videos/SZA0u7rLVL4_00.mp4,9.517,0.37583333333333335,0.35462962962962963,sideswipe
videos/S_HTEVMQK5g_00.mp4,0.0,0.3487654320987654,0.462037037037037,single
videos/Sb3SaOYjrrs_00.mp4,2.1,0.31796875,0.4986111111111111,t-bone
videos/SdeaEkrudys_00.mp4,9.017,0.4995833333333333,0.8074074074074075,t-bone
videos/Sm-U6h1VUYQ_00.mp4,9.967,0.6434659090909091,0.4354166666666667,t-bone
videos/Sp7P1vH_ThU_00.mp4,13.85,0.49375,0.14722222222222223,rear-end
videos/SpJiUTZO9Qg_00.mp4,4.642,0.071875,0.9263888888888889,rear-end
videos/Sq5i3O5yoAY_00.mp4,4.933,0.15673981191222572,0.8833333333333333,single
videos/SrbylylFcsg_2_00.mp4,0.5,0.49796747967479676,0.5472222222222223,t-bone
videos/Sv7nUzdTUDo_00.mp4,3.783,0.37583333333333335,0.7324074074074074,rear-end
videos/SvX1Ifafid0_00.mp4,2.142,0.2125,0.5416666666666666,rear-end
videos/T0Rkm2Q2e2k_00.mp4,4.225,0.49936868686868685,0.49907407407407406,t-bone
videos/T1WbCBVGCHg_0_00.mp4,6.558,0.190625,0.4986111111111111,rear-end
videos/T1WbCBVGCHg_12_00.mp4,6.122,0.66171875,0.3194444444444444,single
videos/T1WbCBVGCHg_4_00.mp4,3.85,0.64375,0.4375,single
videos/T1WbCBVGCHg_8_00.mp4,8.205,0.3546875,0.6430555555555556,rear-end
videos/T1g7fA6Ad-g_00.mp4,0.583,0.6802469135802469,0.37592592592592594,rear-end
videos/T24gWiWxbZs_00.mp4,2.558,0.14765625,0.6986111111111111,t-bone
videos/T4luKRj7Mhg_00.mp4,5.267,0.4427083333333333,0.3851851851851852,single
videos/T5396f4sJ5w_00.mp4,11.454,0.5492424242424242,0.5486111111111112,single
videos/T5TGAD7ygY8_00.mp4,3.642,0.5619791666666667,0.43703703703703706,rear-end
videos/T636miXHz3U_00.mp4,5.142,0.121875,0.43703703703703706,single
videos/TAx0an0Jo84_00.mp4,5.35,0.8074074074074075,0.375,single
videos/TDlmnB9JOHk_00.mp4,7.281,0.45546875,0.38472222222222224,rear-end
videos/THjJUsS8MXk_00.mp4,7.517,0.44938271604938274,0.6796296296296296,single
videos/TLjDFutg8mI_00.mp4,2.267,0.4375,0.8842592592592593,single
videos/TPVutn4rHsU_00.mp4,2.667,0.2861111111111111,0.8069444444444445,single
videos/TSHPa6dU_yo_00.mp4,0.0,0.6229166666666667,0.4986111111111111,t-bone
videos/TWCg8QXjraw_00.mp4,4.767,0.49895833333333334,0.6430555555555556,rear-end
videos/TXZfPbiopOE_00.mp4,4.725,0.49921875,0.8069444444444445,sideswipe
videos/TY8UXgpfBzU_00.mp4,14.679,0.4479166666666667,0.4979166666666667,rear-end
videos/T_MwU0oQIBs_0_00.mp4,1.767,0.11484375,0.3194444444444444,head-on
videos/TahWBItdUvQ_00.mp4,3.517,0.44921875,0.11388888888888889,t-bone
videos/Tb4q9PqHXRc_00.mp4,3.767,0.5492424242424242,0.6777777777777778,rear-end
videos/Tbl7dpfeXl8_00.mp4,16.517,0.49375,0.825,sideswipe
videos/Tfc5ixuHl3E_00.mp4,6.725,0.49921875,0.4986111111111111,rear-end
videos/Th2EbZpLkrk_00.mp4,9.017,0.6505208333333333,0.33611111111111114,single
videos/TilBcBFe1gc_00.mp4,4.933,0.31796875,0.6791666666666667,t-bone
videos/TizK5BENdVg_00.mp4,4.683,0.36640625,0.4986111111111111,single
videos/Tk2ebvISDlk_00.mp4,2.225,0.3484375,0.4486111111111111,single
videos/TqwcLiIQq3A_3_00.mp4,57.99,0.4979166666666667,0.2611111111111111,rear-end
videos/TthKPyywzu8_00.mp4,5.017,0.4987684729064039,0.31851851851851853,t-bone
videos/TvOF9UpguyM_00.mp4,4.517,0.58125,0.5819444444444445,single
videos/TvPX5q1VvE0_0_00.mp4,4.517,0.58125,0.5611111111111111,t-bone
videos/TvdgqAnb3QM_00.mp4,5.183,0.44895833333333335,0.6125,sideswipe
videos/TwHVVK-smoQ_00.mp4,2.017,0.6625,0.6314814814814815,single
videos/Tx7F-6IsLCU_00.mp4,3.267,0.7354166666666667,0.7527777777777778,rear-end
videos/Tzh_MXLofUI_00.mp4,14.781,0.6989583333333333,0.6986111111111111,single
videos/U46ElqUKa_4_00.mp4,24.959,0.2625,0.6990740740740741,rear-end
videos/U53oza5hHEM_00.mp4,1.375,0.64375,0.2861111111111111,rear-end
videos/U9lXW10TLQw_00.mp4,8.017,0.31796875,0.5611111111111111,single
videos/UCNyjybsbiU_00.mp4,2.183,0.19114583333333332,0.6796296296296296,single
videos/UEXRGvWNta8_0_00.mp4,4.142,0.6796875,0.6791666666666667,t-bone
videos/UH2j4IrB2Sg_00.mp4,2.267,0.49895833333333334,0.6430555555555556,single
videos/UUZr6xfWXPg_00.mp4,7.808,0.9261363636363636,0.19074074074074074,rear-end
videos/UWgxylOwa5M_00.mp4,4.517,0.31875,0.8069444444444445,single
videos/UY6g1DtnlGE_00.mp4,0.0,0.33645833333333336,0.2125,single
videos/UZmfc00aSSQ_00.mp4,3.35,0.8079166666666666,0.6435185185185185,rear-end
videos/UarP8qU1S-c_00.mp4,8.866,0.5497395833333333,0.25046296296296294,single
videos/UarP8qU1S-c_01.mp4,2.517,0.49973958333333335,0.562037037037037,single
videos/Uc85umAPCc0_00.mp4,3.475,0.190625,0.6791666666666667,rear-end
videos/UcJKeuDYOzc_12_00.mp4,1.625,0.6622222222222223,0.3194444444444444,t-bone
videos/UcJKeuDYOzc_15_00.mp4,6.892,0.7111111111111111,0.2972222222222222,rear-end
videos/UcJKeuDYOzc_16_00.mp4,5.892,0.39111111111111113,0.18888888888888888,t-bone
videos/UcJKeuDYOzc_19_00.mp4,3.642,0.29777777777777775,0.5972222222222222,rear-end
videos/UcJKeuDYOzc_3_00.mp4,0.083,0.5,0.5,single
videos/UcJKeuDYOzc_4_00.mp4,2.1,0.35333333333333333,0.5,t-bone
videos/UcJKeuDYOzc_6_00.mp4,10.392,0.68,0.35555555555555557,rear-end
videos/UcJKeuDYOzc_8_00.mp4,3.933,0.49777777777777776,0.5472222222222223,t-bone
videos/UcJKeuDYOzc_9_00.mp4,5.683,0.6422222222222222,0.44722222222222224,single
videos/Uf-KkS36dZg_00.mp4,3.183,0.4234375,0.5486111111111112,single
videos/UjEFjnXKXXc_00.mp4,3.767,0.4759259259259259,0.2986111111111111,t-bone
videos/UjwqemSQkbQ_00.mp4,3.642,0.58125,0.7361111111111112,t-bone
videos/UntkxMpwFSY_00.mp4,14.517,0.49921875,0.6791666666666667,single
videos/Urin3yuptr8_00.mp4,1.083,0.9259259259259259,0.4986111111111111,single
videos/UrmfisD-cpk_00.mp4,7.683,0.43671875,0.8069444444444445,single
videos/V0iWmOFca7w_4_00.mp4,18.987,0.28671875,0.4986111111111111,t-bone
videos/V3oNEkBwP7M_00.mp4,13.383,0.4759259259259259,0.262037037037037,rear-end
videos/V57SWCl2WTc_00.mp4,4.767,0.8076388888888889,0.8074074074074075,single
videos/V9uox3MIVrA_00.mp4,4.433,0.5615530303030303,0.4986111111111111,single
videos/VLYIKXy1gzg_00.mp4,2.475,0.64375,0.8069444444444445,t-bone
videos/VMOqX7S4IVU_00.mp4,12.614,0.5814814814814815,0.8069444444444445,rear-end
videos/VObOhcls5kI_00.mp4,3.315,0.2635416666666667,0.6791666666666667,single
videos/VRayIckJrBs_00.mp4,0.0,0.2125,0.6986111111111111,single
videos/VSNqivMhWnM_00.mp4,7.517,0.43671875,0.4986111111111111,sideswipe
videos/VVgQuJDBIfU_00.mp4,6.475,0.31796875,0.6791666666666667,single
videos/VVgQuJDBIfU_01.mp4,5.683,0.3546875,0.4486111111111111,t-bone
videos/VXFyQ2zekTg_00.mp4,1.667,0.7526041666666666,0.8629629629629629,single
videos/VXuNX_OYkig_00.mp4,2.1,0.5,0.6787037037037037,t-bone
videos/V_2hATv3LNY_00.mp4,19.194,0.49936868686868685,0.6435185185185185,sideswipe
videos/VbJ0P0Ranrw_00.mp4,0.0,0.31796875,0.3541666666666667,single
videos/Vh13EbZJAiA_00.mp4,10.808,0.4993827160493827,0.21296296296296297,rear-end
videos/Vk8h0fpJgcs_00.mp4,4.933,0.11458333333333333,0.8842592592592593,rear-end
videos/VozrseCzhQc_00.mp4,5.433,0.6625,0.5486111111111112,single
videos/VpQn6ugiG1M_00.mp4,4.142,0.31979166666666664,0.6787037037037037,rear-end
videos/VpSREWsYWgY_00.mp4,4.183,0.13541666666666666,0.9263888888888889,single
videos/VsJNApu-LP4_00.mp4,6.017,0.92578125,0.5819444444444445,rear-end
videos/Vtp5G_Z5BZQ_00.mp4,0.35,0.11458333333333333,0.29907407407407405,single
videos/Vtp5G_Z5BZQ_01.mp4,2.308,0.19114583333333332,0.562037037037037,rear-end
videos/VxcFvNWTn6M_00.mp4,5.1,0.6619318181818182,0.4986111111111111,single
videos/W0KJ7kxqtQo_00.mp4,3.725,0.64375,0.5819444444444445,t-bone
videos/W0qpYlyc-Ws_00.mp4,1.25,0.2869791666666667,0.9259259259259259,single
videos/W1YnYuUFxwg_00.mp4,8.1,0.35511363636363635,0.4375,t-bone
videos/W1hVOBEgpJA_00.mp4,13.795,0.7354166666666667,0.8074074074074075,rear-end
videos/W5YikE19nkc_00.mp4,5.058,0.4993827160493827,0.11388888888888889,t-bone
videos/W6JG5xVIEHs_00.mp4,13.558,0.38580246913580246,0.49907407407407406,single
videos/W8B8zo8IFPg_00.mp4,1.75,0.43645833333333334,0.4166666666666667,t-bone
videos/WA6hL9bRnNs_00.mp4,0.0,0.49921875,0.6222222222222222,single
videos/WDKy_7gwkwI_00.mp4,3.183,0.80703125,0.8069444444444445,single
videos/WFPy6Jpx5iE_00.mp4,5.85,0.49907407407407406,0.4986111111111111,t-bone
videos/WR1xUm9CjqY_00.mp4,2.167,0.7859848484848485,0.49907407407407406,rear-end
videos/WTz4apKhaQY_00.mp4,2.85,0.625,0.3194444444444444,single
videos/WXUOlgOESJ4_00.mp4,12.447,0.37578125,0.6041666666666666,single
videos/WYG0XT9hzQA_00.mp4,8.642,0.56171875,0.4986111111111111,t-bone
videos/WagIvmw1jcI_00.mp4,5.85,0.50546875,0.7486111111111111,rear-end
videos/WagIvmw1jcI_01.mp4,2.267,0.29921875,0.5486111111111112,single
videos/WbLH4FMzHeo_00.mp4,5.121,0.43645833333333334,0.4486111111111111,single
videos/WcZTk9VxOJo_00.mp4,2.642,0.49895833333333334,0.8069444444444445,t-bone
videos/WeNSWeu3fe4_00.mp4,1.85,0.190625,0.8069444444444445,single
videos/WgD4Rf1J8P4_00.mp4,6.642,0.7524691358024691,0.8074074074074075,t-bone
videos/WiX5bXnWtXg_00.mp4,1.417,0.12215909090909091,0.4986111111111111,rear-end
videos/WigzRPlpVlQ_00.mp4,0.5,0.5,0.49907407407407406,rear-end
videos/WouBHgQJBM4_00.mp4,1.75,0.3546875,0.4986111111111111,t-bone
videos/WqO5068PPhA_00.mp4,17.558,0.6234375,0.8847222222222222,rear-end
videos/WroDrfySdmc_00.mp4,3.767,0.6791666666666667,0.4986111111111111,t-bone
videos/Wuq6RfJ-yPY_00.mp4,3.017,0.49947916666666664,0.8074074074074075,single
videos/WvBtraA2jsA_00.mp4,16.767,0.5572916666666666,0.33611111111111114,rear-end
videos/WyJmpozauFo_00.mp4,0.0,0.3188131313131313,0.7490740740740741,single
videos/X-S19mWQG9s_00.mp4,0.0,0.3984375,0.2986111111111111,single
videos/X09_GoSwRR0_00.mp4,24.633,0.49947916666666664,0.35462962962962963,t-bone
videos/X0SCL-_zJ3o_00.mp4,12.433,0.4990530303030303,0.4986111111111111,single
videos/X0xzhXbBngE_00.mp4,2.1,0.190625,0.8069444444444445,t-bone
videos/X59Tadp1bjg_00.mp4,6.482,0.3352272727272727,0.4375,single
videos/X5RwksTFZW8_00.mp4,1.167,0.80703125,0.7527777777777778,single
videos/X6sdr4NzEdU_00.mp4,1.0,0.07265625,0.4986111111111111,t-bone
videos/X8JXbRxpKk0_00.mp4,4.683,0.265625,0.7319444444444444,single
videos/X9mDWoU5gq0_00.mp4,2.642,0.35511363636363635,0.4986111111111111,rear-end
videos/XAxaY7MPnms_00.mp4,0.0,0.63125,0.8333333333333334,single
videos/XBOz63PuSvE_00.mp4,9.225,0.31796875,0.4375,single
videos/XESYC4RcqGQ_00.mp4,4.933,0.31796875,0.5611111111111111,rear-end
videos/XESYC4RcqGQ_01.mp4,9.533,0.3546875,0.4986111111111111,rear-end
videos/XESYC4RcqGQ_02.mp4,5.183,0.64375,0.12083333333333333,single
videos/XESYC4RcqGQ_03.mp4,4.683,0.49921875,0.4486111111111111,t-bone
videos/XESYC4RcqGQ_04.mp4,4.267,0.4171875,0.4986111111111111,t-bone
videos/XGmx0mhtM_A_00.mp4,6.933,0.19074074074074074,0.3541666666666667,single
videos/XI9xhHUOo5o_00.mp4,1.375,0.6322916666666667,0.30925925925925923,rear-end
videos/XLGAfvkvHO0_00.mp4,2.392,0.8072916666666666,0.6791666666666667,single
videos/XOA5P6Ph6kY_00.mp4,3.6,0.5625,0.7064814814814815,single
videos/XOIVTT7Fn9U_00.mp4,7.433,0.49921875,0.31805555555555554,single
videos/XPErIB4xgYg_00.mp4,7.225,0.64375,0.31805555555555554,rear-end
videos/XPqOWbSVgbk_00.mp4,14.315,0.5427083333333333,0.6986111111111111,rear-end
videos/XSgpMS9s9B8_00.mp4,2.1,0.39861111111111114,0.8074074074074075,single
videos/XSgpMS9s9B8_01.mp4,13.567,0.45625,0.8407407407407408,single
videos/XTAIiEEE8dU_00.mp4,17.038,0.3854166666666667,0.37777777777777777,rear-end
videos/XaN99SF-mAo_00.mp4,19.767,0.66171875,0.5763888888888888,single
videos/XaqA-uzqeNc_00.mp4,2.35,0.35462962962962963,0.5611111111111111,single
videos/Xb0mQCFP8_o_00.mp4,23.067,0.6993055555555555,0.6990740740740741,rear-end
videos/XbW5qJKc8O8_00.mp4,4.35,0.7528409090909091,0.6430555555555556,t-bone
videos/XdFylnj-1B4_00.mp4,0.083,0.37604166666666666,0.39351851851851855,single
videos/Xdpsr1GVl4U_00.mp4,6.267,0.6808712121212122,0.8263888888888888,t-bone
videos/Xe9CoVqpv9c_2_00.mp4,5.808,0.49921875,0.11388888888888889,rear-end
videos/XqNrTjSsGrg_00.mp4,4.308,0.19140625,0.4486111111111111,rear-end
videos/XtJodwSF_lQ_00.mp4,6.35,0.4558333333333333,0.6990740740740741,single
videos/Xu1KsH1j2iQ_11_00.mp4,6.604,0.2864583333333333,0.4986111111111111,single
videos/Xu1KsH1j2iQ_1_00.mp4,0.0,0.8083333333333333,0.38472222222222224,single
videos/Xu_5PuNK6Mc_00.mp4,1.583,0.3546875,0.9263888888888889,single
videos/Xy3P5EhdZ7k_00.mp4,6.642,0.7520833333333333,0.7333333333333333,t-bone
videos/Y0_pbJCqL6k_00.mp4,8.787,0.6791666666666667,0.22083333333333333,rear-end
videos/Y3OQspLTLok_00.mp4,4.183,0.44907407407407407,0.5819444444444445,rear-end
videos/Y4QHUzvOwwQ_00.mp4,13.114,0.17083333333333334,0.31805555555555554,rear-end
videos/Y5oIfasCYJM_00.mp4,1.0,0.49947916666666664,0.2861111111111111,rear-end
videos/YBr96os6PvE_00.mp4,11.568,0.3548009367681499,0.3541666666666667,single
videos/YD-7Fnztg_4_00.mp4,22.079,0.3541666666666667,0.8069444444444445,rear-end
videos/YDret7_VHUQ_00.mp4,2.1,0.49936868686868685,0.6796296296296296,t-bone
videos/YGBuLu9t4Ts_00.mp4,4.308,0.49947916666666664,0.49907407407407406,rear-end
videos/YObeSti3p2M_00.mp4,4.183,0.44947916666666665,0.35462962962962963,rear-end
videos/YP7fpPBpqis_00.mp4,5.6,0.31875,0.7851851851851852,single
videos/YQG_FvZM9pg_00.mp4,6.642,0.31953125,0.4486111111111111,rear-end
videos/YQxqeP2Q_-M_00.mp4,16.21,0.49895833333333334,0.17083333333333334,rear-end
videos/YTOvt3Ac1z4_0_00.mp4,9.517,0.190625,0.3541666666666667,rear-end
videos/YWFPaOR1CZc_00.mp4,13.025,0.3486111111111111,0.7361111111111112,single
videos/YXRvo8IOyUM_00.mp4,1.625,0.9260416666666667,0.4986111111111111,t-bone
videos/YXj8m_rAyaE_00.mp4,11.662,0.49921875,0.31805555555555554,rear-end
videos/YYgdkr0Qiw0_00.mp4,8.225,0.37578125,0.4986111111111111,t-bone
videos/YaMXFpSYjOk_00.mp4,0.0,0.26171875,0.33611111111111114,single
videos/Yf9mgizvxiE_00.mp4,1.35,0.26171875,0.6,single
videos/YhXaFioaBfI_00.mp4,13.85,0.2989583333333333,0.6,single
videos/YiQToVQInNw_00.mp4,2.517,0.37578125,0.6430555555555556,t-bone
videos/YigXRe0SDos_00.mp4,0.083,0.7369791666666666,0.6990740740740741,single
videos/YkEtYW_U1IY_00.mp4,2.267,0.31851851851851853,0.8069444444444445,single
videos/YkJBdoMtBfU_00.mp4,4.517,0.37604166666666666,0.4935185185185185,single
videos/YkJBdoMtBfU_01.mp4,5.6,0.5760416666666667,0.6,single
videos/YlhV3d6sFhY_00.mp4,10.398,0.80703125,0.8069444444444445,single
videos/Yllfxm5QxVE_00.mp4,14.683,0.6994791666666667,0.6990740740740741,sideswipe
videos/YmMM4JeUJJ0_00.mp4,0.5,0.25,0.15694444444444444,single
videos/YmswRbkR2YA_00.mp4,3.392,0.49921875,0.4986111111111111,rear-end
videos/YnYUC6nonG8_00.mp4,2.267,0.8513888888888889,0.37592592592592594,single
videos/YrKYYuQHW9M_00.mp4,10.944,0.58125,0.4986111111111111,t-bone
videos/YsyVUKTZgpo_00.mp4,1.375,0.31875,0.8074074074074075,rear-end
videos/YtKuNIcpvlY_0_00.mp4,9.215,0.190625,0.6430555555555556,single
videos/YueG1zLkV8o_00.mp4,1.625,0.6802083333333333,0.6435185185185185,rear-end
videos/YueG1zLkV8o_01.mp4,4.975,0.11458333333333333,0.11388888888888889,rear-end
videos/YueG1zLkV8o_02.mp4,5.35,0.49947916666666664,0.06481481481481481,single
videos/Ywhp-yEW60k_00.mp4,3.1,0.4171875,0.2638888888888889,t-bone
videos/YwqAnRgRntg_00.mp4,6.423,0.65,0.6625,single
videos/YyJF_uXryNs_00.mp4,3.933,0.6989583333333333,0.4986111111111111,rear-end
videos/YyJF_uXryNs_01.mp4,5.267,0.8333333333333334,0.4986111111111111,rear-end
videos/Z0GQkjeJ28s_00.mp4,4.392,0.4171875,0.5611111111111111,t-bone
videos/Z3VF85Ibvc8_00.mp4,5.433,0.8074074074074075,0.2861111111111111,t-bone
videos/Z3s9Wv38oRc_00.mp4,29.455,0.3546875,0.5819444444444445,t-bone
videos/Z4kg2Ev3vhk_00.mp4,23.35,0.37436868686868685,0.9740740740740741,single
videos/Z52L6jGdSkY_0_00.mp4,0.667,0.80703125,0.6791666666666667,t-bone
videos/Z52L6jGdSkY_10_00.mp4,2.642,0.80703125,0.4986111111111111,t-bone
videos/Z52L6jGdSkY_11_00.mp4,1.083,0.92578125,0.4986111111111111,t-bone
videos/Z52L6jGdSkY_12_00.mp4,2.183,0.80703125,0.4986111111111111,rear-end
videos/Z52L6jGdSkY_14_00.mp4,1.542,0.49921875,0.6430555555555556,t-bone
videos/Z52L6jGdSkY_15_00.mp4,2.183,0.80703125,0.4166666666666667,t-bone
videos/Z52L6jGdSkY_3_00.mp4,1.292,0.49921875,0.4486111111111111,t-bone
videos/Z52L6jGdSkY_6_00.mp4,1.0,0.6796875,0.4986111111111111,t-bone
videos/Z52L6jGdSkY_7_00.mp4,1.767,0.80703125,0.4166666666666667,rear-end
videos/Z52L6jGdSkY_8_00.mp4,1.083,0.49921875,0.4986111111111111,t-bone
videos/Z52L6jGdSkY_9_00.mp4,1.375,0.49921875,0.6430555555555556,t-bone
videos/ZAVsunMOapQ_00.mp4,14.031,0.6,0.6986111111111111,rear-end
videos/ZDbR2jCDXjM_00.mp4,0.0,0.5854166666666667,0.5847222222222223,single
videos/ZDiU58ZiXTk_00.mp4,5.503,0.49936868686868685,0.3194444444444444,rear-end
videos/ZFYfE3_Nz5o_00.mp4,9.614,0.5854166666666667,0.4986111111111111,single
videos/ZGDoRBiCxEA_00.mp4,10.569,0.43645833333333334,0.8069444444444445,rear-end
videos/ZQ4epUNXIYU_00.mp4,2.6,0.3541666666666667,0.31805555555555554,rear-end
videos/ZQOzzKybkTA_00.mp4,11.773,0.41759259259259257,0.6430555555555556,single
videos/ZQU-7hSIJ-s_00.mp4,5.725,0.67890625,0.5486111111111112,sideswipe
videos/ZSgfKfHNOb8_00.mp4,4.85,0.39299242424242425,0.4486111111111111,single
videos/ZTLYOhzf8Jw_00.mp4,4.225,0.5494791666666666,0.549074074074074,rear-end
videos/ZVFTg3X2Acc_00.mp4,3.6,0.4990530303030303,0.4375,t-bone
videos/ZZM8_m1ngcc_00.mp4,0.0,0.49895833333333334,0.4986111111111111,single
videos/Z_GJQ1KrRJw_00.mp4,18.017,0.4171875,0.4986111111111111,rear-end
videos/ZftLPdDo5K8_00.mp4,4.94,0.31875,0.4986111111111111,rear-end
videos/ZkHzHo_PvIM_00.mp4,2.225,0.24691358024691357,0.49907407407407406,t-bone
videos/ZoffyoNXhOo_00.mp4,10.271,0.39375,0.49907407407407406,single
videos/Zp5xCOo7DSE_00.mp4,0.0,0.31958333333333333,0.6435185185185185,single
videos/Zq0TjWFlXQI_00.mp4,24.871,0.49895833333333334,0.5611111111111111,single
videos/ZsPhpxb8OTM_00.mp4,13.725,0.28671875,0.6791666666666667,t-bone
videos/ZsVOhyuD0sQ_00.mp4,7.392,0.35555555555555557,0.35462962962962963,rear-end
videos/Zt2cNzpQIZc_00.mp4,3.225,0.44947916666666665,0.31851851851851853,rear-end
videos/ZvegJ-6a3ow_00.mp4,0.0,0.29921875,0.11388888888888889,single
videos/Zw3DbNY6ZpE_00.mp4,5.392,0.35520833333333335,0.19074074074074074,t-bone
videos/ZyHloKpLTDs_00.mp4,20.539,0.171875,0.7759259259259259,rear-end
videos/_-XReeuhpiE_00.mp4,3.6,0.49907407407407406,0.3541666666666667,single
videos/_0RDZgCKPGo_00.mp4,5.35,0.2619047619047619,0.7361111111111112,single
videos/_5e--tkpUck_00.mp4,4.475,0.3181818181818182,0.7847222222222222,rear-end
videos/_75B7Y8QaX0_00.mp4,2.85,0.49921875,0.8069444444444445,rear-end
videos/_9tp71S2Gwg_00.mp4,5.024,0.39791666666666664,0.2986111111111111,single
videos/_9zrXENlky0_00.mp4,3.725,0.44166666666666665,0.39305555555555555,single
videos/_Bm8NYVbTN4_00.mp4,10.507,0.29924242424242425,0.5486111111111112,rear-end
videos/_BvchcqS_KQ_00.mp4,6.239,0.9260416666666667,0.3194444444444444,t-bone
videos/_DbmvhywZZ8_00.mp4,8.433,0.2125,0.6125,rear-end
videos/_Etcfb7cUH8_00.mp4,7.59,0.3984375,0.6777777777777778,t-bone
videos/_FjROQyb1C8_1_00.mp4,2.933,0.496875,0.2861111111111111,t-bone
videos/_GY8RpsMk9o_00.mp4,3.933,0.6229166666666667,0.4986111111111111,t-bone
videos/_KmJLS_TJKY_00.mp4,12.781,0.3541666666666667,0.4986111111111111,rear-end
videos/_NywzqOXZGE_00.mp4,2.183,0.49921875,0.4986111111111111,single
videos/_SK-OKBNWj0_00.mp4,17.2,0.24526515151515152,0.4986111111111111,single
videos/__WFqm4i3vE_00.mp4,7.183,0.5494791666666666,0.49907407407407406,t-bone
videos/_gv4lL1EPKU_00.mp4,9.525,0.31796875,0.3194444444444444,t-bone
videos/_hJdTE1wHoI_00.mp4,8.864,0.37395833333333334,0.6430555555555556,single
videos/_j_q79xO2ug_00.mp4,26.1,0.49947916666666664,0.19074074074074074,rear-end
videos/_ky1Mxj5bQY_00.mp4,2.767,0.3541666666666667,0.7527777777777778,single
videos/_lcVYPMK8RY_00.mp4,0.0,0.11484375,0.14722222222222223,single
videos/_wf9h2X_uU0_00.mp4,0.0,0.4125,0.4125,single
videos/a3T2DygvH4w_00.mp4,4.308,0.80703125,0.6430555555555556,single
videos/a5AAO2Kcnhg_00.mp4,18.072,0.54921875,0.4375,rear-end
videos/a5_Q39h5LM4_00.mp4,0.0,0.49921875,0.4986111111111111,single
videos/a8-i2E4jrpk_00.mp4,1.375,0.5814814814814815,0.43703703703703706,single
videos/a8-i2E4jrpk_01.mp4,0.833,0.2993827160493827,0.49907407407407406,rear-end
videos/a8zHkZ_t16k_00.mp4,0.0,0.19114583333333332,0.49907407407407406,single
videos/a9U54ImNK2M_00.mp4,2.85,0.7859375,0.5222222222222223,single
videos/aD4MQN4ZM18_00.mp4,4.6,0.2861111111111111,0.3541666666666667,t-bone
videos/aDBb3QMnKZc_00.mp4,1.542,0.734375,0.8069444444444445,single
videos/aERiIg9Dts4_00.mp4,3.6,0.562037037037037,0.7527777777777778,single
videos/aF2Hbp8C23A_00.mp4,3.183,0.33671875,0.4986111111111111,single
videos/aLrHglJ_H6o_00.mp4,3.1,0.412962962962963,0.26666666666666666,single
videos/aMOOElIYyiU_00.mp4,2.933,0.49921875,0.19027777777777777,rear-end
videos/aP-xY6fjndg_00.mp4,6.35,0.4484375,0.3522727272727273,t-bone
videos/aPXUOJ6X43E_00.mp4,0.6,0.49921875,0.6986111111111111,single
videos/aPavFeAFhnk_00.mp4,3.975,0.7114583333333333,0.31805555555555554,t-bone
videos/aPenMcX0LNY_00.mp4,10.475,0.4988888888888889,0.6986111111111111,single
videos/aPsS_HaokoU_00.mp4,0.25,0.1571969696969697,0.7361111111111112,single
videos/aQRTpyTLTV0_00.mp4,6.399,0.7364583333333333,0.2986111111111111,single
videos/aRQeSqO9Ri4_00.mp4,0.0,0.3859375,0.6305555555555555,single
videos/aTlLIoo3nCE_00.mp4,1.625,0.9259259259259259,0.8074074074074075,single
videos/aUvorQJ7jRU_00.mp4,2.183,0.065625,0.8074074074074075,single
videos/aW7LYUp_0ig_00.mp4,2.683,0.5489583333333333,0.4986111111111111,t-bone
videos/acmBtouCwIU_00.mp4,5.308,0.7527777777777778,0.5611111111111111,rear-end
videos/adNfN1i5mXs_00.mp4,6.267,0.1578125,0.562037037037037,rear-end
videos/afVZZ3v87cc_00.mp4,11.503,0.35462962962962963,0.5486111111111112,rear-end
videos/ahyVT91vv8c_00.mp4,2.183,0.49895833333333334,0.6777777777777778,single
videos/ajxUuxbpAVQ_00.mp4,11.308,0.5817805383022774,0.5611111111111111,single
videos/aliCOjgqdfU_00.mp4,0.0,0.7322916666666667,0.4986111111111111,single
videos/ao3VuM_p4_8_00.mp4,11.475,0.21296296296296297,0.8842592592592593,single
videos/at2_tQSDlKg_00.mp4,22.85,0.712037037037037,0.3194444444444444,single
videos/aw8RbjIaKKA_00.mp4,3.767,0.7859375,0.6979166666666666,rear-end
videos/b2FAuGPoivk_00.mp4,2.892,0.3541666666666667,0.8069444444444445,t-bone
videos/b9pzQFB39ZU_00.mp4,6.55,0.49947916666666664,0.43703703703703706,rear-end
videos/bCQ6OCJYKw0_00.mp4,7.183,0.31979166666666664,0.6990740740740741,single
videos/bDLOyLAi51k_00.mp4,6.53,0.3352272727272727,0.25,single
videos/bEwsn-J8API_00.mp4,4.808,0.64375,0.6,single
videos/bI_W3ZOeuUM_00.mp4,7.418,0.41791666666666666,0.8074074074074075,single
videos/bJMc3sNP2AU_00.mp4,0.0,0.7327160493827161,0.262037037037037,single
videos/bKrsJSxuQZg_00.mp4,2.933,0.35520833333333335,0.31851851851851853,rear-end
videos/bMFK3B5qPiE_00.mp4,10.6,0.44907407407407407,0.6777777777777778,rear-end
videos/bSZkOI7eF8k_1_00.mp4,3.017,0.49921875,0.6986111111111111,sideswipe
videos/bSZkOI7eF8k_2_00.mp4,11.35,0.190625,0.6791666666666667,t-bone
videos/bSZkOI7eF8k_3_00.mp4,6.1,0.190625,0.4375,t-bone
videos/bSZkOI7eF8k_4_00.mp4,1.375,0.92578125,0.4986111111111111,t-bone
videos/bSZkOI7eF8k_7_00.mp4,2.125,0.64375,0.4986111111111111,t-bone
videos/bSq7XtY629s_00.mp4,7.683,0.8072916666666666,0.4486111111111111,rear-end
videos/bUn3nfDgLEs_00.mp4,5.225,0.31931818181818183,0.8263888888888888,t-bone
videos/bXaAw1730zE_0_00.mp4,3.1,0.31953125,0.2625,t-bone
videos/bZp0v_Xt8EU_00.mp4,4.975,0.884375,0.6222222222222222,rear-end
videos/bb7h-E9S_xE_00.mp4,2.35,0.44886363636363635,0.549074074074074,t-bone
videos/bcuWtCE-SnE_00.mp4,0.0,0.49921875,0.6986111111111111,single
videos/be0m9oxCN98_00.mp4,12.523,0.31927083333333334,0.43703703703703706,single
videos/begSCBJgT4o_00.mp4,3.767,0.6791666666666667,0.4986111111111111,rear-end
videos/bn7c9LxpeuA_00.mp4,2.975,0.39351851851851855,0.8222222222222222,rear-end
videos/bow1eKeR6oY_00.mp4,2.017,0.44907407407407407,0.5486111111111112,single
videos/br57It5-6lM_00.mp4,2.6,0.5489583333333333,0.19027777777777777,t-bone
videos/bsvWhFHgta8_00.mp4,0.35,0.3927083333333333,0.7055555555555556,single
videos/bw6JUt3iQls_00.mp4,10.017,0.11354166666666667,0.8847222222222222,rear-end
videos/bwW_wL4TwZg_1_00.mp4,0.167,0.603125,0.39166666666666666,single
videos/bwW_wL4TwZg_2_00.mp4,1.6,0.49375,0.44583333333333336,single
videos/bys_qghQe0w_00.mp4,3.767,0.49947916666666664,0.19074074074074074,t-bone
videos/bys_qghQe0w_01.mp4,4.1,0.171875,0.35462962962962963,rear-end
videos/bys_qghQe0w_02.mp4,7.642,0.41770833333333335,0.19074074074074074,t-bone
videos/bys_qghQe0w_03.mp4,6.308,0.8078125,0.35462962962962963,single
videos/bzNkUstnRMM_00.mp4,4.392,0.75234375,0.4986111111111111,rear-end
videos/c-nmxpXGBaA_00.mp4,2.975,0.4993827160493827,0.35462962962962963,t-bone
videos/c2-5uzj1W5k_00.mp4,4.1,0.35541666666666666,0.49907407407407406,rear-end
videos/c2lwfGKeaQU_00.mp4,1.542,0.6058333333333333,0.49907407407407406,single
videos/c3B2ddiaBcQ_00.mp4,2.517,0.6988636363636364,0.5486111111111112,rear-end
videos/c4exlXawFaM_00.mp4,1.625,0.2864583333333333,0.39305555555555555,rear-end
videos/c8wyblfra3o_00.mp4,2.392,0.17222222222222222,0.44907407407407407,single
videos/cBZ3KswoFZY_00.mp4,2.767,0.3541666666666667,0.5611111111111111,single
videos/cCofNt_oBE8_00.mp4,3.475,0.31875,0.6986111111111111,t-bone
videos/cF1M5Rhn8Zs_00.mp4,5.767,0.5,0.29907407407407405,single
videos/cFpwh4gBvDc_00.mp4,2.1,0.2635416666666667,0.8069444444444445,single
videos/cHJRsctghpY_00.mp4,4.392,0.28703703703703703,0.35462962962962963,t-bone
videos/cPyZuPSQrkI_00.mp4,8.273,0.6799242424242424,0.8268518518518518,t-bone
videos/cSCM3PYMKRo_00.mp4,9.124,0.75234375,0.4986111111111111,single
videos/cSCM3PYMKRo_01.mp4,11.164,0.66171875,0.4986111111111111,single
videos/cTv27dfHJKM_00.mp4,0.0,0.3546875,0.8263888888888888,single
videos/cVil8sERLjg_00.mp4,1.0,0.56171875,0.5611111111111111,single
videos/cYmWOy46zF8_00.mp4,7.35,0.43697916666666664,0.1712962962962963,single
videos/cYwpWiiwZro_00.mp4,5.6,0.8771604938271605,0.6796296296296296,single
videos/cZkJ009T8mU_00.mp4,8.35,0.7489583333333333,0.6222222222222222,single
videos/cZo9DI6DSIY_00.mp4,1.583,0.64375,0.19027777777777777,t-bone
videos/cZo9DI6DSIY_01.mp4,6.225,0.28671875,0.6430555555555556,t-bone
videos/cZo9DI6DSIY_02.mp4,13.346,0.54921875,0.24583333333333332,single
videos/cZo9DI6DSIY_03.mp4,3.642,0.56171875,0.6791666666666667,t-bone
videos/cZqLDOqM9TM_00.mp4,3.1,0.64375,0.4375,rear-end
videos/c_fIpDR79Wo_00.mp4,6.183,0.31796875,0.4375,t-bone
videos/c_u8oPMBGEI_00.mp4,6.725,0.8630208333333333,0.43703703703703706,t-bone
videos/c_u8oPMBGEI_01.mp4,2.35,0.24635416666666668,0.37407407407407406,single
videos/c_u8oPMBGEI_02.mp4,4.017,0.49947916666666664,0.19074074074074074,single
videos/cdKTiLurgOI_00.mp4,8.183,0.31958333333333333,0.49907407407407406,rear-end
videos/clXKxQWjB4c_00.mp4,3.36,0.49921875,0.6986111111111111,single
videos/coukijt9MpI_00.mp4,0.25,0.31875,0.39305555555555555,rear-end
videos/cvITZqgCI3M_00.mp4,5.94,0.17140151515151514,0.3541666666666667,t-bone
videos/czn7oGEwENs_00.mp4,2.808,0.4371843434343434,0.3189814814814815,single
videos/d0uvO8FDM6U_00.mp4,0.0,0.7854166666666667,0.7319444444444444,single
videos/dCV66Y9tV1s_00.mp4,10.458,0.8630208333333333,0.49907407407407406,single
videos/dEINXAEIQjA_00.mp4,0.0,0.6496212121212122,0.6777777777777778,single
videos/dEqwcxeYJw4_00.mp4,1.625,0.775,0.44907407407407407,single
videos/dGUCJwW8b1g_00.mp4,2.0,0.43697916666666664,0.8074074074074075,rear-end
videos/dHWTcKj5oY4_00.mp4,7.108,0.171875,0.6430555555555556,sideswipe
videos/dI-ueIMSLZQ_00.mp4,2.225,0.221875,0.8222222222222222,single
videos/dIbxWir400s_00.mp4,6.017,0.5,0.549074074074074,rear-end
videos/dMUTwvfgKFQ_00.mp4,10.233,0.5619791666666667,0.6435185185185185,t-bone
videos/dO_jtPluv5Q_00.mp4,18.281,0.49882903981264637,0.8828125,rear-end
videos/dPXXrFXPqGc_00.mp4,1.417,0.734375,0.8069444444444445,t-bone
videos/dQ0ao_Yu7II_00.mp4,2.558,0.2640625,0.49907407407407406,rear-end
videos/dVgyJhT1tiQ_00.mp4,4.6,0.6802083333333333,0.41759259259259257,t-bone
videos/dW7rp-cXNMY_00.mp4,1.85,0.4990530303030303,0.39305555555555555,t-bone
videos/dZ-F8lZ16-A_00.mp4,3.308,0.54921875,0.4986111111111111,rear-end
videos/dbIlU1q8lfM_00.mp4,3.058,0.49921875,0.6430555555555556,rear-end
videos/deUf0-ljSIs_00.mp4,13.732,0.4990530303030303,0.4375,single
videos/dfEFaPk-2-Y_00.mp4,5.454,0.67890625,0.45,single
videos/dgWpyczEx7U_00.mp4,7.1,0.49895833333333334,0.6430555555555556,single
videos/diYHDL2G4KA_00.mp4,5.225,0.49936868686868685,0.6796296296296296,t-bone
videos/djlikkK0NnM_00.mp4,22.282,0.24147727272727273,0.925,t-bone
videos/dmwcqNAuZcM_1_00.mp4,25.9,0.7484326018808778,0.4486111111111111,t-bone
videos/dn0Au-EvKJI_00.mp4,2.892,0.19135802469135801,0.2212962962962963,t-bone
videos/dpwGsUssZeE_00.mp4,5.774,0.3541666666666667,0.7847222222222222,t-bone
videos/dyMWcSQGi0g_00.mp4,8.725,0.49921875,0.8069444444444445,t-bone
videos/e17Wq4Hpqlk_00.mp4,1.375,0.8078125,0.44907407407407407,t-bone
videos/e17Wq4Hpqlk_01.mp4,1.25,0.24635416666666668,0.3194444444444444,t-bone
videos/e17Wq4Hpqlk_02.mp4,0.667,0.5619791666666667,0.49907407407407406,t-bone
videos/e5KS6Gffb3A_00.mp4,2.35,0.5489583333333333,0.4986111111111111,t-bone
videos/e6ZQvn6NyLI_00.mp4,4.475,0.44907407407407407,0.4486111111111111,rear-end
videos/eQ1QDZ811c0_00.mp4,3.225,0.3541666666666667,0.4986111111111111,t-bone
videos/eQ8yX8V88l8_00.mp4,3.6,0.31796875,0.6430555555555556,rear-end
videos/eQvvIoDMXzY_00.mp4,5.933,0.4171875,0.5819444444444445,single
videos/eQvvIoDMXzY_01.mp4,6.47,0.23671875,0.3541666666666667,single
videos/eSs-IaQJQtc_00.mp4,10.023,0.49921875,0.4986111111111111,rear-end
videos/eTF4L0hxKtI_00.mp4,11.697,0.7125,0.4486111111111111,single
videos/eUAbFjZa1MI_00.mp4,3.267,0.49907407407407406,0.9263888888888889,t-bone
videos/eZGqsmnXpHQ_00.mp4,0.0,0.4125,0.38472222222222224,single
videos/e__4RhcKov4_00.mp4,10.697,0.6429924242424242,0.3541666666666667,t-bone
videos/eaAiEUwvy20_00.mp4,10.606,0.54921875,0.6430555555555556,t-bone
videos/ebEA6IpCT5w_00.mp4,1.583,0.28708333333333336,0.7527777777777778,rear-end
videos/ebiX-_CCMSA_00.mp4,1.333,0.49882903981264637,0.6796875,rear-end
videos/ed96OpSybeQ_00.mp4,6.767,0.4943181818181818,0.825,t-bone
videos/efXT6-Z1BGg_00.mp4,0.0,0.5859375,0.14722222222222223,single
videos/egyW5DsK8BQ_00.mp4,4.225,0.28671875,0.5486111111111112,single
videos/eilpGahN9JI_00.mp4,5.183,0.8074074074074075,0.4986111111111111,single
videos/ej0GaDepmoQ_00.mp4,1.667,0.7067708333333333,0.2638888888888889,single
videos/emZJVcNK-q4_00.mp4,9.475,0.8076388888888889,0.8074074074074075,t-bone
videos/eqwBLPxQ0z0_00.mp4,5.267,0.7527777777777778,0.6800925925925926,rear-end
videos/exMp0HFGLFY_00.mp4,2.85,0.8077651515151515,0.8069444444444445,t-bone
videos/fEijKQwtcD4_00.mp4,5.267,0.49921875,0.19027777777777777,t-bone
videos/fEprGEfHTZE_00.mp4,3.1,0.065625,0.8069444444444445,rear-end
videos/fFxTIUK_Ju0_00.mp4,3.85,0.37578125,0.4986111111111111,t-bone
videos/fHoZ2_uzu_k_00.mp4,1.767,0.5819444444444445,0.7527777777777778,single
videos/fIwRdglX1WE_00.mp4,1.375,0.44947916666666665,0.549074074074074,single
videos/fJxVsTAIK5Y_00.mp4,0.0,0.49921875,0.5361111111111111,single
videos/fK5Y7gMh21c_00.mp4,4.267,0.9260416666666667,0.31805555555555554,rear-end
videos/fK7DAi8Ybvc_00.mp4,9.183,0.04375,0.8333333333333334,single
videos/fLdSFP_8PJ4_00.mp4,2.517,0.5,0.625,t-bone
videos/fNoqwaXAqeA_00.mp4,5.017,0.63515625,0.33611111111111114,rear-end
videos/fVIMQD0Bo2M_00.mp4,7.058,0.3992974238875878,0.4973958333333333,single
videos/fYUPTfVRKEk_00.mp4,14.194,0.6990740740740741,0.4986111111111111,rear-end
videos/fZfs2l5bv2Q_00.mp4,5.35,0.49895833333333334,0.6791666666666667,t-bone
videos/fbkRjY737QE_00.mp4,4.642,0.44921875,0.3541666666666667,single
videos/fcJD3Xt4zzA_00.mp4,3.142,0.49895833333333334,0.4986111111111111,t-bone
videos/fcc1sGDTQLM_00.mp4,1.767,0.64375,0.31805555555555554,single
videos/fd3l6Z3OSXE_00.mp4,6.35,0.28671875,0.4986111111111111,t-bone
videos/fgI4vUtP_1I_00.mp4,1.667,0.562037037037037,0.6430555555555556,single
videos/fgsiojBKfKY_00.mp4,20.494,0.41953125,0.5486111111111112,t-bone
videos/fhZ9Mb-Ps3M_00.mp4,7.308,0.221875,0.39351851851851855,rear-end
videos/ftk_fSc4haM_00.mp4,5.933,0.734375,0.31805555555555554,rear-end
videos/fvnovsPGazc_00.mp4,5.939,0.375,0.49907407407407406,rear-end
videos/fxiCDDZx2YM_00.mp4,3.975,0.58125,0.7527777777777778,single
videos/fy1ZkNZQhWA_00.mp4,0.083,0.8842592592592593,0.6194444444444445,sideswipe
videos/fy1ZkNZQhWA_01.mp4,0.0,0.49907407407407406,0.6430555555555556,single
videos/fy1ZkNZQhWA_02.mp4,8.475,0.9722222222222222,0.6791666666666667,single
videos/fy1ZkNZQhWA_03.mp4,0.0,0.19074074074074074,0.3541666666666667,single
videos/fzWY0vLAXzI_00.mp4,4.35,0.35520833333333335,0.1712962962962963,t-bone
videos/g-JnlWPEZd4_00.mp4,7.475,0.6234375,0.562037037037037,rear-end
videos/g1vKgJ9RN8c_00.mp4,6.767,0.5494791666666666,0.37592592592592594,single
videos/g59nWt3t9ZM_00.mp4,1.375,0.92578125,0.7527777777777778,single
videos/g9P2Y9bwPQQ_00.mp4,4.325,0.6442708333333333,0.49907407407407406,t-bone
videos/gACmlFi5x0A_00.mp4,10.917,0.2640625,0.35462962962962963,single
videos/gDCiYQjLeEE_00.mp4,4.767,0.35511363636363635,0.4986111111111111,single
videos/gKNkwyn6a-o_00.mp4,5.183,0.7354166666666667,0.43703703703703706,t-bone
videos/gRuYZISmQ3k_00.mp4,9.6,0.37583333333333335,0.29907407407407405,single
videos/gS2xiB7q7sk_00.mp4,3.517,0.2989583333333333,0.8847222222222222,single
videos/gVXvlSSUr88_00.mp4,23.622,0.043209876543209874,0.9259259259259259,single
videos/gXDhzlVtCXI_00.mp4,3.308,0.80859375,0.8513888888888889,single
videos/gZdaWZGFUs4_00.mp4,17.114,0.3859375,0.6125,single
videos/g_x7gdvFBWk_00.mp4,4.975,0.1890625,0.5,t-bone
videos/ga0JEJ0fnGY_00.mp4,3.85,0.49921875,0.4986111111111111,single
videos/gbM45Kpz814_00.mp4,14.912,0.66171875,0.6777777777777778,single
videos/gcbYjCgvbFc_00.mp4,4.857,0.49921875,0.2638888888888889,t-bone
videos/ggSUG42G9YE_00.mp4,2.475,0.5817708333333333,0.7527777777777778,single
videos/gi01QYHz8-E_00.mp4,0.583,0.6129629629629629,0.6990740740740741,rear-end
videos/gkyJ3CwetQY_00.mp4,4.183,0.35462962962962963,0.8069444444444445,rear-end
videos/glkdKMzVzkM_00.mp4,16.311,0.07291666666666667,0.2861111111111111,single
videos/gmz3d4kegRk_00.mp4,16.151,0.7,0.35462962962962963,rear-end
videos/gnyMlVu3LzY_00.mp4,11.683,0.8077651515151515,0.6430555555555556,rear-end
videos/gpRtEfxMkYc_00.mp4,17.864,0.7520833333333333,0.8625,single
videos/gp_9zTMpVrs_00.mp4,24.059,0.17140151515151514,0.5486111111111112,t-bone
videos/gtKsxCrjJ2Q_00.mp4,6.683,0.375,0.6041666666666666,rear-end
videos/gwHMR2FEVKA_00.mp4,6.142,0.5492424242424242,0.19027777777777777,single
videos/gzu1NnmXMuY_00.mp4,9.841,0.2635416666666667,0.8888888888888888,single
videos/h50TQ3i9k5I_0_00.mp4,3.183,0.49921875,0.3541666666666667,t-bone
videos/h50TQ3i9k5I_2_00.mp4,5.933,0.7125,0.19027777777777777,t-bone
videos/h5WtldZ9-68_00.mp4,15.767,0.5484375,0.36666666666666664,single
videos/h7MY4vNQ2Ak_00.mp4,5.475,0.5495833333333333,0.45555555555555555,t-bone
videos/h9aw9Upkwx4_00.mp4,0.375,0.35520833333333335,0.8074074074074075,single
videos/h9vCRW9MVKI_00.mp4,0.0,0.2989583333333333,0.15694444444444444,single
videos/hAaMPL2ieyE_00.mp4,2.767,0.171875,0.5486111111111112,single
videos/hFaYR4zsGzA_00.mp4,19.017,0.58125,0.3541666666666667,t-bone
videos/hHLYbcQzL0U_00.mp4,3.35,0.5489583333333333,0.31805555555555554,single
videos/hJJlducz7aE_00.mp4,11.955,0.2864583333333333,0.9333333333333333,sideswipe
videos/hN69Cb16naw_00.mp4,2.225,0.43703703703703706,0.5611111111111111,t-bone
videos/hQJqYD_MpRw_00.mp4,4.017,0.56171875,0.4986111111111111,t-bone
videos/hQVkdwPxafw_00.mp4,12.298,0.29270833333333335,0.6986111111111111,rear-end
videos/hSt-aJwZqsY_2_00.mp4,2.808,0.58125,0.5819444444444445,t-bone
videos/hSt-aJwZqsY_3_00.mp4,4.1,0.80703125,0.6430555555555556,t-bone
videos/hT1Hz_gFnBs_00.mp4,4.85,0.8077651515151515,0.8069444444444445,rear-end
videos/hYuubWpYtrI_00.mp4,1.975,0.6505208333333333,0.33611111111111114,single
videos/hdyWKrR5uCk_00.mp4,0.375,0.49375,0.37777777777777777,single
videos/hdyWKrR5uCk_01.mp4,1.5,0.3546875,0.31805555555555554,t-bone
videos/hgm6sQUl8Yg_00.mp4,14.608,0.3549382716049383,0.9259259259259259,rear-end
videos/hiBY1OLw4RQ_00.mp4,6.183,0.5369791666666667,0.7851851851851852,single
videos/hs-_vD6T78s_00.mp4,17.85,0.3546875,0.5486111111111112,single
videos/ht0QCYJRWXc_00.mp4,1.667,0.190625,0.4986111111111111,single
videos/hyZ-ZbPYabo_00.mp4,4.433,0.41718426501035194,0.5819444444444445,rear-end
videos/hzxEJZNwy6s_00.mp4,41.103,0.7895833333333333,0.2625,rear-end
videos/i09Z9tesnac_00.mp4,1.458,0.4990530303030303,0.7527777777777778,single
videos/i3WeiV3H_aQ_00.mp4,11.35,0.6010416666666667,0.65,single
videos/i62_ZJJeR-Y_00.mp4,1.583,0.49921875,0.4986111111111111,t-bone
videos/iA_u73BG4ZM_00.mp4,22.247,0.41953125,0.4930555555555556,single
videos/iAsAPYpjkS8_00.mp4,3.017,0.5614583333333333,0.8069444444444445,single
videos/iKor62WhYgc_00.mp4,5.017,0.190625,0.8263888888888888,t-bone
videos/iKpoAkiKqjw_00.mp4,0.0,0.2625,0.5481481481481482,single
videos/iOQcKQHd1og_00.mp4,0.0,0.5866666666666667,0.5851851851851851,single
videos/iQbsvy9KGC8_00.mp4,7.767,0.24635416666666668,0.31851851851851853,rear-end
videos/iXbPXFRanm4_00.mp4,4.267,0.6796875,0.4986111111111111,t-bone
videos/iYAIZEocjbg_00.mp4,12.61,0.4943181818181818,0.49583333333333335,t-bone
videos/iYmL1rEyiqE_00.mp4,8.517,0.24583333333333332,0.3541666666666667,rear-end
videos/idAIp622PoY_00.mp4,19.367,0.49322916666666666,0.29907407407407405,single
videos/ieFXAiS97A0_1_00.mp4,4.475,0.31555555555555553,0.4940828402366864,t-bone
videos/ieFXAiS97A0_5_00.mp4,5.642,0.18888888888888888,0.6745562130177515,single
videos/ifCSaYvb0JA_00.mp4,9.183,0.49895833333333334,0.4986111111111111,rear-end
videos/ig4k6LEEMy0_00.mp4,9.142,0.70625,0.8069444444444445,rear-end
videos/iguVq1mMWKg_00.mp4,2.933,0.49895833333333334,0.9263888888888889,rear-end
videos/iiBMFJqcrGY_00.mp4,5.267,0.8057291666666667,0.6055555555555555,single
videos/inJcKZ42Ovc_00.mp4,7.35,0.6125,0.4486111111111111,rear-end
videos/irYEjSeXzAM_00.mp4,2.1,0.44930555555555557,0.4935185185185185,rear-end
videos/jBUe4pPfIEg_00.mp4,22.996,0.33645833333333336,0.375,rear-end
videos/jBZOG3jhKp4_00.mp4,0.0,0.5854166666666667,0.4986111111111111,single
videos/jCoAyWsIyv8_00.mp4,4.933,0.2125,0.6,single
videos/jD8ybdMZOU8_00.mp4,6.183,0.6791666666666667,0.4986111111111111,t-bone
videos/jF_WIm0oxLc_00.mp4,22.184,0.4552083333333333,0.5416666666666666,rear-end
videos/jFpORnj_-cI_00.mp4,2.267,0.28688524590163933,0.4453125,t-bone
videos/jHJ3Sfhg4HA_00.mp4,5.607,0.7114583333333333,0.5486111111111112,rear-end
videos/jI0_0zPf6BQ_00.mp4,5.392,0.496875,0.11042944785276074,single
videos/jJ4IJnInYnE_00.mp4,2.767,0.5623456790123457,0.549074074074074,rear-end
videos/jNwobbqjKiE_00.mp4,13.677,0.56171875,0.8069444444444445,t-bone
videos/jNzHFeCP2DU_00.mp4,3.517,0.5622222222222222,0.9263888888888889,t-bone
videos/jPM0jwxK2W8_00.mp4,3.683,0.49907407407407406,0.10833333333333334,single
videos/jPTJZRBPQgc_00.mp4,5.6,0.6129629629629629,0.3851851851851852,single
videos/jT5Kpwh7mBE_00.mp4,3.475,0.75234375,0.3541666666666667,rear-end
videos/jTOB7nAs2HE_00.mp4,1.083,0.3548009367681499,0.6432291666666666,single
videos/jWFyAaY7r8E_00.mp4,2.475,0.6791666666666667,0.19027777777777777,t-bone
videos/jYai-crKZx8_00.mp4,0.5,0.2869791666666667,0.43703703703703706,sideswipe
videos/ja62cRF2tbQ_00.mp4,16.183,0.1359375,0.8069444444444445,single
videos/jaCr2wkcYJ8_00.mp4,14.704,0.6125,0.6986111111111111,rear-end
videos/jbfxAh30dDc_00.mp4,4.392,0.3541666666666667,0.4375,single
videos/jc-fa_AjIXw_00.mp4,12.642,0.5859375,0.2986111111111111,single
videos/jecwwv5-8Q0_00.mp4,2.433,0.190625,0.4986111111111111,rear-end
videos/jfGiD4S9OiA_00.mp4,2.725,0.43645833333333334,0.6777777777777778,rear-end
videos/jgAGNNIG13E_00.mp4,5.683,0.5484375,0.4986111111111111,rear-end
videos/jhkWGmAajmE_00.mp4,0.0,0.49882903981264637,0.2604166666666667,single
videos/jiOupTjSods_00.mp4,10.1,0.3194444444444444,0.549074074074074,single
videos/jiiHFFhdKPc_00.mp4,5.642,0.56171875,0.6791666666666667,t-bone
videos/jiliVB6lsKE_00.mp4,8.107,0.64375,0.3541666666666667,t-bone
videos/jnarvwUc5NU_00.mp4,2.85,0.5479166666666667,0.30833333333333335,single
videos/jndtah0zyZ4_00.mp4,0.0,0.3859375,0.5847222222222223,single
videos/joRCqlk5sSA_00.mp4,4.767,0.80703125,0.6791666666666667,single
videos/jopSKVpAIos_00.mp4,7.235,0.3191287878787879,0.1361111111111111,single
videos/jq-5EaxSR3M_00.mp4,7.6,0.262037037037037,0.4625,rear-end
videos/jrbryXS0w74_00.mp4,3.308,0.734375,0.4986111111111111,single
videos/jriayW0n33c_00.mp4,20.031,0.44921875,0.6125,single
videos/jsh--BYn0pc_00.mp4,6.183,0.8078125,0.5814814814814815,single
videos/ju6wnVi72qI_00.mp4,5.017,0.49947916666666664,0.8842592592592593,sideswipe
videos/jvM9Js5f9dI_00.mp4,10.381,0.55625,0.5416666666666666,rear-end
videos/jw4_kT_xjsE_00.mp4,4.735,0.44895833333333335,0.41944444444444445,t-bone
videos/jwhAPqcuObs_00.mp4,2.1,0.5486111111111112,0.29907407407407405,single
videos/jx00BpwvIEc_00.mp4,7.913,0.64375,0.4986111111111111,t-bone
videos/jzFOvz-C9q0_00.mp4,1.0,0.6435185185185185,0.3194444444444444,rear-end
videos/jzIahqK1XpM_00.mp4,8.1,0.29924242424242425,0.6986111111111111,single
videos/k-LD0H31Rug_00.mp4,8.517,0.7526041666666666,0.35462962962962963,t-bone
videos/k-QTjGUDtZY_00.mp4,2.975,0.6791666666666667,0.4986111111111111,t-bone
videos/k88wOc1q7kI_00.mp4,8.319,0.64375,0.3541666666666667,t-bone
videos/k932VZGqE6c_0_00.mp4,7.683,0.80625,0.35,rear-end
videos/k932VZGqE6c_1_00.mp4,0.0,0.75,0.8583333333333333,single
videos/k932VZGqE6c_2_00.mp4,0.0,0.728125,0.29583333333333334,single
videos/k932VZGqE6c_3_00.mp4,5.475,0.640625,0.5458333333333333,t-bone
videos/k9CLUG7vBOY_00.mp4,0.0,0.2125,0.7319444444444444,single
videos/k9lZ453AVO8_00.mp4,19.621,0.5814393939393939,0.5041666666666667,single
videos/kABWTDKgc9U_00.mp4,6.517,0.44958333333333333,0.8842592592592593,rear-end
videos/kDvSnh2NmpM_00.mp4,24.079,0.4171875,0.5611111111111111,single
videos/kI-AKIXGLiY_00.mp4,3.725,0.17140151515151514,0.3541666666666667,t-bone
videos/kM5FhXJsyWA_00.mp4,0.0,0.49930555555555556,0.29907407407407405,single
videos/kMm9K4FKQyA_00.mp4,5.267,0.6259469696969697,0.4986111111111111,single
videos/kOOstkWDxz0_00.mp4,22.954,0.63203125,0.7847222222222222,single
videos/kR4rLZ7ANAQ_00.mp4,2.85,0.7364583333333333,0.65,single
videos/kUp_0rJe_OI_00.mp4,18.413,0.6988888888888889,0.5486111111111112,rear-end
videos/kUsZnGYhevs_00.mp4,0.0,0.3104166666666667,0.29907407407407405,single
videos/kaggle-fahaddalwai-cctvfootagevideo_1_00.mp4,1.975,0.31875,0.2861111111111111,t-bone
videos/kaggle-fahaddalwai-cctvfootagevideo_3_00.mp4,4.517,0.496875,0.21944444444444444,t-bone
videos/kaggle-fahaddalwai-cctvfootagevideo_4_00.mp4,4.767,0.496875,0.35555555555555557,rear-end
videos/kaggle-fahaddalwai-cctvfootagevideo_5_00.mp4,3.725,0.415625,0.31666666666666665,t-bone
videos/kaggle-fahaddalwai-cctvfootagevideo_6_00.mp4,3.725,0.415625,0.31666666666666665,t-bone
videos/kbpb8IGOAP0_00.mp4,5.357,0.5492424242424242,0.7319444444444444,single
videos/kc_bYkuKn-g_00.mp4,4.35,0.35520833333333335,0.35462962962962963,single
videos/kd7QwQqeJZQ_00.mp4,2.767,0.8270833333333333,0.43703703703703706,rear-end
videos/kd7QwQqeJZQ_01.mp4,4.517,0.41770833333333335,0.43703703703703706,single
videos/kd7QwQqeJZQ_02.mp4,4.1,0.49947916666666664,0.19074074074074074,rear-end
videos/kgfitHjT3cs_00.mp4,6.183,0.3664772727272727,0.6986111111111111,rear-end
videos/kgifRjE69lo_00.mp4,7.85,0.8625,0.4375,rear-end
videos/kj23OkxXMfU_00.mp4,6.267,0.8777777777777778,0.4486111111111111,single
videos/kkwEN_zBCx8_00.mp4,5.666,0.7859375,0.11388888888888889,rear-end
videos/kkwEN_zBCx8_01.mp4,3.392,0.5619791666666667,0.35462962962962963,rear-end
videos/kkwEN_zBCx8_02.mp4,6.517,0.5619791666666667,0.31851851851851853,rear-end
videos/klHFoVQo--8_00.mp4,0.0,0.11458333333333333,0.49907407407407406,single
videos/knWz2A2w3Ts_00.mp4,7.342,0.1909722222222222,0.8074074074074075,rear-end
videos/kuwhQxdw6TU_00.mp4,5.35,0.49921875,0.8069444444444445,t-bone
videos/kv-u4ZiEGJA_4_00.mp4,0.667,0.31953125,0.4986111111111111,t-bone
videos/l1_qLRlQw8U_00.mp4,7.267,0.31875,0.7763888888888889,single
videos/l2iiHvICI2Y_00.mp4,12.308,0.56171875,0.5041666666666667,rear-end
videos/l3GUdPH62y8_00.mp4,7.642,0.3181818181818182,0.3541666666666667,t-bone
videos/l4xiNaUc-Bw_00.mp4,8.454,0.39375,0.4986111111111111,single
videos/l6WnoOecA9s_00.mp4,3.433,0.58125,0.5611111111111111,rear-end
videos/l9KMgfV5BeU_00.mp4,18.55,0.6125,0.29791666666666666,sideswipe
videos/lJvJnAxuX5U_0_00.mp4,7.1,0.80703125,0.5611111111111111,t-bone
videos/lKAtoCazPaE_00.mp4,4.725,0.171875,0.3541666666666667,t-bone
videos/lM1uI0uKh-U_00.mp4,2.85,0.49921875,0.6625,rear-end
videos/lRcaIAGppGs_00.mp4,2.1,0.43671875,0.8625,single
videos/lXKSWeJ9jEc_00.mp4,0.0,0.6433080808080808,0.11388888888888889,single
videos/l_2BO67srNo_00.mp4,6.1,0.2212962962962963,0.4486111111111111,single
videos/lfQuoQHfc4k_00.mp4,3.35,0.2625,0.6620370370370371,single
videos/lgU3T6kySLw_00.mp4,1.792,0.77734375,0.4986111111111111,rear-end
videos/lj2jsTChFEo_00.mp4,6.267,0.22160493827160493,0.6796296296296296,single
videos/ljLoCD0O9fM_00.mp4,3.392,0.7854166666666667,0.33611111111111114,t-bone
videos/lkIQC6QRbys_00.mp4,3.183,0.190625,0.8069444444444445,t-bone
videos/llupGpa4OMQ_00.mp4,6.35,0.2921875,0.6430555555555556,rear-end
videos/llwNilbilqg_00.mp4,5.611,0.56171875,0.2361111111111111,single
videos/lpJL9-mBNmk_00.mp4,13.197,0.25,0.5486111111111112,single
videos/lpeKVGzEaUk_00.mp4,1.975,0.1140625,0.80625,single
videos/lprYC7noW0w_00.mp4,20.371,0.7484375,0.8263888888888888,rear-end
videos/lqkfsE2tmbo_00.mp4,7.024,0.11354166666666667,0.2986111111111111,single
videos/ltBaGt6A30I_00.mp4,9.1,0.49921875,0.3541666666666667,t-bone
videos/luYrUPWqC5w_00.mp4,5.433,0.3541666666666667,0.3194444444444444,t-bone
videos/lvIwOAjE7Ts_00.mp4,12.683,0.49921875,0.6791666666666667,t-bone
videos/lwsVlWv6Oe8_00.mp4,3.517,0.1717171717171717,0.43703703703703706,t-bone
videos/m2uBNOFIvKk_00.mp4,3.232,0.49907407407407406,0.3972222222222222,rear-end
videos/m33jiO8xGLk_00.mp4,14.955,0.2506172839506173,0.29907407407407405,rear-end
videos/m8HHbAqyx8g_00.mp4,10.156,0.45546875,0.5486111111111112,single
videos/mCR74lvVPdY_00.mp4,3.308,0.7479166666666667,0.4375,single
videos/mD8Lu8KAoYc_00.mp4,2.558,0.56171875,0.4375,t-bone
videos/mDHuTgnSxMs_00.mp4,0.083,0.49947916666666664,0.6990740740740741,sideswipe
videos/mDtCi-XVAbo_00.mp4,2.767,0.6505208333333333,0.7851851851851852,rear-end
videos/mEEMZBZHIrc_00.mp4,13.176,0.39375,0.3194444444444444,single
videos/mEQxozTl1S4_00.mp4,11.733,0.49947916666666664,0.462037037037037,rear-end
videos/mJArIYTPLbE_00.mp4,1.333,0.31875,0.4986111111111111,rear-end
videos/mM1mhT8o578_00.mp4,16.841,0.11388888888888889,0.8842592592592593,single
videos/mOwuW8t6-GQ_2_00.mp4,5.558,0.31953125,0.5569444444444445,rear-end
videos/mOwuW8t6-GQ_4_00.mp4,14.933,0.66171875,0.2125,single
videos/mOwuW8t6-GQ_5_00.mp4,4.35,0.4171875,0.31805555555555554,t-bone
videos/mOwuW8t6-GQ_6_00.mp4,9.433,0.49921875,0.3194444444444444,t-bone
videos/mRbMWblAmzo_00.mp4,8.6,0.6802083333333333,0.5814814814814815,single
videos/mTVpYeTKFN4_00.mp4,5.975,0.49895833333333334,0.6430555555555556,t-bone
videos/mTYWjKznhOY_00.mp4,9.281,0.3927083333333333,0.6986111111111111,single
videos/mUvPuML7-2k_00.mp4,0.0,0.6994791666666667,0.412962962962963,single
videos/mYTte8BTffA_00.mp4,3.225,0.11426767676767677,0.8074074074074075,t-bone
videos/maJGw3hQs_s_00.mp4,3.808,0.31953125,0.2986111111111111,single
videos/maJsgJsapH4_00.mp4,7.247,0.5817708333333333,0.562037037037037,rear-end
videos/mby2Klg_d10_00.mp4,17.35,0.6789772727272727,0.49583333333333335,single
videos/md2cHgL1TV0_00.mp4,19.683,0.884375,0.5777777777777777,rear-end
videos/meDGeTof2x0_00.mp4,11.111,0.44947916666666665,0.44907407407407407,single
videos/mg6PLF8sHWw_0_00.mp4,5.42,0.31953125,0.2361111111111111,t-bone
videos/mgl0K0RP_y8_00.mp4,2.267,0.41944444444444445,0.9555555555555556,single
videos/mh2N02NQ-bQ_00.mp4,27.378,0.07265625,0.8625,single
videos/mhLc2Vl1ekk_00.mp4,7.632,0.5489583333333333,0.2125,t-bone
videos/mhQIf0yVU3g_1_00.mp4,2.35,0.3546875,0.4986111111111111,rear-end
videos/mhQIf0yVU3g_3_00.mp4,3.225,0.6796875,0.2861111111111111,t-bone
videos/mhuM8U4OZw4_00.mp4,3.6,0.80703125,0.4375,t-bone
videos/miJaH5hcX5U_00.mp4,2.975,0.7351851851851852,0.31805555555555554,t-bone
videos/mjKiqWEZoAM_00.mp4,0.0,0.5,0.5481481481481482,single
videos/mlkJl8ql03o_00.mp4,1.375,0.49947916666666664,0.35462962962962963,single
videos/mllfWsyVZ1s_00.mp4,6.1,0.56171875,0.4375,single
videos/mlv_VGdtang_00.mp4,12.2,0.19114583333333332,0.8074074074074075,rear-end
videos/mmEiKiU-ZLs_00.mp4,6.106,0.23765432098765432,0.35462962962962963,single
videos/mntY3Xh8lT4_00.mp4,2.517,0.29907407407407405,0.7486111111111111,single
videos/mr_it2B6muI_00.mp4,5.267,0.5620833333333334,0.8074074074074075,rear-end
videos/mz-y5-ksDA8_00.mp4,4.308,0.7354166666666667,0.9259259259259259,single
videos/mzHmLvV9QlM_00.mp4,0.0,0.4993827160493827,0.49907407407407406,single
videos/n-aa3NIlRMo_00.mp4,7.475,0.562037037037037,0.8263888888888888,single
videos/n0pXXp0cWWw_00.mp4,1.458,0.75234375,0.8069444444444445,single
videos/n1da-gnbUBU_00.mp4,9.36,0.07265625,0.6,single
videos/n4SC6GEp99A_00.mp4,5.725,0.8080246913580247,0.5814814814814815,t-bone
videos/n77TaXyADls_00.mp4,4.475,0.49921875,0.31805555555555554,t-bone
videos/nAXTthLfgtI_00.mp4,0.0,0.2989583333333333,0.2125,single
videos/nEszisiy2ho_00.mp4,0.0,0.44947916666666665,0.29907407407407405,single
videos/nFpT2-RpAS8_0_00.mp4,1.892,0.29791666666666666,0.5027777777777778,single
videos/nFpT2-RpAS8_1_00.mp4,8.262,0.17083333333333334,0.3194444444444444,rear-end
videos/nFpT2-RpAS8_2_00.mp4,3.6,0.64375,0.5,single
videos/nFpT2-RpAS8_3_00.mp4,6.183,0.4979166666666667,0.24722222222222223,rear-end
videos/nGHp5y9P0Ic_00.mp4,2.35,0.625,0.4375,single
videos/nGzSLxoFILc_00.mp4,2.808,0.31796875,0.3194444444444444,t-bone
videos/nH1Xj9-rVwc_00.mp4,10.55,0.6798611111111111,0.49907407407407406,rear-end
videos/nHKTuIJZA1U_00.mp4,0.0,0.6234375,0.2125,single
videos/nHmyMVHNPDs_00.mp4,1.625,0.35520833333333335,0.9259259259259259,t-bone
videos/nKC_z-VEBfE_00.mp4,0.0,0.38522727272727275,0.2986111111111111,single
videos/nKi8Onx1jI4_00.mp4,3.392,0.6796875,0.3541666666666667,single
videos/nKz4V0ajOgc_00.mp4,11.531,0.31796875,0.625,rear-end
videos/nRLaHoFoa8s_00.mp4,8.569,0.31875,0.4986111111111111,t-bone
videos/nROU35t27G4_00.mp4,2.017,0.49921875,0.8069444444444445,t-bone
videos/nS5_c56gJKM_00.mp4,2.267,0.49895833333333334,0.8069444444444445,single
videos/nSK7cehJiCE_6_00.mp4,0.0,0.29921875,0.2986111111111111,single
videos/nSK7cehJiCE_8_00.mp4,1.667,0.58125,0.4986111111111111,rear-end
videos/nSK7cehJiCE_9_00.mp4,1.792,0.6796875,0.3541666666666667,t-bone
videos/n_U9loEcX54_00.mp4,10.308,0.26171875,0.25,single
videos/nbSL1Tri9gc_00.mp4,1.542,0.75234375,0.31805555555555554,single
videos/nbhL6NycXqc_00.mp4,7.975,0.8072916666666666,0.5611111111111111,single
videos/neRsGdCvROM_00.mp4,17.849,0.28708333333333336,0.6435185185185185,rear-end
videos/neiYtur4FOY_00.mp4,12.225,0.21296296296296297,0.7490740740740741,single
videos/neosg71VJkY_00.mp4,4.767,0.3194444444444444,0.8268518518518518,single
videos/ngcjihGL0zg_00.mp4,0.0,0.4234375,0.6222222222222222,single
videos/nhEW6whH4HE_00.mp4,10.298,0.4990530303030303,0.4986111111111111,rear-end
videos/niL3O_tNdFY_00.mp4,3.083,0.49375,0.38472222222222224,single
videos/njI11mpdwo0_00.mp4,0.5,0.4759259259259259,0.6222222222222222,single
videos/njJxs1KozgE_00.mp4,5.392,0.44921875,0.8847222222222222,rear-end
videos/nlRWwNiCtsE_00.mp4,5.933,0.412962962962963,0.7851851851851852,single
videos/nnY1sFj3-Ag_00.mp4,6.1,0.49907407407407406,0.8625,single
videos/nsHYg3ENgk4_1_00.mp4,5.392,0.8625,0.4375,t-bone
videos/nsHYg3ENgk4_2_00.mp4,6.142,0.49921875,0.4986111111111111,t-bone
videos/nsHYg3ENgk4_5_00.mp4,5.433,0.80703125,0.4986111111111111,t-bone
videos/nsHYg3ENgk4_6_00.mp4,6.642,0.8625,0.3541666666666667,t-bone
videos/nsHYg3ENgk4_7_00.mp4,5.767,0.49921875,0.4986111111111111,t-bone
videos/nsHYg3ENgk4_9_00.mp4,5.517,0.3546875,0.6430555555555556,t-bone
videos/ntjBOrqvD6Q_00.mp4,2.625,0.7528409090909091,0.4166666666666667,single
videos/nwb6yD8CMaM_00.mp4,7.984,0.31875,0.44583333333333336,t-bone
videos/nxtAJF0x3qQ_00.mp4,9.925,0.8083333333333333,0.6990740740740741,rear-end
videos/nzxBMPZE-Ow_00.mp4,5.892,0.23671875,0.4986111111111111,single
videos/o45cTuevkJ8_00.mp4,2.892,0.44921875,0.39305555555555555,single
videos/o51jfgj-KEA_00.mp4,4.683,0.49921875,0.8069444444444445,rear-end
videos/o5neAPqmNm8_00.mp4,6.808,0.3191358024691358,0.49907407407407406,single
videos/oAYCNrUXNow_00.mp4,1.667,0.190625,0.4986111111111111,t-bone
videos/oBN7DtMXoSw_00.mp4,5.35,0.49930555555555556,0.49907407407407406,single
videos/oCp56IFmInU_00.mp4,13.673,0.31953125,0.6986111111111111,single
videos/oGQRRhrK2LA_00.mp4,1.5,0.19074074074074074,0.45555555555555555,single
videos/oPHbqlp1o5k_00.mp4,6.15,0.41302083333333334,0.4492099322799097,single
videos/oPdIw4WJ6ZU_00.mp4,2.475,0.54921875,0.4166666666666667,single
videos/oRG1-9tRk5w_00.mp4,0.917,0.8260416666666667,0.8263888888888888,rear-end
videos/oV7t0yEbT8c_00.mp4,4.6,0.8515625,0.7777777777777778,single
videos/oWLWFTK4QdU_00.mp4,5.725,0.6802083333333333,0.2638888888888889,single
videos/oWLWFTK4QdU_01.mp4,9.517,0.44947916666666665,0.4935185185185185,rear-end
videos/oWLWFTK4QdU_02.mp4,0.583,0.6505208333333333,0.29907407407407405,rear-end
videos/oXHq9qN7jyk_00.mp4,2.308,0.31851851851851853,0.6791666666666667,rear-end
videos/oXMCX36zERc_00.mp4,1.85,0.5572916666666666,0.44907407407407407,rear-end
videos/oYaZpc8SL9c_00.mp4,3.558,0.6435185185185185,0.8069444444444445,t-bone
videos/ob6zKCT1SGE_00.mp4,10.95,0.17592592592592593,0.14722222222222223,single
videos/obqvQOIyzL4_00.mp4,6.148,0.7527777777777778,0.31805555555555554,single
videos/oc1DL7vLskc_00.mp4,4.231,0.43697916666666664,0.8842592592592593,t-bone
videos/oeRlPluv-eY_00.mp4,12.033,0.49921875,0.4986111111111111,single
videos/og42C5ewnRY_00.mp4,3.475,0.9744791666666667,0.6231481481481481,single
videos/oiF_zB8j6MM_00.mp4,6.523,0.6442708333333333,0.6796296296296296,rear-end
videos/olrS9Xl-I70_00.mp4,8.183,0.73671875,0.4986111111111111,single
videos/ooFHzXAx7EU_00.mp4,3.308,0.39375,0.33611111111111114,t-bone
videos/oocg-wnFMDE_00.mp4,7.808,0.221875,0.17083333333333334,rear-end
videos/oqzyCtlqYUw_00.mp4,7.017,0.58125,0.4166666666666667,single
videos/orZsH8JuEE4_00.mp4,2.767,0.44938271604938274,0.33611111111111114,t-bone
videos/otYsKPJqTr0_00.mp4,3.475,0.49921875,0.3541666666666667,t-bone
videos/ov4h43VcSuQ_00.mp4,4.183,0.4166666666666667,0.7055555555555556,single
videos/owO2-pjxOqs_00.mp4,4.1,0.39375,0.5,t-bone
videos/ozCjkCKp6DQ_00.mp4,7.017,0.6444444444444445,0.49907407407407406,t-bone
videos/ozOAT76M0PM_00.mp4,3.35,0.5619791666666667,0.850925925925926,t-bone
videos/p-8rTEjl_30_00.mp4,14.586,0.7528409090909091,0.5611111111111111,rear-end
videos/p-Tdocrz9HI_00.mp4,3.308,0.6057291666666667,0.6787037037037037,rear-end
videos/p1ibbi6Pljw_00.mp4,6.315,0.11484375,0.5486111111111112,rear-end
videos/p3XgqO9PzH4_00.mp4,9.725,0.43645833333333334,0.4375,rear-end
videos/p5G4xCcukEA_00.mp4,11.898,0.6130208333333333,0.6,t-bone
videos/p6vrqyzdnSQ_00.mp4,6.725,0.44895833333333335,0.39305555555555555,single
videos/p7GtPUgji9w_00.mp4,1.85,0.65,0.5569444444444445,rear-end
videos/pA6q7Q2EQrw_20_00.mp4,0.917,0.49375,0.4486111111111111,rear-end
videos/pA6q7Q2EQrw_21_00.mp4,1.375,0.6796875,0.4986111111111111,t-bone
videos/pA6q7Q2EQrw_22_00.mp4,4.183,0.49921875,0.4986111111111111,rear-end
videos/pA6q7Q2EQrw_25_00.mp4,0.0,0.6796875,0.4986111111111111,single
videos/pA6q7Q2EQrw_32_00.mp4,0.333,0.39375,0.5486111111111112,single
videos/pA6q7Q2EQrw_3_00.mp4,3.017,0.58125,0.31805555555555554,rear-end
videos/pA6q7Q2EQrw_8_00.mp4,2.183,0.56171875,0.3541666666666667,t-bone
videos/pA_dEaPv-yk_00.mp4,1.35,0.43697916666666664,0.562037037037037,single
videos/pB-O0UY9gM8_00.mp4,0.5,0.19114583333333332,0.49907407407407406,single
videos/pB-O0UY9gM8_01.mp4,1.0,0.43697916666666664,0.07222222222222222,single
videos/pJD9bGTb5Mo_00.mp4,6.1,0.49921875,0.4986111111111111,t-bone
videos/pK1JUx-kk5U_00.mp4,5.475,0.775,0.4986111111111111,rear-end
videos/pMA26OVWUOY_00.mp4,3.642,0.43583333333333335,0.7851851851851852,single
videos/pPBBcgLkgfE_00.mp4,0.0,0.29921875,0.2125,single
videos/pQ84BiOk854_00.mp4,0.167,0.49921875,0.6791666666666667,t-bone
videos/pS5SXfuqz-4_00.mp4,10.308,0.5484375,0.4486111111111111,single
videos/pS8q0o3ygtI_00.mp4,5.933,0.43645833333333334,0.8069444444444445,rear-end
videos/pSjvg4Zq3-4_00.mp4,9.35,0.11458333333333333,0.8268518518518518,single
videos/pUUmNU7jrXI_00.mp4,3.85,0.3194444444444444,0.2861111111111111,single
videos/pVzWMPYJOrI_00.mp4,3.517,0.6614583333333334,0.2986111111111111,single
videos/pWUkfZdWn7M_00.mp4,1.375,0.35462962962962963,0.6791666666666667,single
videos/pYs0DHkGyec_00.mp4,0.375,0.95546875,0.11388888888888889,single
videos/paIiPXuFj7Q_00.mp4,18.05,0.6625,0.6990740740740741,single
videos/pb5K0aVve9o_00.mp4,4.475,0.3549382716049383,0.49907407407407406,rear-end
videos/pcT3Lr767_M_00.mp4,10.025,0.2859848484848485,0.4986111111111111,single
videos/pnV5RLCskPI_00.mp4,2.017,0.6442708333333333,0.8074074074074075,single
videos/poiJgI2OE-w_00.mp4,10.017,0.5421545667447307,0.4479166666666667,t-bone
videos/pwc7SEk8BA4_00.mp4,10.371,0.4171875,0.8069444444444445,t-bone
videos/pyL525xZdfw_00.mp4,3.267,0.35511363636363635,0.4986111111111111,rear-end
videos/pyq3j3CobZ0_00.mp4,0.917,0.35462962962962963,0.5611111111111111,rear-end
videos/q0ReAwAoB6c_00.mp4,5.183,0.7857142857142857,0.4973958333333333,single
videos/q7UutMH5DTM_00.mp4,0.5,0.39375,0.19027777777777777,rear-end
videos/qCBttHwTwnQ_00.mp4,9.19,0.29921875,0.5361111111111111,single
videos/qCDsyJKE1MA_00.mp4,5.308,0.49947916666666664,0.5814814814814815,rear-end
videos/qFypaL4RVTw_00.mp4,12.567,0.5819444444444445,0.5814814814814815,single
videos/qNH-EtH6qPo_00.mp4,5.267,0.31851851851851853,0.8069444444444445,rear-end
videos/qOKeWK8IZHs_00.mp4,5.017,0.37578125,0.7486111111111111,single
videos/qOTEPSVfGSI_00.mp4,12.231,0.6442708333333333,0.49907407407407406,t-bone
videos/qRIoLYMJVcs_00.mp4,3.725,0.80703125,0.4986111111111111,single
videos/qWlYogH_23M_00.mp4,2.767,0.64375,0.6791666666666667,t-bone
videos/qZlVsk7-fsk_00.mp4,7.808,0.8083333333333333,0.44907407407407407,rear-end
videos/qdHRfSReZ0w_00.mp4,0.0,0.5369791666666667,0.5361111111111111,single
videos/qfCt6R_rTMY_00.mp4,6.19,0.9722222222222222,0.7527777777777778,single
videos/qigDKE0vaXw_00.mp4,6.517,0.14791666666666667,0.29907407407407405,rear-end
videos/qkOFqDO_mL4_00.mp4,3.433,0.6444444444444445,0.49907407407407406,t-bone
videos/qnyC61bVCJQ_00.mp4,7.975,0.58125,0.6430555555555556,single
videos/qq34-Ch0SYE_00.mp4,6.142,0.43645833333333334,0.6791666666666667,single
videos/qx2zGl2mYt0_00.mp4,5.517,0.31796875,0.5819444444444445,rear-end
videos/qzOpk_d1pGU_00.mp4,4.433,0.8072916666666666,0.4166666666666667,single
videos/r-f6Tk6M_kQ_00.mp4,9.864,0.7114583333333333,0.4986111111111111,single
videos/r-fThmrFOqs_00.mp4,4.725,0.8072916666666666,0.4986111111111111,t-bone
videos/r-k-zVvecKs_00.mp4,5.798,0.5614583333333333,0.31805555555555554,t-bone
videos/r0IIrqV5xPo_00.mp4,4.1,0.49375,0.24583333333333332,single
videos/r1fGrsOle9M_00.mp4,5.767,0.35541666666666666,0.49907407407407406,single
videos/r30SzXochSk_00.mp4,5.683,0.2921875,0.9263888888888889,single
videos/r4P0kKBitVM_00.mp4,10.568,0.6125,0.4986111111111111,rear-end
videos/rA5O9Okdkss_00.mp4,5.683,0.3194444444444444,0.7851851851851852,rear-end
videos/rAqvr6D_CwU_00.mp4,15.83,0.28671875,0.8069444444444445,rear-end
videos/rDkG2tN8W8o_00.mp4,0.833,0.6615925058548009,0.8828125,single
videos/rEKHRhOLjm4_00.mp4,0.417,0.5866666666666667,0.549074074074074,single
videos/rJaAl_YfQiM_00.mp4,12.486,0.109375,0.8763888888888889,single
videos/rNLWvxHU5E4_00.mp4,4.35,0.190625,0.6791666666666667,t-bone
videos/rNaMkFBhxmI_00.mp4,1.475,0.6791666666666667,0.6791666666666667,single
videos/rQy2l6gxB8c_0_00.mp4,6.35,0.26328125,0.5611111111111111,single
videos/rQy2l6gxB8c_1_00.mp4,2.6,0.49921875,0.4986111111111111,t-bone
videos/rQy2l6gxB8c_3_00.mp4,5.475,0.3734375,0.3541666666666667,single
videos/rRqKYOsYITQ_00.mp4,1.5,0.43686868686868685,0.37592592592592594,single
videos/rSQtKYBkOg0_00.mp4,2.225,0.5817708333333333,0.8074074074074075,t-bone
videos/rTa4OCFz0i8_00.mp4,2.683,0.64375,0.4486111111111111,t-bone
videos/rZ4OS1E_Hqg_00.mp4,3.183,0.1909722222222222,0.8074074074074075,rear-end
videos/r_Ca7EkJDdg_00.mp4,3.058,0.5426136363636364,0.38472222222222224,single
videos/r_hzgvP7sJg_00.mp4,3.767,0.3191358024691358,0.21296296296296297,t-bone
videos/r_s-IxnbXkw_00.mp4,0.0,0.04259259259259259,0.4986111111111111,single
videos/reXieySb4JI_00.mp4,6.725,0.8080246913580247,0.6435185185185185,rear-end
videos/rivjQ5XnuIg_00.mp4,11.392,0.67890625,0.7763888888888889,single
videos/rk8CtIpbG5w_00.mp4,6.808,0.3194444444444444,0.4986111111111111,single
videos/rm4qKkLP9-A_00.mp4,27.292,0.6994949494949495,0.549074074074074,single
videos/rqXj43PDmBw_00.mp4,0.0,0.5481481481481482,0.2986111111111111,single
videos/rsB7TD2zW4A_00.mp4,8.079,0.44895833333333335,0.6041666666666666,single
videos/ru5QM17tRfk_00.mp4,12.325,0.8074494949494949,0.43703703703703706,rear-end
videos/russia11_00.mp4,6.308,0.2637959866220736,0.4992603550295858,single
videos/russia12_00.mp4,3.642,0.31981605351170567,0.4171597633136095,single
videos/russia13_00.mp4,1.725,0.22157190635451504,0.28624260355029585,rear-end
videos/russia14_00.mp4,2.1,0.499581589958159,0.49849624060150377,t-bone
videos/russia15_00.mp4,3.017,0.6251046025104603,0.3548872180451128,t-bone
videos/russia16_00.mp4,4.142,0.4372384937238494,0.06541353383458647,t-bone
videos/russia17_00.mp4,3.142,0.5619246861924686,0.24586466165413534,t-bone
videos/russia18_00.mp4,4.85,0.5619246861924686,0.3548872180451128,rear-end
videos/russia19_00.mp4,4.1,0.4372384937238494,0.3548872180451128,t-bone
videos/russia1_00.mp4,5.392,0.2637959866220736,0.35502958579881655,t-bone
videos/russia20_00.mp4,1.417,0.17196652719665273,0.49849624060150377,rear-end
videos/russia21_00.mp4,4.225,0.4988801791713326,0.3940609951845907,rear-end
videos/russia22_00.mp4,1.542,0.4988801791713326,0.6797752808988764,t-bone
videos/russia23_00.mp4,3.1,0.7525337837837838,0.4165316045380875,t-bone
videos/russia2_00.mp4,2.017,0.31978206202849957,0.24624624624624625,t-bone
videos/russia3_00.mp4,4.642,0.39354568315171834,0.24624624624624625,rear-end
videos/russia4_00.mp4,5.542,0.4991617770326907,0.3551051051051051,rear-end
videos/russia6_00.mp4,3.892,0.3549874266554904,0.49924924924924924,t-bone
videos/russia7_00.mp4,4.6,0.3189799331103679,0.35502958579881655,t-bone
videos/russia8_00.mp4,3.058,0.4995819397993311,0.2988165680473373,rear-end
videos/s5rpnFmqofQ_00.mp4,3.475,0.49921875,0.6430555555555556,t-bone
videos/s80RaghtMRk_00.mp4,0.0,0.9557291666666666,0.3851851851851852,single
videos/s80RaghtMRk_01.mp4,0.0,0.6505208333333333,0.29907407407407405,single
videos/s80RaghtMRk_02.mp4,2.892,0.41770833333333335,0.3194444444444444,t-bone
videos/s80RaghtMRk_03.mp4,0.0,0.6994791666666667,0.29907407407407405,single
videos/s80RaghtMRk_04.mp4,1.375,0.6802083333333333,0.49907407407407406,rear-end
videos/sKJdbm04q6U_00.mp4,0.0,0.3368055555555556,0.29907407407407405,single
videos/sRM9RLRUYjI_00.mp4,18.05,0.37569444444444444,0.8268518518518518,rear-end
videos/sRyjIctHIdA_00.mp4,17.492,0.6994791666666667,0.44166666666666665,single
videos/sV5FN5PePOQ_00.mp4,2.517,0.49895833333333334,0.7763888888888889,rear-end
videos/sckLwIfeCT4_00.mp4,11.871,0.5425925925925926,0.7847222222222222,single
videos/seHQ5Y5g5Ns_00.mp4,2.267,0.3984375,0.4986111111111111,rear-end
videos/sfGi08xARHo_00.mp4,3.642,0.8416666666666667,0.4486111111111111,t-bone
videos/sja7nF8p6tw_00.mp4,9.232,0.8072916666666666,0.6791666666666667,rear-end
videos/sl2h_VexIkA_00.mp4,5.183,0.43671875,0.5611111111111111,sideswipe
videos/snZGxCZ7vFM_00.mp4,0.0,0.3859375,0.5361111111111111,single
videos/snpgCzf-mK4_00.mp4,11.715,0.9265625,0.6986111111111111,single
videos/soihnyrvZms_00.mp4,2.267,0.712037037037037,0.6777777777777778,rear-end
videos/sppaLXwUokY_00.mp4,6.828,0.4995833333333333,0.8074074074074075,rear-end
videos/ssoscEvTTLc_00.mp4,3.892,0.5492424242424242,0.2861111111111111,rear-end
videos/suSfwiex1Kk_00.mp4,0.0,0.29305555555555557,0.35462962962962963,single
videos/swAfXA86Sk8_00.mp4,10.245,0.19375,0.5486111111111112,single
videos/swb5GdD__W0_00.mp4,0.0,0.31979166666666664,0.49907407407407406,rear-end
videos/swjfOB7CzTM_00.mp4,15.975,0.2993827160493827,0.7851851851851852,single
videos/sxonKsim9qE_00.mp4,13.069,0.4993827160493827,0.8074074074074075,single
videos/sy3K_DPXi1g_00.mp4,9.433,0.49936868686868685,0.6435185185185185,t-bone
videos/t1jKUTg1Qq0_00.mp4,5.892,0.31953125,0.19027777777777777,rear-end
videos/tAGibqigAx0_00.mp4,4.017,0.6796296296296296,0.3541666666666667,t-bone
videos/tB1MoGqqKsA_00.mp4,7.267,0.82734375,0.4125,single
videos/tDN-mwNSJc8_2_00.mp4,3.767,0.7859375,0.5486111111111112,rear-end
videos/tDN-mwNSJc8_3_00.mp4,3.6,0.80703125,0.4986111111111111,t-bone
videos/tDN-mwNSJc8_4_00.mp4,2.767,0.6796875,0.4986111111111111,t-bone
videos/tDN-mwNSJc8_5_00.mp4,1.625,0.80703125,0.4986111111111111,t-bone
videos/tDN-mwNSJc8_8_00.mp4,2.267,0.75234375,0.4166666666666667,t-bone
videos/tDN-mwNSJc8_9_00.mp4,5.767,0.64375,0.4166666666666667,t-bone
videos/tFS_Hk-qEiQ_00.mp4,0.0,0.5851851851851851,0.2986111111111111,rear-end
videos/tHW7Y0dIwkg_00.mp4,5.683,0.64375,0.8069444444444445,rear-end
videos/tJlFR_bbD6s_00.mp4,3.933,0.45546875,0.3972222222222222,rear-end
videos/tK1wd_HCYNo_00.mp4,13.231,0.8083333333333333,0.7851851851851852,single
videos/tSSn6ZA4cfI_00.mp4,4.267,0.4989648033126294,0.41944444444444445,single
videos/tX9OSNQL0hg_00.mp4,1.667,0.6791666666666667,0.8069444444444445,rear-end
videos/taahlmWl1Pc_00.mp4,3.35,0.54921875,0.65,rear-end
videos/teLTVBt01wU_00.mp4,5.433,0.6796296296296296,0.4986111111111111,t-bone
videos/tm9gYOoBRmM_00.mp4,11.399,0.11354166666666667,0.4986111111111111,single
videos/tmZqFNBoF-E_00.mp4,2.017,0.0654320987654321,0.23703703703703705,rear-end
videos/tmklYgHVZcY_00.mp4,6.517,0.58125,0.5611111111111111,t-bone
videos/tmv5qTrk8H4_00.mp4,0.083,0.44921875,0.4986111111111111,rear-end
videos/tnO5_kjf1II_00.mp4,3.35,0.6234375,0.14722222222222223,single
videos/tnXaQLZivt0_00.mp4,2.25,0.4990530303030303,0.4986111111111111,t-bone
videos/tqSAFTzuCy4_00.mp4,3.392,0.6049528301886793,0.39375,single
videos/trvzPZZfNPs_00.mp4,8.392,0.6125,0.4986111111111111,single
videos/twdqtlixsj0_00.mp4,4.916,0.44958333333333333,0.19074074074074074,t-bone
videos/typL5MlQdQU_00.mp4,10.675,0.8078125,0.49907407407407406,t-bone
videos/u3KPKXc9A1c_00.mp4,4.725,0.190625,0.5611111111111111,t-bone
videos/u4lFhg1C20o_00.mp4,0.0,0.11363636363636363,0.4625,single
videos/uAkT7TEx6uM_00.mp4,2.225,0.80703125,0.8069444444444445,t-bone
videos/uAmblqScf8Q_00.mp4,7.142,0.54921875,0.3194444444444444,single
videos/uC7g8msxRak_00.mp4,6.933,0.49895833333333334,0.8069444444444445,single
videos/uCHnvKyEwYU_00.mp4,9.202,0.6891666666666667,0.49907407407407406,rear-end
videos/uD3kjTme_dU_00.mp4,0.0,0.2989583333333333,0.2986111111111111,single
videos/uD3kjTme_dU_01.mp4,0.25,0.265625,0.8847222222222222,single
videos/uGvzo8mRSSo_00.mp4,0.0,0.8083333333333333,0.3851851851851852,single
videos/uJR-x2ahMjo_00.mp4,8.648,0.5814814814814815,0.35462962962962963,t-bone
videos/uKieP03gwxQ_00.mp4,0.0,0.5489583333333333,0.6990740740740741,single
videos/uPwNRl6V9i8_00.mp4,11.569,0.6234375,0.4986111111111111,single
videos/uQHq1rdhTNQ_00.mp4,15.364,0.3927083333333333,0.4166666666666667,rear-end
videos/uSTubEz9Mpw_00.mp4,8.004,0.43676814988290397,0.8072916666666666,rear-end
videos/udobZNZzMZE_00.mp4,6.134,0.4756944444444444,0.8842592592592593,single
videos/udxjyNtNiV4_00.mp4,7.6,0.31875,0.6041666666666666,single
videos/udz8ku0RP6Q_00.mp4,0.0,0.11484375,0.4125,single
videos/ue2PvUTPXTs_00.mp4,4.35,0.60546875,0.8263888888888888,rear-end
videos/ufUZKmdTyaM_00.mp4,2.975,0.6791666666666667,0.4986111111111111,t-bone
videos/ufVELUluHJE_00.mp4,8.567,0.11388888888888889,0.44907407407407407,single
videos/uh5OqU0h4ZM_00.mp4,4.642,0.4197916666666667,0.6990740740740741,t-bone
videos/ui52V2KkRN4_00.mp4,0.0,0.45625,0.49907407407407406,single
videos/uiZD8Fw0SGc_00.mp4,6.183,0.43671875,0.5819444444444445,single
videos/ulSxHhFWUhM_00.mp4,3.892,0.58125,0.4986111111111111,t-bone
videos/un3zKlzQR0s_00.mp4,2.433,0.31875,0.4986111111111111,rear-end
videos/unS0-TLF1ao_00.mp4,0.0,0.6010416666666667,0.29907407407407405,single
videos/unTKXNwIN1A_00.mp4,12.684,0.3191358024691358,0.2861111111111111,rear-end
videos/uoY--IlBdjw_00.mp4,0.583,0.35,0.44583333333333336,single
videos/uoY--IlBdjw_01.mp4,3.6,0.596875,0.38333333333333336,single
videos/uoY--IlBdjw_02.mp4,1.208,0.35,0.49583333333333335,single
videos/upawiSphDM8_2_00.mp4,1.375,0.496875,0.5449438202247191,t-bone
videos/ur7JERJrVQs_00.mp4,2.725,0.41761363636363635,0.5611111111111111,rear-end
videos/urdxgkwYUqM_00.mp4,5.189,0.4993827160493827,0.8842592592592593,single
videos/uwdOQc-iC_c_00.mp4,3.933,0.24583333333333332,0.5611111111111111,single
videos/uwi_3_tL3us_00.mp4,3.225,0.49947916666666664,0.8074074074074075,single
videos/v-XEgdEkmEk_00.mp4,3.107,0.2989583333333333,0.25,single
videos/v0VVrqk4l3o_00.mp4,5.683,0.49921875,0.5416666666666666,rear-end
videos/v45DbbZotgI_00.mp4,0.5,0.29907407407407405,0.6625,rear-end
videos/v9jwlgooOmE_00.mp4,1.458,0.5489583333333333,0.2986111111111111,single
videos/vC6P5GxfX-Q_00.mp4,3.517,0.41790123456790124,0.2462962962962963,single
videos/vFEHKkVl-og_00.mp4,3.017,0.67890625,0.375,rear-end
videos/vMqldj7d7e0_00.mp4,20.1,0.44921875,0.5611111111111111,single
videos/vMzEXTNSTzw_00.mp4,4.808,0.3541666666666667,0.3541666666666667,t-bone
videos/vOurgVV6O90_00.mp4,1.975,0.2125,0.2125,rear-end
videos/vPWarRX_sVI_00.mp4,9.725,0.6619318181818182,0.2986111111111111,rear-end
videos/vR3sZ1IxPAo_00.mp4,8.812,0.23734567901234568,0.449537037037037,single
videos/vR3sZ1IxPAo_01.mp4,7.142,0.12253086419753087,0.337037037037037,single
videos/vUnflRkNPsI_00.mp4,4.725,0.64375,0.9333333333333333,single
videos/vVeLx1IopnM_00.mp4,10.0,0.41302083333333334,0.7324074074074074,single
videos/vWus0so2b0w_00.mp4,7.658,0.3546099290780142,0.31666666666666665,t-bone
videos/vXrwMyoMA4c_00.mp4,6.683,0.5,0.45555555555555555,sideswipe
videos/v_i8N0-kt2w_00.mp4,11.107,0.6234375,0.29907407407407405,rear-end
videos/vbIXlHZnRo4_00.mp4,6.642,0.5572916666666666,0.49907407407407406,single
videos/vcN-clDH2A8_00.mp4,9.528,0.49895833333333334,0.4986111111111111,rear-end
videos/ve9ThZ4xzrQ_00.mp4,2.975,0.54921875,0.5486111111111112,single
videos/vfx-a0mKrFo_00.mp4,12.364,0.6231060606060606,0.5486111111111112,rear-end
videos/video130_00.mp4,4.642,0.43697916666666664,0.2861111111111111,t-bone
videos/video136_00.mp4,3.017,0.49895833333333334,0.17037037037037037,single
videos/video13_00.mp4,7.775,0.58125,0.2361111111111111,rear-end
videos/video187_00.mp4,5.517,0.5806962025316456,0.5,sideswipe
videos/video193_00.mp4,8.85,0.5614583333333333,0.2849264705882353,t-bone
videos/video24_00.mp4,3.642,0.49921875,0.4986111111111111,sideswipe
videos/video26_00.mp4,10.725,0.3670212765957447,0.21296296296296297,rear-end
videos/video33_00.mp4,2.892,0.6401273885350318,0.4322916666666667,rear-end
videos/video38_00.mp4,0.25,0.7023121387283237,0.30927835051546393,single
videos/video52_00.mp4,3.35,0.19114583333333332,0.49907407407407406,single
videos/video56_00.mp4,1.25,0.3171875,0.3532608695652174,t-bone
videos/video57_00.mp4,2.683,0.221875,0.49907407407407406,t-bone
videos/video60_00.mp4,6.517,0.35520833333333335,0.35462962962962963,t-bone
videos/video72_00.mp4,2.267,0.07322834645669292,0.17083333333333334,single
videos/vii3d_HkqvY_00.mp4,1.542,0.49907407407407406,0.4986111111111111,rear-end
videos/vqIPnFuQ22c_00.mp4,0.083,0.41805555555555557,0.49907407407407406,single
videos/vrkLno9PSfU_00.mp4,5.642,0.49947916666666664,0.1712962962962963,single
videos/vsgWvWqscHk_00.mp4,5.356,0.7368055555555556,0.8231481481481482,single
videos/vtXjJLurYMY_00.mp4,5.175,0.5619791666666667,0.43703703703703706,rear-end
videos/vxZ47DoPNY8_00.mp4,2.808,0.8078125,0.19074074074074074,single
videos/w-oDFvzkC8o_00.mp4,5.642,0.5749414519906323,0.375,rear-end
videos/w0jywVfX7LY_00.mp4,0.583,0.884375,0.6986111111111111,rear-end
videos/w1jVynKgMzo_00.mp4,9.925,0.1909722222222222,0.49907407407407406,single
videos/w5gsLw2EF-w_00.mp4,2.725,0.6927083333333334,0.475,single
videos/w5i2d9URq1I_00.mp4,5.933,0.43671875,0.6430555555555556,rear-end
videos/w7lzIHFlSsE_00.mp4,4.475,0.6444444444444445,0.49907407407407406,t-bone
videos/wGZiHg7a5wU_00.mp4,5.079,0.39791666666666664,0.6,rear-end
videos/wHixrZXgXRI_00.mp4,2.308,0.734375,0.8069444444444445,rear-end
videos/wJBN4-qBBWI_00.mp4,6.1,0.2869791666666667,0.35462962962962963,single
videos/wQ0jtlL3tbA_00.mp4,12.481,0.6989583333333333,0.5486111111111112,single
videos/wQ_pGHoj2SI_00.mp4,9.898,0.11419753086419752,0.29907407407407405,rear-end
videos/wScVipt0pWk_10_00.mp4,0.5,0.54921875,0.6041666666666666,t-bone
videos/wScVipt0pWk_12_00.mp4,2.725,0.190625,0.7111111111111111,rear-end
videos/wScVipt0pWk_13_00.mp4,2.808,0.49921875,0.3541666666666667,t-bone
videos/wScVipt0pWk_15_00.mp4,1.25,0.31796875,0.8069444444444445,t-bone
videos/wScVipt0pWk_17_00.mp4,2.392,0.28671875,0.6791666666666667,t-bone
videos/wScVipt0pWk_3_00.mp4,1.5,0.2921875,0.4986111111111111,single
videos/wScVipt0pWk_7_00.mp4,1.292,0.3546875,0.5819444444444445,rear-end
videos/wSuWfSgwKZU_00.mp4,0.0,0.6993827160493827,0.412962962962963,single
videos/wVHxOW_jAvo_00.mp4,0.0,0.49895833333333334,0.6194444444444445,single
videos/w_4-UPeU_zc_00.mp4,8.683,0.28708333333333336,0.6990740740740741,single
videos/whARwNPnlf0_00.mp4,7.642,0.49947916666666664,0.37407407407407406,rear-end
videos/wqYFt0bcNrA_00.mp4,3.683,0.39375,0.6,single
videos/wrKbzGEUOlI_00.mp4,4.6,0.5619791666666667,0.31851851851851853,rear-end
videos/x25XtFGKc-E_00.mp4,2.1,0.5618686868686869,0.6796296296296296,rear-end
videos/x2ymyeli9Xc_00.mp4,3.267,0.49895833333333334,0.4986111111111111,single
videos/x4jVejiZNsI_00.mp4,0.667,0.49947916666666664,0.9259259259259259,single
videos/x5XPG-uYJlM_00.mp4,5.85,0.31875,0.5819444444444445,single
videos/x7R33QUiHHM_00.mp4,6.788,0.2989583333333333,0.2986111111111111,rear-end
videos/x7yDzEf3TxM_00.mp4,3.267,0.36770833333333336,0.5564814814814815,rear-end
videos/x8GY43DccAs_00.mp4,9.591,0.43676814988290397,0.3723958333333333,rear-end
videos/x9KDw9QoeKs_00.mp4,5.933,0.37578125,0.5611111111111111,single
videos/xApGBKUGoR4_00.mp4,9.081,0.33671875,0.7847222222222222,single
videos/xBSWuwJElBc_00.mp4,6.433,0.7364583333333333,0.5486111111111112,single
videos/xCSV8hDQPDo_00.mp4,2.642,0.6502525252525253,0.49907407407407406,single
videos/xDNd4r5dECc_00.mp4,0.0,0.31796875,0.6791666666666667,single
videos/xDbMZ8L-1OY_00.mp4,14.523,0.8078125,0.31851851851851853,t-bone
videos/xDnxHFltzfQ_00.mp4,1.458,0.6798611111111111,0.49907407407407406,rear-end
videos/xFWObpD8KiE_00.mp4,1.5,0.6796875,0.4986111111111111,single
videos/xJTY4uupVuI_00.mp4,6.367,0.043209876543209874,0.44907407407407407,single
videos/xKSqovMmBhw_00.mp4,9.642,0.9744318181818182,0.8041666666666667,single
videos/xKT7khciy-c_10_00.mp4,0.583,0.475,0.5442477876106194,single
videos/xKT7khciy-c_14_00.mp4,2.808,0.64,0.3141592920353982,t-bone
videos/xKT7khciy-c_16_00.mp4,1.85,0.2625,0.7256637168141593,rear-end
videos/xKT7khciy-c_18_00.mp4,1.708,0.435,0.4911504424778761,single
videos/xKT7khciy-c_20_00.mp4,1.083,0.2975,0.5442477876106194,t-bone
videos/xKT7khciy-c_22_00.mp4,1.417,0.9325,0.4911504424778761,t-bone
videos/xKT7khciy-c_2_00.mp4,0.5,0.0625,0.21238938053097345,t-bone
videos/xKT7khciy-c_5_00.mp4,4.517,0.2625,0.18584070796460178,rear-end
videos/xKT7khciy-c_8_00.mp4,2.642,0.17,0.4911504424778761,t-bone
videos/xNdcRobqvsc_00.mp4,1.683,0.41791666666666666,0.49907407407407406,rear-end
videos/xPNA0BFy_og_00.mp4,0.0,0.6444444444444445,0.8074074074074075,single
videos/xP_sW92sGh8_00.mp4,4.767,0.49895833333333334,0.6986111111111111,rear-end
videos/xQCJTgk1AxQ_00.mp4,0.0,0.262037037037037,0.4125,single
videos/xR3X3G9hsZ0_00.mp4,6.433,0.37447916666666664,0.49907407407407406,single
videos/xSMybsal-zs_00.mp4,5.6,0.3546875,0.4375,single
videos/xUocvk0m-mc_00.mp4,4.892,0.5227272727272727,0.7486111111111111,single
videos/xYbFnmG3-Og_00.mp4,3.267,0.6989583333333333,0.7847222222222222,t-bone
videos/xaZ2WJAHrgY_00.mp4,1.125,0.73671875,0.2625,single
videos/xlwF4_7_JIs_00.mp4,3.85,0.64375,0.6430555555555556,rear-end
videos/xoq6jahieRg_00.mp4,1.667,0.21302083333333333,0.21296296296296297,single
videos/xpVTZU4KeZA_00.mp4,6.85,0.9260416666666667,0.6430555555555556,rear-end
videos/xrQ3mx08clM_00.mp4,3.392,0.49921875,0.5819444444444445,single
videos/xrzQq265lAc_00.mp4,3.183,0.49947916666666664,0.6435185185185185,t-bone
videos/xsX4nrMR0ds_00.mp4,6.392,0.6051136363636364,0.3194444444444444,single
videos/xwp9G0TuTUk_00.mp4,6.85,0.47604166666666664,0.49907407407407406,single
videos/y-QrV0SN9V0_00.mp4,1.292,0.39375,0.7361111111111112,single
videos/y-yIv_dFHuc_00.mp4,6.767,0.5491898148148148,0.37592592592592594,single
videos/y1FUdBq8QII_00.mp4,2.683,0.44921875,0.6986111111111111,rear-end
videos/y396l4X6WOk_00.mp4,6.611,0.37447916666666664,0.6435185185185185,rear-end
videos/y4Evv5By6sg_1_00.mp4,4.558,0.64375,0.4986111111111111,rear-end
videos/y4Evv5By6sg_3_00.mp4,3.017,0.44921875,0.6430555555555556,rear-end
videos/y4Evv5By6sg_4_00.mp4,2.975,0.58125,0.5611111111111111,t-bone
videos/y6d2TfbeWFk_00.mp4,1.767,0.3787878787878788,0.6986111111111111,single
videos/y7FiOf3tpnk_00.mp4,25.308,0.6619318181818182,0.30833333333333335,single
videos/yA0g2eWjmNs_00.mp4,5.267,0.44895833333333335,0.3194444444444444,single
videos/yD3Q70U-bD4_00.mp4,7.1,0.24895833333333334,0.6777777777777778,single
videos/yGYOGSKjE3o_00.mp4,1.975,0.49936868686868685,0.6796296296296296,single
videos/yQyB-0PLYAU_00.mp4,3.35,0.171875,0.9259259259259259,single
videos/yQz3PyPvr5Y_00.mp4,4.1,0.07196969696969698,0.6194444444444445,single
videos/yS19DGEwcO4_00.mp4,4.857,0.36666666666666664,0.5486111111111112,rear-end
videos/yS2IYwSqqVk_00.mp4,3.392,0.5489583333333333,0.4486111111111111,t-bone
videos/yTkouPWrmpU_00.mp4,6.45,0.5619791666666667,0.41759259259259257,rear-end
videos/yWyxEWTof1A_00.mp4,7.492,0.8260416666666667,0.6791666666666667,rear-end
videos/yZNmOYWiGY0_00.mp4,3.183,0.190625,0.4986111111111111,rear-end
videos/yaP_9SJBWUg_00.mp4,2.683,0.49921875,0.17083333333333334,single
videos/yab6XEomWGM_00.mp4,18.35,0.190625,0.9333333333333333,single
videos/yap1ac36OsU_00.mp4,22.954,0.49895833333333334,0.4986111111111111,single
videos/ycOLojVqIAg_00.mp4,3.475,0.49921875,0.6430555555555556,t-bone
videos/yd7QK62ESfM_00.mp4,1.292,0.8080246913580247,0.8074074074074075,t-bone
videos/yfkkIC-AN68_00.mp4,5.183,0.8072916666666666,0.4986111111111111,rear-end
videos/ygTLvXB2H_o_00.mp4,3.35,0.49921875,0.31805555555555554,t-bone
videos/ygTLvXB2H_o_01.mp4,2.475,0.31796875,0.3541666666666667,t-bone
videos/ygTLvXB2H_o_02.mp4,5.764,0.75234375,0.8069444444444445,t-bone
videos/yj1M5Qp3k4w_00.mp4,4.392,0.6628787878787878,0.4486111111111111,single
videos/yqaUDA6i5GY_00.mp4,11.392,0.31916666666666665,0.6435185185185185,t-bone
videos/ysTXjULP4u8_00.mp4,2.1,0.8072916666666666,0.4986111111111111,rear-end
videos/yx-CTXIhAGA_00.mp4,2.058,0.24635416666666668,0.07222222222222222,single
videos/yxdh-n8LgyY_00.mp4,2.183,0.6234375,0.5041666666666667,single
videos/yzLkvjtWFeI_00.mp4,5.642,0.190625,0.7055555555555556,rear-end
videos/yzNEliTlFGk_00.mp4,12.788,0.49921875,0.4486111111111111,single
videos/z4J6Y7Hgprc_00.mp4,1.375,0.49907407407407406,0.8069444444444445,single
videos/z6AXuWSU63M_00.mp4,13.9,0.884469696969697,0.6231481481481481,rear-end
videos/zAqi6Odnoiw_00.mp4,4.683,0.49947916666666664,0.49907407407407406,t-bone
videos/zBa7uxOYBd0_00.mp4,0.0,0.6125,0.29907407407407405,single
videos/zCJ_1fc2nwk_00.mp4,2.607,0.49270833333333336,0.24861111111111112,single
videos/zDgcljcRR8A_00.mp4,0.0,0.19074074074074074,0.33611111111111114,single
videos/zISHd2Jt7Qs_00.mp4,6.689,0.5493827160493827,0.33611111111111114,single
videos/zKzNUiaoHZI_00.mp4,4.85,0.8770833333333333,0.5611111111111111,single
videos/zMya6lxe5s8_00.mp4,2.767,0.31875,0.8842592592592593,single
videos/zOgTWOFJpKg_00.mp4,6.017,0.7854166666666667,0.6986111111111111,rear-end
videos/zOgTWOFJpKg_01.mp4,10.725,0.31875,0.7847222222222222,rear-end
videos/zSujHC7MOcU_00.mp4,1.0,0.8077651515151515,0.4986111111111111,t-bone
videos/zVoe5ZUg3kE_00.mp4,2.767,0.5572916666666666,0.9555555555555556,rear-end
videos/zWKHAyNKlF4_00.mp4,20.084,0.5,0.7851851851851852,single
videos/zXKdiWjxhd8_00.mp4,7.35,0.31927083333333334,0.6435185185185185,rear-end
videos/zYgBOSbkY3A_00.mp4,0.833,0.31979166666666664,0.19074074074074074,t-bone
videos/zYgBOSbkY3A_01.mp4,3.683,0.625,0.35462962962962963,t-bone
videos/zYp-honyJC0_00.mp4,1.85,0.28671875,0.4986111111111111,single
videos/zaafsIEj5DI_00.mp4,3.6,0.6791666666666667,0.29907407407407405,rear-end
videos/zaafsIEj5DI_01.mp4,8.283,0.016666666666666666,0.549074074074074,single
videos/zefBTt5RXko_00.mp4,6.225,0.4166666666666667,0.33611111111111114,single
videos/zjHAkzyXOCg_00.mp4,16.486,0.21302083333333333,0.7851851851851852,single
videos/zl0-TZHfZg0_00.mp4,0.583,0.29924242424242425,0.6625,rear-end
videos/zqhQY3WbRjY_00.mp4,10.899,0.49895833333333334,0.6791666666666667,rear-end
videos/zs895pofwv4_00.mp4,4.308,0.11354166666666667,0.5486111111111112,single
videos/zxu3S-7VZUA_00.mp4,1.583,0.3541666666666667,0.6791666666666667,single
videos/zz0qZ-sSCbY_00.mp4,4.183,0.6442708333333333,0.49907407407407406,single
