path,type,rollover,accident_time,accident_frame,center_x,center_y,x1,y1,x2,y2,region,scene_layout,weather,day_time,quality,no_frames,duration,height,width,split_in_distribution,split_geo_aware
videos/Z4kg2Ev3vhk_00.mp4,rear-end,0,11.333,170,0.7359710965276457,0.32449853384093674,0.708076792389657,0.2719139955674833,0.7638654006656344,0.3770830721143901,Georgia,highway,normal,night,Very_Poor,424,29.967,1080,1584,test,test
videos/unS0-TLF1ao_00.mp4,t-bone,0,2.56,64,0.4408139503663372,0.11677798599531192,0.36646010486349906,0.07496927844954203,0.5151677958691753,0.1585866935410818,World,signalized_intersection,normal,night,Very_Poor,148,5.92,1080,1920,test,train
videos/UarP8qU1S-c_00.mp4,single,0,8.667,130,0.5983304287152491,0.23956581754813455,0.5772130234776199,0.2212505797146094,0.6194478339528782,0.25788105538165973,Virginia,highway,normal,night,Poor,222,15.333,2160,3840,train,test
videos/UarP8qU1S-c_01.mp4,single,0,2.033999999999999,30,0.6436103336257744,0.3261419625750528,0.6103694639866423,0.30310324315767023,0.6768512032649066,0.34918068199243535,Virginia,highway,normal,night,Poor,92,6.167000000000002,2160,3840,train,test
videos/nAXTthLfgtI_00.mp4,single,0,4.125,62,0.44196140395270556,0.2631676143187077,0.41783240149418616,0.24935719339936005,0.46609040641122496,0.2769780352380554,Virginia,highway,normal,night,Very_Poor,208,13.875,720,960,test,test
videos/fzWY0vLAXzI_00.mp4,t-bone,1,4.2,88,0.3738429670790817,0.15865915813434345,0.2947225091643737,0.042847996120306917,0.4529634249937898,0.27447032014837996,World,signalized_intersection,snow,day,Fine,188,8.866666,1080,1920,test,train
videos/vxZ47DoPNY8_00.mp4,single,1,2.8333329999999997,50,0.766782384048257,0.1465548309063667,0.7122739700786288,0.08309319549808482,0.8212907980178854,0.21001646631464857,World,city_street,rain,day,Good,138,7.733333000000001,1080,1920,test,train
videos/OXVXsdDT9QQ_00.mp4,t-bone,0,0.9999999999999999,17,0.609537557601119,0.449222597236723,0.3713693395262867,0.2633761047824245,0.8477057756759513,0.6350690896910215,World,signalized_intersection,normal,night,Fine,88,5.3,1080,1920,test,train
videos/VozrseCzhQc_00.mp4,single,0,5.583,84,0.6552197554799563,0.5726128432974175,0.6252408576162268,0.5436761919052903,0.6851986533436857,0.6015494946895447,Virginia,highway,rain,day,Poor,144,9.583,720,960,test,test
videos/kABWTDKgc9U_00.mp4,t-bone,0,6.566,197,0.5033242468107538,0.8366790702574894,0.39309587208131486,0.6733581405149789,0.6135526215401929,1.0,Alabama,signalized_intersection,normal,day,Good,887,29.599999999999998,1080,2400,test,test
videos/ftk_fSc4haM_00.mp4,t-bone,1,5.200000000000001,130,0.5920095566606638,0.2791989837530246,0.5276727121536775,0.24096376467698014,0.6563464011676501,0.31743420282906903,World,signalized_intersection,normal,night,Good,357,14.4,720,1280,test,train
videos/BgdKGnFqz0I_00.mp4,t-bone,0,5.033,125,0.4524462830291597,0.407348201981402,0.4223320776008147,0.38989235295459823,0.4825604884575047,0.4248040510082058,World,signalized_intersection,normal,day,Fine,240,9.633,720,1280,test,train
videos/LiM5LPSZoow_00.mp4,t-bone,0,3.583,53,0.3515483745457829,0.8551715749831462,0.20903891319781615,0.7104779111624928,0.49405783589374974,0.9998652388037996,Alabama,signalized_intersection,normal,day,Fine,448,29.917,720,1080,test,test
videos/F0NHENn-HS4_00.mp4,rear-end,0,2.533,39,0.48088433487101845,0.2632764492858974,0.4548809615958884,0.22433234967987478,0.5068877081461485,0.30222054889191996,Alabama,highway,normal,day,Fine,314,20.9,1080,1620,train,test
videos/maJsgJsapH4_00.mp4,rear-end,0,7.0,69,0.6096918196754824,0.5378166286112214,0.563505596587367,0.4677585082505641,0.6558780427635977,0.6078747489718785,Alabama,highway,normal,day,Poor,299,30.0,1080,1920,train,test
videos/iA_u73BG4ZM_00.mp4,rear-end,0,3.867,116,0.6292818862901115,0.5086121098732587,0.6068059391282048,0.49333689472937886,0.6517578334520181,0.5238873250171385,Alabama,highway,normal,day,Very_Poor,900,30.0,720,1280,test,test
videos/maJGw3hQs_s_00.mp4,t-bone,0,3.125,31,0.3325338358948649,0.3033578948235349,0.3026541602830316,0.28586222333972355,0.3624135115066982,0.32085356630734624,Alabama,simple_intersection,normal,day,Very_Poor,299,29.917,720,1280,test,test
videos/aPsS_HaokoU_00.mp4,t-bone,0,5.375,80,0.4188969045316456,0.8820730267578665,0.18545341163499787,0.7644258511373445,0.6523403974282933,0.9997202023783883,Alabama,signalized_intersection,normal,day,Poor,325,29.708,720,1056,test,test
videos/aF2Hbp8C23A_00.mp4,rear-end,1,3.042,45,0.3648590828435604,0.4844132335652447,0.3349133489363249,0.44458384859559386,0.3948048167507958,0.5242426185348955,Alabama,signalized_intersection,normal,day,Poor,145,9.708,720,1280,test,test
videos/82sQ7N-aHOw_00.mp4,t-bone,0,1.0,15,0.06206850560637785,0.38534404857058796,0.05177878805121385,0.37712004376469055,0.07235822316154183,0.39356805337648537,Alabama,grade_separated_intersection,normal,day,Poor,234,15.624999999999998,720,1080,test,test
videos/bJMc3sNP2AU_00.mp4,t-bone,1,2.133,32,0.8036804152152286,0.2234744851718797,0.7857313607200345,0.2042566823760443,0.8216294697104228,0.2426922879677151,Alabama,highway,rain,night,Poor,99,6.6,1080,1620,test,test
videos/XaqA-uzqeNc_00.mp4,single,0,2.25,34,0.26390413884784925,0.47793741913287663,0.07186873137060681,0.27267212389027484,0.45593954632509165,0.6832027143754784,Alabama,highway,normal,day,Fine,121,8.125,720,1080,train,test
videos/gp_9zTMpVrs_00.mp4,single,0,1.917,29,0.6037132304533743,0.26564179270663957,0.5896802021692171,0.2468640978135732,0.6177462587375314,0.2844194875997059,Alabama,signalized_intersection,normal,day,Very_Poor,421,28.042,720,1056,test,test
videos/B_nBw3PcHXg_00.mp4,rear-end,1,4.833,75,0.7201624579988579,0.3734230537510659,0.6817286690202561,0.34229855514534585,0.7585962469774599,0.40454755235678586,Alabama,signalized_intersection,normal,night,Poor,475,29.933,1080,1920,test,test
videos/jq-5EaxSR3M_00.mp4,t-bone,1,3.208,48,0.48118616958940663,0.28872527401926823,0.4432945085758553,0.24628166356007267,0.519077830602958,0.33116888447846377,Alabama,highway,normal,day,Poor,449,29.958,720,1080,test,test
videos/4jVVNw9AF2s_00.mp4,t-bone,0,5.667,84,0.24004492028803628,0.34059500251978403,0.2023926244501817,0.31474774955653356,0.2776972161258909,0.36644225548303455,Alabama,signalized_intersection,normal,night,Poor,448,29.958,720,1080,test,test
videos/FR3eYZzgeJY_00.mp4,t-bone,0,2.875,38,0.6272805098797243,0.9001957262229705,0.4637107547566143,0.8005715104973542,0.7908502650028342,0.9998199419485867,Alabama,signalized_intersection,normal,night,Poor,365,29.958,720,1056,test,test
videos/ApyekBAgfg8_00.mp4,head-on,0,4.0,60,0.805731281813752,0.6415995078476221,0.6761304619984891,0.5365445243197124,0.9353321016290148,0.7466544913755317,Alabama,signalized_intersection,normal,night,Good,448,29.958333,720,1056,train,test
videos/Mem77KKhF8c_00.mp4,head-on,0,1.208,18,0.08522166588863682,0.6975185464801972,6.409429238259452e-05,0.5688346362955085,0.17037923748489103,0.826202456664886,Alabama,signalized_intersection,normal,night,Very_Poor,438,29.958,720,1056,test,test
videos/GSvQCAPnFGo_00.mp4,t-bone,0,4.583,68,0.8306308848282025,0.5676760468821443,0.7354836729455088,0.4951924582021194,0.9257780967108962,0.6401596355621694,Alabama,signalized_intersection,normal,day,Fine,448,29.917,720,1280,test,test
videos/fgI4vUtP_1I_00.mp4,single,0,4.25,63,0.7337665630945571,0.36386705370184325,0.7119214861164055,0.3510675230296455,0.7556116400727088,0.37666658437404094,Alabama,highway,rain,day,Poor,448,29.917,720,1080,test,test
videos/TthKPyywzu8_00.mp4,rear-end,0,5.0,74,0.4933970903611539,0.29974389293717457,0.42455044848274626,0.2531660207349241,0.5622437322395616,0.34632176513942503,Alabama,signalized_intersection,normal,night,Very_Poor,434,30.0,1080,1624,test,test
videos/LklNl33KztU_00.mp4,single,0,6.667,100,0.8856381909989932,0.40975151826688283,0.8626222894548636,0.39399444480018525,0.9086540925431228,0.42550859173358035,Alabama,highway,normal,day,Poor,399,26.6,1080,1620,train,test
videos/tK1wd_HCYNo_00.mp4,t-bone,0,7.533,113,0.3420452834631443,0.35447301388978675,0.3066395099996558,0.31737131506652244,0.3774510569266328,0.39157471271305105,Alabama,grade_separated_intersection,normal,night,Very_Poor,450,30.033,1080,1920,test,test
videos/mntY3Xh8lT4_00.mp4,sideswipe,0,4.833,70,0.38501720549787133,0.504110981824867,0.3654766336762277,0.4851146385315495,0.4045577773195149,0.5231073251181846,Alabama,grade_separated_intersection,normal,night,Poor,359,24.583,720,1080,test,test
videos/CzOWGXrwbp4_00.mp4,sideswipe,0,10.771,161,0.6540918293386159,0.16128053975102102,0.6391040630459216,0.14648588464645704,0.6690795956313101,0.17607519485558498,Alabama,city_street,normal,night,Poor,201,23.583,384,854,test,test
videos/7AFnEpBVrr4_00.mp4,t-bone,0,6.267,180,0.4874434283198117,0.656644992536654,0.4637005728707308,0.6210423751149234,0.5111862837688925,0.6922476099583845,Alabama,simple_intersection,normal,day,Fine,887,29.967,720,1280,test,test
videos/njJxs1KozgE_00.mp4,t-bone,0,5.583,83,0.5267383538433835,0.8393971376143474,0.41176306858120926,0.6935320982445411,0.6417136391055578,0.9852621769841536,Alabama,signalized_intersection,normal,day,Fine,448,29.917,720,1280,test,test
videos/-AztVDZ6cEE_00.mp4,t-bone,0,2.167,33,0.4953426732572718,0.32477889718967307,0.46479692123563343,0.29188015637273146,0.5258884252789102,0.3576776380066147,Alabama,signalized_intersection,normal,day,Fine,396,26.375,720,1280,test,test
videos/kUp_0rJe_OI_00.mp4,t-bone,0,2.958,61,0.27347668860211916,0.17644535757570345,0.24598329442140177,0.1592067045994731,0.30097008278283655,0.19368401055193385,Alabama,signalized_intersection,normal,day,Poor,627,29.958,720,900,test,test
videos/a8zHkZ_t16k_00.mp4,sideswipe,0,5.267,157,0.19966618510536796,0.5477836190270717,0.14853774263124409,0.5334474210756918,0.25079462757949184,0.5621198169784517,Alabama,simple_intersection,normal,day,Poor,891,29.967,1080,1920,test,test
videos/PQHiBa179Ew_00.mp4,t-bone,0,5.567,168,0.6027765163851513,0.7624228678073462,0.5718655736309894,0.7441246499987477,0.633687459139313,0.7807210856159448,Alabama,simple_intersection,normal,night,Poor,899,29.967,720,1280,test,test
videos/-SNFUobKjoM_00.mp4,t-bone,0,13.533,403,0.8522509970202128,0.6598445829986814,0.7199818628393264,0.5786666306408692,0.984520131201099,0.7410225353564935,Alabama,signalized_intersection,normal,night,Good,897,30.0,720,1280,test,test
videos/TahWBItdUvQ_00.mp4,t-bone,0,3.625,58,0.338981505306811,0.15804406333196414,0.2769775823093047,0.11332243643308057,0.40098542830431727,0.2027656902308477,Alabama,signalized_intersection,normal,day,Very_Poor,75,4.709,720,1280,test,test
videos/reXieySb4JI_00.mp4,t-bone,0,6.633,99,0.7833905588212167,0.66746085040068,0.6971729653281271,0.6161897752884822,0.8696081523143063,0.7187319255128779,Alabama,signalized_intersection,normal,day,Fine,450,30.0,1080,1620,test,test
videos/m2uBNOFIvKk_00.mp4,t-bone,0,3.917,60,0.8960138875809516,0.5341186478406775,0.7921301503093976,0.4657163569428298,0.9998976248525054,0.6025209387385252,Alabama,signalized_intersection,normal,night,Fine,462,29.958,720,1080,test,test
videos/VXuNX_OYkig_00.mp4,t-bone,0,1.333000000000001,40,0.4704825176024403,0.617318263799221,0.45760928829251885,0.6066672027747414,0.4833557469123617,0.6279693248237004,Alabama,signalized_intersection,normal,night,Poor,215,7.2,1080,1920,test,test
videos/GsRdjuR2PpE_00.mp4,t-bone,0,1.266,29,0.31564696752487326,0.17631559867333052,0.29435262053042943,0.15904197141913182,0.3369413145193171,0.19358922592752922,Alabama,signalized_intersection,normal,day,Poor,592,26.333,1080,1350,test,test
videos/dGUCJwW8b1g_00.mp4,sideswipe,0,1.533,34,0.1787903457788755,0.8990852023169242,0.00010416666666672983,0.7983191508449008,0.3574765248910843,0.9998512537889478,Alabama,highway,normal,day,Poor,564,25.1,1080,1920,train,test
videos/FV6XO5Yg9VU_00.mp4,sideswipe,0,2.167,33,0.4704655252772496,0.37962556133629444,0.4499394075256364,0.36045963468741155,0.4909916430288629,0.3987914879851773,Alabama,highway,normal,day,Fine,417,27.792,720,1080,train,test
videos/iYAIZEocjbg_00.mp4,t-bone,0,13.146,167,0.42075826121153903,0.5921737065656758,0.34042459045833146,0.5198195606610726,0.5010919319647466,0.664527852470279,Alabama,signalized_intersection,normal,night,Very_Poor,378,29.963,240,352,test,test
videos/n-aa3NIlRMo_00.mp4,t-bone,0,4.917,73,0.5047923777058745,0.967922817563077,0.4329749717646825,0.935845635126154,0.5766097836470664,1.0,Alabama,signalized_intersection,normal,day,Poor,448,29.958,720,1080,test,test
videos/mDtCi-XVAbo_00.mp4,t-bone,0,3.8,31,0.42358017235286394,0.5595546934045796,0.37643402865250514,0.5267890740438563,0.47072631605322274,0.5923203127653031,Alabama,simple_intersection,normal,day,Very_Poor,472,23.5,1080,1920,test,test
videos/QJYDZ1PBiYQ_00.mp4,t-bone,0,3.7,55,0.5651984277180611,0.698069708704417,0.4459307690157535,0.5957774514639643,0.6844660864203685,0.8003619659448697,Alabama,signalized_intersection,rain,night,Fine,374,24.967,1080,1920,test,test
videos/1ZQAChv0TEI_00.mp4,t-bone,0,6.0,60,0.5374136800443169,0.7780073724754561,0.429624834644237,0.6681153542386054,0.6452025254443968,0.8878993907123071,Alabama,signalized_intersection,normal,day,Fine,296,29.9,1080,1920,test,test
videos/e6ZQvn6NyLI_00.mp4,t-bone,0,4.375,65,0.46387489377086555,0.4343802058284525,0.41312342196708896,0.39470119761258665,0.5146263655746421,0.4740592140443183,Alabama,simple_intersection,normal,day,Good,448,29.917,720,1080,test,test
videos/ui52V2KkRN4_00.mp4,t-bone,0,8.366999999999999,249,0.5005890123630116,0.42981122625254964,0.4902000338941213,0.42207429024151455,0.5109779908319019,0.4375481622635848,Alabama,grade_separated_intersection,normal,day,Poor,313,10.5,1080,1920,test,test
videos/QyRcmm87rJ8_00.mp4,t-bone,0,4.792,71,0.7049271323899278,0.644066404196451,0.5312377262192619,0.514784307613103,0.8786165385605936,0.7733485007797989,Alabama,signalized_intersection,normal,day,Fine,450,29.958,720,1056,test,test
videos/C7gOL8qM71E_00.mp4,single,1,2.6,39,0.3362061095931693,0.3157715173569316,0.3090930682022478,0.2977425242053824,0.3633191509840908,0.3338005105084808,Alabama,grade_separated_intersection,normal,night,Very_Poor,450,30.0,1080,1620,test,test
videos/At-4-Y2g7Y8_00.mp4,sideswipe,0,2.567,76,0.4486248730489578,0.20197975055658954,0.43186838713652903,0.17165035132303713,0.46538135896138655,0.23230914979014194,Alabama,highway,normal,night,Very_Poor,899,30.0,720,1280,test,test
videos/1BIZOZtxRpY_00.mp4,single,0,9.625,106,0.4367549096757105,0.49995021856792493,0.41777507238645156,0.4844209758628756,0.4557347469649694,0.5154794612729743,Alabama,highway,normal,night,Very_Poor,411,29.958,720,1280,test,test
videos/GWx-Z5rWhzc_00.mp4,t-bone,0,2.625,39,0.6412302521551473,0.757440575730248,0.5401810169484538,0.6157430275538369,0.7422794873618408,0.899138123906659,Alabama,signalized_intersection,normal,night,Fine,398,26.583,720,1080,test,test
videos/bow1eKeR6oY_00.mp4,single,0,2.75,41,0.23306067368194078,0.6821615438481701,0.21425344526652607,0.6586273794892468,0.2518679020973555,0.7056957082070935,Alabama,highway,normal,night,Poor,448,29.917,720,1080,train,test
videos/7CO_LqgfiFg_00.mp4,sideswipe,1,2.5,37,0.5498978142174762,0.7161662875516893,0.5111074537429072,0.687740870205161,0.5886881746920452,0.7445917048982177,Alabama,highway,normal,day,Poor,448,29.917,720,1080,train,test
videos/6T58bsyZz40_00.mp4,rear-end,0,11.875,178,0.6578452923801058,0.4374349409575521,0.6145819800499627,0.3975236555090145,0.7011086047102489,0.4773462264060897,Alabama,highway,normal,day,Very_Poor,449,29.917,720,1056,test,test
videos/bn7c9LxpeuA_00.mp4,rear-end,0,3.125,47,0.4070918714727598,0.8506447607749246,0.3801251024485439,0.7994382523811063,0.4340586404969757,0.9018512691687428,Alabama,highway,normal,day,Fine,377,25.125,720,1080,train,test
videos/zISHd2Jt7Qs_00.mp4,rear-end,0,6.233,93,0.7412655695769079,0.2388204532051157,0.7261778650594888,0.2220911332637549,0.756353274094327,0.2555497731464765,Alabama,highway,normal,day,Poor,452,29.967,1080,1620,train,test
videos/0isplBZQftg_00.mp4,rear-end,0,7.8,117,0.6707629819166134,0.5083157572970451,0.600930791127841,0.473304312509253,0.740595172705386,0.5433272020848372,Alabama,signalized_intersection,normal,day,Very_Poor,450,30.0,1080,1584,test,test
videos/1lD9kE-VJ7I_00.mp4,t-bone,0,5.067,76,0.43330119851526894,0.6382031290317234,0.29628989537883726,0.5385306175112637,0.5703125016517006,0.737875640552183,Alabama,signalized_intersection,normal,day,Poor,305,20.333,1080,1584,test,test
videos/afVZZ3v87cc_00.mp4,rear-end,0,3.167,47,0.4082740438755954,0.4776034267489013,0.34085119818488396,0.43272565783882544,0.4756968895663069,0.5224811956589772,Alabama,highway,rain,day,Fine,449,30.0,720,1080,test,test
videos/fYUPTfVRKEk_00.mp4,rear-end,0,2.0,30,0.27629840776369236,0.31543243139760846,0.2660677019001491,0.30287580057285374,0.2865291136272356,0.3279890622223631,Alabama,highway,rain,day,Poor,365,24.333334,720,1080,test,test
videos/NDkAFTqHLzo_00.mp4,rear-end,0,4.367,65,0.38361028883899706,0.38902425486080994,0.3680250620168396,0.3755415316458901,0.3991955156611545,0.4025069780757298,Alabama,highway,normal,night,Very_Poor,369,24.6,1080,1920,test,test
videos/BR4WAtlyQEQ_00.mp4,single,0,5.917,88,0.5298629021480812,0.34615172068500055,0.5166019264347058,0.3307784200739063,0.5431238778614565,0.36152502129609476,Alabama,highway,normal,day,Fine,396,29.833,720,1080,train,test
videos/zXKdiWjxhd8_00.mp4,rear-end,0,7.333,109,0.2752248947139537,0.6267062626881637,0.2148528685617347,0.5641424786081368,0.3355969208661728,0.6892700467681905,Alabama,signalized_intersection,normal,day,Fine,449,30.0,1080,1920,test,test
videos/JHq6SVNhY0Y_00.mp4,rear-end,0,3.633,108,0.6242578571253194,0.37287119526647694,0.570651625660713,0.34644639242877745,0.677864088589926,0.3992959981041765,Alabama,signalized_intersection,normal,day,Very_Poor,891,29.967,720,1280,test,test
videos/03HtRCJa8Yk_00.mp4,t-bone,0,6.583,98,0.5095344606650228,0.47699188669522613,0.31669683264512133,0.25086908969656685,0.7023720886849243,0.7031146836938854,Alabama,signalized_intersection,rain,day,Poor,449,30.0,720,1056,test,test
videos/6EW9PrDqKA8_00.mp4,rear-end,0,4.533,136,0.21559041496258946,0.6918429635741064,0.1531413795049995,0.6505187015684702,0.2780394504201794,0.7331672255797425,Alabama,city_street,normal,day,Poor,777,27.166999999999998,720,1280,test,test
videos/-NgnSm_oEB4_00.mp4,rear-end,0,3.375,50,0.2542591933509938,0.6861938746015599,0.16663641504037568,0.47075357646928284,0.3418819716616118,0.9016341727338368,Alabama,tunnel,normal,day,Good,432,29.917,720,1080,test,test
videos/wQ_pGHoj2SI_00.mp4,rear-end,0,5.133,77,0.3501281114651059,0.13799528199729083,0.3252233227827576,0.12171289474474886,0.3750329001474542,0.15427766924983277,Alabama,highway,normal,day,Poor,450,30.0,1080,1620,train,test
videos/dZ-F8lZ16-A_00.mp4,rear-end,0,2.533,75,0.5046348785220969,0.3847531949811532,0.48201022569400703,0.3472274930885558,0.5272595313501867,0.42227889687375053,Alabama,highway,normal,day,Very_Poor,218,7.3,720,1280,test,test
videos/Chf8yRqccCM_00.mp4,rear-end,0,4.25,63,0.07091358116060534,0.5998045664597715,0.0,0.5216149950708459,0.14182716232121068,0.6779941378486973,Alabama,city_street,normal,day,Poor,164,10.958,720,1280,test,test
videos/P4oEdSFJvfU_00.mp4,rear-end,0,0.45899999999999963,7,0.30104107142335773,0.5231306815136589,0.22746806379133974,0.4650396771829425,0.37461407905537575,0.5812216858443755,Alabama,highway,normal,day,Fine,365,24.334000000000003,720,1080,train,test
videos/yQz3PyPvr5Y_00.mp4,t-bone,0,5.917,88,0.45238389977526877,0.23981169681304287,0.39489478321462457,0.21451848644774987,0.509873016335913,0.26510490717833585,Alabama,signalized_intersection,normal,night,Poor,396,29.917,720,1056,test,test
videos/FhFwhsyOjUU_00.mp4,single,0,4.9,147,0.38901867820643427,0.15831920185264103,0.37684919626141683,0.1485540958963072,0.4011881601514517,0.16808430780897485,Alabama,highway,normal,day,Very_Poor,817,27.233999999999998,720,1280,test,test
videos/GaAVUUYx9q8_00.mp4,single,0,5.533,82,0.2848099093690032,0.32493272839500276,0.2596157141617277,0.29855129712721823,0.3100041045762787,0.35131415966278734,Alabama,highway,normal,night,Very_Poor,449,30.0,1080,1920,test,test
videos/-jZ5Rlhzzi4_00.mp4,single,0,3.583,53,0.6044023570444487,0.27627629860473496,0.594911818842,0.26344286195243327,0.6138928952468974,0.28910973525703665,Alabama,highway,normal,day,Poor,448,29.958,720,1080,train,test
videos/LP_C34tyPl4_00.mp4,rear-end,0,7.042,106,0.7820142819898748,0.5573689514723343,0.7294202807160123,0.5032448629018729,0.8346082832637374,0.6114930400427957,Alabama,grade_separated_intersection,normal,night,Poor,450,29.958,720,1280,test,test
videos/tFS_Hk-qEiQ_00.mp4,t-bone,0,2.75,40,0.2746050821004993,0.226853850364548,0.26054823716457026,0.21535523159548203,0.28866192703642835,0.23835246913361396,Alabama,highway,normal,night,Poor,77,5.167,720,1080,train,test
videos/mzHmLvV9QlM_00.mp4,single,0,5.2669999999999995,78,0.1551966942746581,0.44713947810490184,0.14595561326831008,0.4412001974788106,0.16443777528100612,0.4530787587309931,Alabama,highway,rain,day,Fine,136,9.134,1080,1620,test,test
videos/c4exlXawFaM_00.mp4,sideswipe,0,4.417,48,0.689958177332684,0.19697023747202896,0.6807390776889822,0.18901117097412698,0.6991772769763859,0.20492930396993095,Alabama,highway,normal,day,Poor,328,29.958,720,960,train,test
videos/-yLuZ5wxAsc_00.mp4,t-bone,0,5.833,173,0.42043310470002593,0.445931554669421,0.39515476222970797,0.4276630485354729,0.4457114471703439,0.4642000608033691,Alabama,highway,normal,day,Fine,784,29.967,720,1280,train,test
videos/uKieP03gwxQ_00.mp4,rear-end,0,13.0,194,0.8026710018468395,0.6097620604090119,0.7668008951603095,0.5655589175648776,0.8385411085333696,0.6539652032531463,Alabama,highway,rain,day,Poor,388,25.933,1080,1920,test,test
videos/Q72Ly8rGtnc_00.mp4,sideswipe,1,3.5,52,0.6508287824947996,0.28646469957033316,0.6429442427633699,0.2798402639323513,0.6587133222262292,0.29308913520831503,Alabama,grade_separated_intersection,normal,day,Poor,449,29.958,720,1080,test,test
videos/Img4DcUjRmo_00.mp4,rear-end,0,5.792,87,0.3110392564614891,0.26073202743969354,0.2977149596533589,0.24626093563931925,0.3243635532696193,0.27520311924006785,Alabama,highway,normal,day,Fine,449,29.958,720,1080,train,test
videos/LMw1OJe37fM_00.mp4,t-bone,1,4.833,72,0.611045345377794,0.20024823506128256,0.5647111928270376,0.1767753102616561,0.6573794979285503,0.223721159860909,Alabama,signalized_intersection,normal,day,Poor,434,29.958,720,1056,test,test
videos/jgAGNNIG13E_00.mp4,single,1,7.375,110,0.31719885908279366,0.4639502308395078,0.305277880202533,0.4483020566859253,0.32911983796305433,0.47959840499309025,Alabama,grade_separated_intersection,normal,day,Fine,448,29.958,720,1280,train,test
videos/Fb1XWmXZTZw_00.mp4,single,0,8.083,121,0.4337518355323733,0.40199815020800744,0.4211113435185879,0.39154684031364606,0.44639232754615865,0.4124494601023688,Alabama,highway,normal,day,Poor,398,26.583,720,1280,train,test
videos/mllfWsyVZ1s_00.mp4,single,0,5.208,78,0.5840240772289523,0.3784994030091732,0.5557029437296355,0.35691092594168167,0.6123452107282692,0.4000878800766646,Alabama,highway,normal,night,Fine,390,29.958,720,1280,train,test
videos/clXKxQWjB4c_00.mp4,t-bone,0,2.542,38,0.5764982903370013,0.8866793210236753,0.5563381655522945,0.87137504442662,0.5966584151217081,0.9019835976207307,Alabama,highway,normal,day,Poor,390,26.0,720,1280,test,test
videos/ozOAT76M0PM_00.mp4,t-bone,0,3.4,51,0.5266945986857499,0.8593258823902201,0.44338743113356777,0.798090455972665,0.6100017662379319,0.9205613088077753,Alabama,signalized_intersection,normal,day,Good,451,29.967,1080,1920,test,test
videos/jc-fa_AjIXw_00.mp4,t-bone,0,15.367,461,0.3918853856720766,0.22326868868207567,0.3207117138150231,0.18297038418594286,0.46305905752913007,0.2635669931782085,Alabama,signalized_intersection,normal,night,Poor,899,29.967,720,1280,test,test
videos/YmMM4JeUJJ0_00.mp4,t-bone,0,1.625,24,0.23543315183776958,0.1448418310631997,0.20769319381555315,0.131497109474233,0.263173109859986,0.15818655265216638,Alabama,signalized_intersection,normal,night,Poor,198,24.0,720,1056,test,test
videos/JNsoId5gPK8_00.mp4,single,1,2.0330000000000004,30,0.06090331533614293,0.46809604895148416,0.02697568661853004,0.4468045888141957,0.09483094405375582,0.48938750908877254,Alabama,highway,normal,day,Fine,412,27.5,1080,1620,train,test
videos/a8-i2E4jrpk_00.mp4,single,0,3.0,44,0.6154109668240144,0.31333771301640945,0.601214546530428,0.29819510837895913,0.6296073871176009,0.3284803176538597,Alabama,grade_separated_intersection,rain,day,Fine,110,7.4,1080,1620,test,test
videos/a8-i2E4jrpk_01.mp4,single,0,2.5329999999999995,38,0.7520220020073063,0.23334363200414326,0.745481845009842,0.22423763232374633,0.7585621590047706,0.2424496316845402,Alabama,grade_separated_intersection,rain,day,Fine,298,19.9,1080,1620,test,test
videos/GIm11SfAp8c_00.mp4,single,0,9.25,136,0.4372607798303451,0.23343514484689243,0.4223967727215411,0.21830495943805697,0.45212478693914915,0.2485653302557279,Alabama,tunnel,normal,night,Good,444,29.917,720,1080,train,test
videos/CVSBJThqVgA_00.mp4,single,0,8.2,122,0.6198318823408484,0.16255149813919273,0.6126060779154248,0.1525784934050804,0.6270576867662719,0.17252450287330506,Alabama,grade_separated_intersection,normal,night,Poor,383,25.6,1080,1920,train,test
videos/CBPD-SF1p90_00.mp4,single,0,2.633,78,0.5930315189860882,0.5229372510512786,0.5799672491217318,0.500648229620963,0.6060957888504447,0.5452262724815944,Alabama,grade_separated_intersection,normal,night,Very_Poor,457,15.333,720,1280,test,test
videos/vMqldj7d7e0_00.mp4,rear-end,0,22.167,664,0.4802468038899109,0.4464788766956219,0.43509119258728646,0.36845667721789027,0.5254024151925354,0.5245010761733536,Alabama,highway,normal,night,Very_Poor,898,29.967,720,1280,test,test
videos/pQ84BiOk854_00.mp4,t-bone,0,0.13400000000000034,2,0.3490283741530462,0.7986064415134542,0.23435284176951449,0.6111159328673155,0.4637039065365779,0.9860969501595929,Alabama,signalized_intersection,normal,day,Poor,383,25.534,720,1280,test,test
videos/NaRgSBNtbFY_00.mp4,t-bone,0,4.933,147,0.7395075626302932,0.4380172400057142,0.6606903886541267,0.3772465760492718,0.8183247366064595,0.4987879039621565,Alabama,signalized_intersection,normal,night,Poor,899,30.1,1080,1920,test,test
videos/2xFyklpa54I_00.mp4,t-bone,0,6.167,92,0.6723080975555645,0.6609314256134262,0.5980069094020884,0.529551572268227,0.7466092857090406,0.7923112789586255,Alabama,signalized_intersection,normal,night,Good,449,30.0,1080,1620,test,test
videos/PyYCjM8tvSY_00.mp4,t-bone,0,3.417,51,0.352571065419187,0.5455143971440015,0.25132154797764056,0.4802410552914142,0.4538205828607334,0.6107877389965889,Alabama,signalized_intersection,normal,day,Fine,449,29.958,720,1080,test,test
videos/nHmyMVHNPDs_00.mp4,t-bone,0,1.533,23,0.414293600393425,0.8553634864578866,0.3042846025052171,0.7107269729157732,0.5243025982816328,1.0,Alabama,signalized_intersection,normal,day,Poor,385,26.4,1080,1920,test,test
videos/diYHDL2G4KA_00.mp4,t-bone,0,5.167,77,0.6192117168709594,0.6477529897147066,0.48052533293136557,0.5725473781319798,0.7578981008105534,0.7229586012974335,Alabama,signalized_intersection,normal,night,Poor,391,26.9,1080,1584,test,test
videos/HZXYwgLy0RE_00.mp4,t-bone,0,4.1,61,0.4225750089305263,0.6007282472403176,0.33438876462102596,0.547800563748708,0.5107612532400266,0.6536559307319272,Alabama,signalized_intersection,normal,day,Good,449,30.0,1080,1620,test,test
videos/YYgdkr0Qiw0_00.mp4,t-bone,1,8.1,243,0.34899482167369344,0.5164194593525975,0.3097453538856944,0.4893876290088993,0.3882442894616924,0.5434512896962957,Alabama,signalized_intersection,normal,day,Fine,899,29.967,720,1280,test,test
videos/mDHuTgnSxMs_00.mp4,t-bone,0,4.067,61,0.3944576800663794,0.8559396949268792,0.2846548306752848,0.7125362706816271,0.5042605294574739,0.9993431191721313,Alabama,signalized_intersection,normal,day,Good,450,30.0,1080,1920,test,test
videos/aUvorQJ7jRU_00.mp4,single,0,7.967,119,0.5625930467511829,0.23844067006779351,0.5258760882760299,0.2026974938797285,0.5993100052263359,0.27418384625585857,Alabama,highway,rain,night,Very_Poor,236,15.767,1080,1920,test,test
videos/M6WWLqx3z88_00.mp4,sideswipe,0,2.033,30,0.44225426033293613,0.4922647888712449,0.36247707242458505,0.4428195101042828,0.5220314482412872,0.5417100676382071,Alabama,signalized_intersection,normal,night,Fine,449,30.0,1080,1620,test,test
videos/HROdEY9OZk4_00.mp4,t-bone,0,2.867,43,0.7104631698532976,0.5273979051983302,0.6450461274039013,0.4924340682705148,0.7758802123026939,0.5623617421261455,Alabama,signalized_intersection,normal,night,Good,449,29.967,1080,1620,test,test
videos/PgdU-LSKlZU_00.mp4,t-bone,0,5.167,51,0.6628312790803155,0.5122488522252432,0.5380563870030673,0.42033966123224636,0.7876061711575637,0.60415804321824,Alabama,signalized_intersection,normal,night,Good,301,30.067,1080,1620,test,test
videos/jFpORnj_-cI_00.mp4,t-bone,0,1.83,11,0.2896491932911981,0.4584423835028875,0.21997475350749648,0.3939476029331972,0.3593236330748997,0.5229371640725778,Alabama,signalized_intersection,normal,day,Fine,134,26.384,384,854,test,test
videos/Aj5AlGboqeI_00.mp4,single,0,2.633,79,0.5294932584724972,0.5836472089612429,0.5190344260469008,0.5706152065941426,0.5399520908980937,0.5966792113283432,Alabama,highway,normal,day,Poor,820,27.333,1080,1920,train,test
videos/GsL5oknV-w0_00.mp4,t-bone,0,4.75,51,0.8723188113373146,0.7633878378396668,0.7446376226746292,0.6769366057296616,1.0,0.8498390699496718,Alabama,signalized_intersection,normal,night,Poor,310,29.958,720,1056,test,test
videos/1BsCOLh_qEs_00.mp4,single,0,3.333,50,0.6576948817190862,0.4990175922112642,0.6345487886773264,0.47996889129988546,0.6808409747608459,0.518066293122643,Alabama,grade_separated_intersection,normal,day,Fine,74,4.933,1080,1620,train,test
videos/jPTJZRBPQgc_00.mp4,rear-end,0,3.3,49,0.11963309658435345,0.47190218983100074,0.0313244609195713,0.4141406983682872,0.2079417322491356,0.5296636812937142,Alabama,signalized_intersection,normal,day,Fine,150,10.033,1080,1620,test,test
videos/c8wyblfra3o_00.mp4,single,0,2.9330000000000003,44,0.1784761861873202,0.4474319607054864,0.15650346377557417,0.43273600019273556,0.2004489085990662,0.4621279212182372,Alabama,highway,rain,night,Fine,83,5.5329999999999995,1080,1620,test,test
videos/hT1Hz_gFnBs_00.mp4,t-bone,0,4.875,73,0.8292678962146072,0.8509344578950762,0.6831691592084957,0.7571789445123606,0.9753666332207186,0.9446899712777918,Alabama,signalized_intersection,normal,day,Poor,449,29.958,720,1056,test,test
videos/YnYUC6nonG8_00.mp4,single,1,2.4,35,0.8542440759395313,0.3675286380938781,0.8344679843715974,0.3553823180930718,0.8740201675074653,0.3796749580946844,Alabama,grade_separated_intersection,normal,day,Poor,446,30.0,1080,1440,train,test
videos/fJxVsTAIK5Y_00.mp4,single,1,1.6660000000000004,25,0.45126438341756414,0.8790175700969964,0.44328401463535555,0.866782691320233,0.4592447521997727,0.89125244887376,Alabama,highway,normal,night,Very_Poor,321,22.790999999999997,720,1280,test,test
videos/8UJFstPfuhU_00.mp4,single,0,3.6,108,0.7821782347086895,0.8215255259664227,0.564356469417379,0.7031622182105052,1.0,0.9398888337223402,Alabama,highway,normal,day,Poor,900,30.1,1080,1920,train,test
videos/jiiHFFhdKPc_00.mp4,t-bone,0,5.708,88,0.5580726839784582,0.6715195031777288,0.4828860709718811,0.5967618667264063,0.6332592969850352,0.7462771396290514,Alabama,signalized_intersection,normal,day,Fine,460,29.958,720,1280,test,test
videos/JTIfOGQql0A_00.mp4,head-on,0,8.267,124,0.3350964854591334,0.38814144890288277,0.2090999270520738,0.27399933162370316,0.46109304386619293,0.5022835661820624,Alabama,signalized_intersection,normal,day,Good,445,29.933,480,720,test,test
videos/r4P0kKBitVM_00.mp4,sideswipe,0,10.625000000000002,159,0.24936122348218487,0.5483706744111521,0.21052752716671677,0.5077439407862172,0.28819491979765294,0.5889974080360869,Alabama,highway,normal,day,Poor,284,18.958,720,1280,train,test
videos/OMjHjaMBzus_00.mp4,rear-end,0,1.9580000000000002,30,0.23259150949243387,0.4159836933343532,0.21204792332179884,0.4006133136096082,0.2531350956630689,0.4313540730590982,Alabama,signalized_intersection,normal,day,Poor,404,26.917,720,1280,test,test
videos/otYsKPJqTr0_00.mp4,t-bone,0,4.172,116,0.4183425705421323,0.37886179885430116,0.3249533822529571,0.3180670790747113,0.5117317588313075,0.439656518633891,Alabama,signalized_intersection,normal,day,Fine,814,29.966,720,1280,test,test
videos/zVoe5ZUg3kE_00.mp4,t-bone,0,2.767,42,0.5807407975882626,0.884012267753494,0.4135163072863722,0.7687487297965057,0.7479652878901529,0.9992758057104822,Alabama,signalized_intersection,normal,night,Fine,455,29.967,1080,1920,test,test
videos/6J-qSLHzj_k_00.mp4,t-bone,0,5.033,150,0.23443703796539547,0.32359035753547516,0.14972282420867816,0.25420790752784966,0.3191512517221128,0.3929728075431007,Alabama,signalized_intersection,normal,day,Very_Poor,202,6.767,720,1280,test,test
videos/qNH-EtH6qPo_00.mp4,t-bone,0,5.5,82,0.30103390001579355,0.8684199257542771,0.1529594315764741,0.7407311262647681,0.44910836845511304,0.9961087252437859,Alabama,signalized_intersection,normal,night,Fine,449,29.958,720,1080,test,test
videos/sRyjIctHIdA_00.mp4,t-bone,0,2.867,43,0.8510637656843332,0.5398872563298451,0.7781645173408201,0.490716267610419,0.9239630140278463,0.5890582450492713,Alabama,signalized_intersection,normal,night,Fine,450,30.0,1080,1920,test,test
videos/VpQn6ugiG1M_00.mp4,sideswipe,0,1.9,28,0.19352532611829343,0.8168185385711908,0.14826281516394854,0.7832969568617371,0.23878783707263834,0.8503401202806445,Alabama,highway,normal,night,Poor,450,30.033,1080,1920,train,test
videos/qOTEPSVfGSI_00.mp4,t-bone,0,12.533,376,0.547453740566294,0.5563091442968698,0.501403527448885,0.492967177265373,0.593503953683703,0.6196511113283667,Alabama,signalized_intersection,normal,night,Very_Poor,900,30.0,1080,1920,test,test
videos/FnahNGsmeSQ_00.mp4,head-on,1,7.542,112,0.3580703436427729,0.5222843841134195,0.1767816644825005,0.3761941907691498,0.5393590228030454,0.6683745774576891,Alabama,simple_intersection,normal,day,Fine,403,29.917,720,1056,test,test
videos/exMp0HFGLFY_00.mp4,t-bone,0,3.042,45,0.8057609690253777,0.7505694271955914,0.6864690310363382,0.6176497891304668,0.9250529070144173,0.8834890652607159,Alabama,signalized_intersection,normal,night,Fine,449,29.958,720,1056,test,test
videos/6hJ8mYLUfE8_00.mp4,head-on,0,9.100000000000001,273,0.588137951858237,0.838734962201805,0.48527228868426575,0.7227001871689649,0.6910036150322084,0.9547697372346451,Alabama,signalized_intersection,normal,day,Fine,685,25.133,384,854,test,test
videos/Er-dsvrO1UU_00.mp4,t-bone,0,7.8,233,0.5443029343378958,0.6578960019235115,0.5237130146278943,0.6435783025952787,0.5648928540478972,0.6722137012517443,Alabama,signalized_intersection,normal,day,Poor,760,29.967,720,1280,test,test
videos/OKlebmp3c0M_00.mp4,t-bone,0,8.067,161,0.24496094437336116,0.27418502594839345,0.19504718132764715,0.23937749066754344,0.2948747074190752,0.3089925612292434,Alabama,signalized_intersection,normal,day,Good,600,30.1,1080,1920,test,test
videos/ZDiU58ZiXTk_00.mp4,head-on,0,7.333,79,0.5389863932782069,0.34603772697376534,0.4607684512386503,0.3201641156979877,0.6172043353177633,0.371911338249543,Alabama,signalized_intersection,rain,night,Fine,404,29.867,1080,1584,test,test
videos/0oA6iej2zdk_00.mp4,t-bone,0,2.0999999999999996,32,0.7532630841774326,0.23884289173865209,0.726779581088663,0.2217978233641038,0.779746587266202,0.25588796011320036,Alabama,signalized_intersection,normal,day,Poor,375,24.967,1080,1584,test,test
videos/S5EyvIwUUU0_00.mp4,t-bone,0,8.267,124,0.3474911861308671,0.33842846627583073,0.2734977921754096,0.3003500226679001,0.4214845800863246,0.37650690988376134,Alabama,signalized_intersection,normal,night,Fine,450,30.0,1080,1584,test,test
videos/T0Rkm2Q2e2k_00.mp4,t-bone,0,4.233,127,0.35658229781946227,0.6831512484527404,0.21642744810449538,0.6063562615128869,0.4967371475344291,0.759946235392594,Alabama,signalized_intersection,normal,night,Poor,851,30.0,1080,1584,test,test
videos/-RrDtLjWsT4_00.mp4,t-bone,1,6.0,180,0.43341548392770857,0.5831998883117671,0.36908579720350476,0.5143039387771396,0.4977451706519124,0.6520958378463946,Alabama,signalized_intersection,normal,day,Poor,892,30.0,1080,1584,test,test
videos/FD2WTKo0V94_00.mp4,t-bone,0,3.917,58,0.25882220742198764,0.4551245334680849,0.1776608393396151,0.4125238784570001,0.3399835755043602,0.49772518847916963,Alabama,signalized_intersection,normal,day,Fine,448,29.917,720,1080,test,test
videos/CQaoY2QypM8_00.mp4,head-on,0,3.25,48,0.6752997411235271,0.6983393759568668,0.4877885689276388,0.6103694382120457,0.8628109133194155,0.7863093137016879,Alabama,signalized_intersection,normal,night,Fine,448,29.917,720,1080,test,test
videos/kgifRjE69lo_00.mp4,t-bone,0,7.875,87,0.8579414472236607,0.4426169116606957,0.7714601683177658,0.39723272146890043,0.9444227261295557,0.48800110185249096,Alabama,signalized_intersection,normal,day,Fine,332,29.958,720,1280,test,test
videos/cPyZuPSQrkI_00.mp4,t-bone,0,8.433,126,0.6513358805393124,0.8823019283547395,0.49773734041714796,0.7649849117921236,0.8049344206614767,0.9996189449173555,Alabama,signalized_intersection,normal,night,Fine,449,29.967,1080,1584,test,test
videos/aRQeSqO9Ri4_00.mp4,t-bone,0,7.792,117,0.5301445735758271,0.500520012445141,0.5143308584061326,0.484236722420333,0.5459582887455217,0.5168033024699491,Alabama,signalized_intersection,normal,night,Fine,389,25.917,720,1280,test,test
videos/-oreKuCoQnI_00.mp4,t-bone,0,5.333,79,0.8626506956587903,0.7049634942420464,0.8032139386613488,0.6667226461851846,0.9220874526562317,0.7432043422989081,Alabama,grade_separated_intersection,normal,day,Poor,448,29.917,720,1280,test,test
videos/JGeH83hHjpE_00.mp4,t-bone,0,3.0,44,0.5136011464485496,0.8606412317705996,0.41283713692350954,0.7216635186238436,0.6143651559735896,0.9996189449173555,Alabama,signalized_intersection,normal,night,Good,448,29.967,1080,1920,test,test
videos/ZVFTg3X2Acc_00.mp4,t-bone,0,3.933,117,0.37402276046741856,0.6307688614988963,0.2724682129165613,0.5346252142188465,0.4755773080182758,0.7269125087789462,Alabama,signalized_intersection,normal,night,Poor,893,29.967,720,1056,test,test
videos/xQCJTgk1AxQ_00.mp4,t-bone,0,1.2080000000000002,18,0.2560733012307554,0.3889485267944169,0.24945440847313877,0.3822888611178785,0.262692193988372,0.39560819247095524,Alabama,grade_separated_intersection,normal,day,Fine,381,26.083,720,1080,test,test
videos/FojgBxlQgiw_00.mp4,t-bone,0,3.567,107,0.42055535150297746,0.6891141637245436,0.36122568972805547,0.6201493499421455,0.47988501327789945,0.7580789775069416,Alabama,signalized_intersection,normal,day,Fine,899,29.967,720,1280,test,test
videos/bzNkUstnRMM_00.mp4,t-bone,0,4.667,69,0.7585871343330034,0.5036969196153357,0.7241699106246846,0.4603256172951171,0.7930043580413222,0.5470682219355543,Alabama,signalized_intersection,normal,day,Fine,456,29.917,720,1280,test,test
videos/BVvMdTfk43Y_00.mp4,t-bone,1,2.4000000000000004,72,0.22074219788760643,0.7020821874142407,0.17727123598351247,0.679238687113795,0.2642131597917004,0.7249256877146865,Alabama,signalized_intersection,normal,night,Poor,807,27.0,1080,1920,test,test
videos/5fSIVNb3L64_00.mp4,head-on,0,5.958,89,0.4952580775062121,0.6821858705577307,0.4218724661950383,0.6065635037384314,0.5686436888173858,0.7578082373770301,Alabama,signalized_intersection,normal,day,Fine,449,29.958,720,1080,test,test
videos/uJR-x2ahMjo_00.mp4,t-bone,0,8.7,130,0.5805557664250304,0.35763888535772265,0.4825001962364635,0.28733459801330447,0.6786113366135973,0.42794317270214083,Alabama,signalized_intersection,normal,day,Fine,449,29.967,1080,1620,test,test
videos/Jafouq9fwp4_00.mp4,t-bone,0,3.233,47,0.14383127815816704,0.6111342403092576,0.029029552619253232,0.515714782849592,0.25863300369708087,0.7065536977689231,Alabama,signalized_intersection,normal,night,Poor,426,29.967,1080,1920,test,test
videos/tnXaQLZivt0_00.mp4,t-bone,0,2.433,72,0.4035231694176099,0.5822742176801503,0.31214179699236644,0.5014111342755979,0.4949045418428534,0.6631373010847028,Alabama,signalized_intersection,normal,night,Poor,898,29.967,720,1056,test,test
videos/neiYtur4FOY_00.mp4,t-bone,0,6.167,93,0.25611213616885076,0.2893108781516907,0.22628818050418179,0.27178921080037777,0.2859360918335197,0.30683254550300365,Alabama,highway,normal,day,Fine,452,29.967,1080,1620,test,test
videos/sy3K_DPXi1g_00.mp4,head-on,0,9.467,142,0.5526380195303291,0.6039827481646962,0.4005311644844779,0.542735091211544,0.7047448745761802,0.6652304051178485,Alabama,signalized_intersection,normal,night,Poor,450,30.0,1080,1584,test,test
videos/5UK0XveIgBA_00.mp4,t-bone,1,5.2,78,0.6588288728799021,0.36888888534418995,0.6111687100540513,0.3273237995475742,0.7064890357057528,0.41045397114080573,Alabama,signalized_intersection,normal,day,Fine,451,29.967,1080,1620,test,test
videos/8uCJX3Qp78g_00.mp4,t-bone,0,8.208,110,0.7840756294117435,0.5501638774162534,0.6743923008373718,0.4758900967610847,0.8937589579861152,0.6244376580714222,Alabama,signalized_intersection,normal,day,Poor,433,29.917,720,1056,test,test
videos/X6sdr4NzEdU_00.mp4,t-bone,0,4.276,123,0.6508684562998055,0.3612734223340651,0.5793322316143421,0.32091696675193077,0.722404680985269,0.4016298779161995,Alabama,signalized_intersection,normal,day,Fine,825,29.966,720,1280,test,test
videos/gcbYjCgvbFc_00.mp4,t-bone,0,5.042,63,0.4519900003081758,0.2804316790053176,0.3976868755203308,0.23746510343399357,0.5062931250960209,0.3233982545766417,Alabama,signalized_intersection,normal,day,Poor,387,29.958,720,1280,test,test
videos/bb7h-E9S_xE_00.mp4,t-bone,0,2.367,70,0.09936135612870295,0.8312762804216363,0.0009525685094534368,0.7208260996346325,0.19777014374795246,0.94172646120864,Alabama,signalized_intersection,normal,night,Poor,115,3.867,1080,1584,test,test
videos/Rph4qz-nnAY_00.mp4,t-bone,0,1.2999999999999998,19,0.6042458838309173,0.3815088512587065,0.5920919460673273,0.37147119309376936,0.6163998215945073,0.39154650942364366,Alabama,signalized_intersection,normal,night,Poor,384,25.6,1080,1920,test,test
videos/dVgyJhT1tiQ_00.mp4,t-bone,0,4.633,69,0.6798076868722878,0.41389772148010373,0.6088613144185526,0.3673948446076046,0.750754059326023,0.46040059835260294,Alabama,signalized_intersection,normal,day,Good,449,30.0,1080,1920,test,test
videos/mYTte8BTffA_00.mp4,t-bone,0,2.833,85,0.20166175932655925,0.8392859743018938,0.08640719991271807,0.7413456514820598,0.31691631874040044,0.9372262971217278,Alabama,signalized_intersection,normal,day,Poor,784,30.067,1080,1584,test,test
videos/z4J6Y7Hgprc_00.mp4,t-bone,0,2.0839999999999996,31,0.46145192138202373,0.6383030373348114,0.4445635463514722,0.6250979940612363,0.4783402964125753,0.6515080806083865,Alabama,signalized_intersection,normal,day,Fine,427,28.459000000000003,720,1080,test,test
videos/EYu49m3fAp4_00.mp4,rear-end,0,5.833,88,0.7555856214503003,0.8395830210730447,0.5955787087594377,0.6799411082470512,0.9155925341411629,0.9992249338990382,Alabama,highway,normal,day,Fine,387,25.5,1080,1620,train,test
videos/lprYC7noW0w_00.mp4,single,1,0.5830000000000002,9,0.28173569263155473,0.24664576461096466,0.27411690425816554,0.23782584883312363,0.2893544810049439,0.2554656803888057,Alabama,highway,normal,day,Poor,368,24.5,720,1280,train,test
videos/SX6WrzujsNg_00.mp4,single,1,1.5999999999999996,24,0.10776522593656643,0.42894279345511876,0.09628266315967454,0.4144001732272455,0.1192477887134583,0.4434854136829921,Alabama,grade_separated_intersection,normal,night,Very_Poor,112,7.2,1080,1620,test,test
videos/pWUkfZdWn7M_00.mp4,single,0,2.625,39,0.6206499069746791,0.547036996393954,0.5944709971650619,0.5240908430262169,0.6468288167842965,0.5699831497616911,Alabama,grade_separated_intersection,normal,day,Fine,449,29.917,720,1080,train,test
videos/NW8ZJK5zv_M_00.mp4,single,0,7.467,113,0.5938724584373061,0.29811942608867437,0.5747561465612202,0.2848437267263358,0.6129887703133918,0.3113951254510129,Alabama,highway,normal,night,Poor,452,30.0,1080,1620,train,test
videos/4VuF1Be1yLE_00.mp4,single,0,3.567,107,0.8571467409201807,0.729278684302954,0.8224711743764057,0.705417643387006,0.8918223074639557,0.7531397252189019,Alabama,grade_separated_intersection,normal,day,Poor,900,30.0,1080,1920,train,test
videos/OmriwRCPF7M_00.mp4,single,1,7.233,108,0.7672302419579968,0.1944274982809921,0.7536431516914618,0.17730776692502379,0.7808173322245318,0.21154722963696043,Alabama,signalized_intersection,normal,night,Fine,307,29.967,1080,1620,test,test
videos/IF-F7mUXhas_00.mp4,sideswipe,0,3.083,46,0.5398933576706508,0.6240187897056638,0.5165874753103116,0.6076394620976544,0.5631992400309902,0.6403981173136732,Alabama,highway,normal,night,Very_Poor,449,29.958,720,1280,test,test
videos/NhVQ26Tutwg_00.mp4,rear-end,0,6.633,73,0.7556254133628537,0.2692918323903639,0.7379253972584378,0.25502460019703205,0.7733254294672697,0.2835590645836958,Alabama,highway,rain,day,Fine,282,25.8,1080,1440,test,test
videos/qCBttHwTwnQ_00.mp4,single,0,6.083,91,0.6937971174048225,0.32097718487982296,0.6584188370707404,0.30463215752399214,0.7291753977389045,0.33732221223565373,Alabama,grade_separated_intersection,normal,day,Very_Poor,449,29.958,720,1280,test,test
videos/xJTY4uupVuI_00.mp4,rear-end,0,4.067,60,0.5535060079955435,0.32788145163035887,0.5409444603978782,0.3187404008397113,0.5660675555932088,0.3370225024210065,Alabama,grade_separated_intersection,normal,day,Fine,448,30.1,1080,1620,test,test
videos/3UBcAuDgcOg_00.mp4,sideswipe,0,2.3000000000000007,35,0.25603661428870983,0.382725478379882,0.22621490166268654,0.33565622929276356,0.2858583269147331,0.4297947274670005,Alabama,highway,normal,day,Fine,256,17.033,1080,1440,train,test
videos/YkEtYW_U1IY_00.mp4,rear-end,0,6.208,92,0.6189757012972285,0.6706159328211836,0.5701435480887079,0.6202213145223696,0.667807854505749,0.7210105511199976,Alabama,signalized_intersection,normal,day,Poor,448,29.917,720,1080,test,test
videos/p-8rTEjl_30_00.mp4,rear-end,0,15.292,209,0.7062701521879202,0.5239956067790559,0.6500443359494773,0.4544168728551195,0.762495968426363,0.5935743407029922,Alabama,signalized_intersection,rain,day,Poor,429,29.958,720,1056,test,test
videos/Z3s9Wv38oRc_00.mp4,t-bone,0,6.7,200,0.4942641697765559,0.12309287643365846,0.47583381947115655,0.0998435106951791,0.5126945200819553,0.14634224217213782,Alabama,signalized_intersection,normal,day,Poor,898,29.967,720,1280,test,test
videos/WFPy6Jpx5iE_00.mp4,t-bone,0,6.2,178,0.5521357568143954,0.5185809745422973,0.4589179721791761,0.4647990036125504,0.6453535414496148,0.5723629454720442,Alabama,signalized_intersection,normal,night,Fine,892,30.0,720,1080,test,test
videos/VMOqX7S4IVU_00.mp4,rear-end,0,12.208,183,0.6534454769653366,0.807958125593917,0.5108830320666461,0.6837702359434995,0.796007921864027,0.9321460152443344,Alabama,highway,normal,day,Good,430,29.958,720,1080,train,test
videos/Pv0z5OwmK-Y_00.mp4,rear-end,0,6.167000000000002,119,0.4192392906607041,0.7883657944954318,0.3689499938644113,0.7317355558338893,0.4695285874569969,0.8449960331569742,Alabama,highway,normal,day,Very_Poor,417,20.0,1080,1620,test,test
videos/JZnyV3r3cA4_00.mp4,single,0,5.25,78,0.45449512974493517,0.2691966820299138,0.4250082981273532,0.24980210341808307,0.48398196136251714,0.28859126064174456,Alabama,highway,snow,night,Poor,120,8.042,720,1280,test,test
videos/gVXvlSSUr88_00.mp4,single,0,4.2,63,0.3161348069660089,0.21790552162354704,0.19199537940154496,0.12893570782612748,0.44027423453047276,0.30687533542096657,Alabama,signalized_intersection,normal,day,Fine,450,30.0,1080,1620,test,test
videos/y396l4X6WOk_00.mp4,t-bone,0,6.467,96,0.3503125930060188,0.5791484099338636,0.27375466681259514,0.4908870261302666,0.4268705191994425,0.6674097937374607,Alabama,signalized_intersection,normal,day,Good,448,29.967,1080,1920,test,test
videos/WqO5068PPhA_00.mp4,t-bone,0,1.1339999999999995,34,0.7237826242736328,0.4611213169648173,0.7066104294217677,0.4466531313987793,0.740954819125498,0.47558950253085525,Alabama,signalized_intersection,normal,day,Poor,769,25.634,720,1280,test,test
videos/GAuVOgez5bQ_00.mp4,t-bone,0,6.333,63,0.20290082722461072,0.2691677701925086,0.16875832363345136,0.24198348679776782,0.23704333081577006,0.2963520535872493,Alabama,signalized_intersection,normal,night,Poor,297,29.917,720,1280,test,test
videos/djlikkK0NnM_00.mp4,t-bone,0,22.489,337,0.26740006173842323,0.8761221659273866,0.00024177949709761987,0.752244331854773,0.5345583439797489,1.0,Alabama,signalized_intersection,normal,day,Fine,448,29.963,240,352,test,test
videos/VsJNApu-LP4_00.mp4,t-bone,0,5.917,88,0.9101357422477724,0.6015154160554853,0.8204730940291816,0.523432989375293,0.9997983904663632,0.6795978427356776,Alabama,signalized_intersection,normal,day,Fine,366,25.042,720,1280,test,test
videos/9PeFHB3oBKg_00.mp4,rear-end,0,5.875,66,0.7123656788692879,0.4949802240792497,0.6396662903766955,0.4476720862970616,0.7850650673618803,0.5422883618614378,Alabama,highway,normal,day,Poor,336,29.917,720,960,train,test
videos/wrKbzGEUOlI_00.mp4,single,0,9.1,182,0.21756695510687035,0.7478302601482637,0.169299318984964,0.694743618716562,0.2658345912287767,0.8009169015799654,Alabama,highway,normal,day,Poor,600,30.033,1080,1920,train,test
videos/ILLwcx7DKvM_00.mp4,single,0,3.733,112,0.4039092427465856,0.6178739662152717,0.39371253023093594,0.5969298101028278,0.41410595526223515,0.6388181223277157,Alabama,highway,normal,day,Poor,413,13.767,720,1280,train,test
videos/yap1ac36OsU_00.mp4,single,0,7.0,105,0.29291055967137664,0.4678948259973822,0.24431803800877358,0.4338652089701605,0.3415030813339797,0.5019244430246039,Virginia,highway,snow,day,Very_Poor,449,29.917,720,960,test,test
videos/Zp5xCOo7DSE_00.mp4,rear-end,0,10.145999999999999,152,0.35928872643289433,0.5377182703991782,0.3176567213265182,0.45224614243565114,0.40092073153927055,0.6231903983627052,Virginia,highway,normal,day,Poor,372,24.779,1080,2400,test,test
videos/MAlk_czfNIs_00.mp4,t-bone,0,3.033,45,0.6154720000963648,0.47592133981258733,0.5873997976548399,0.4513528104809396,0.6435442025378898,0.500489869144235,Virginia,simple_intersection,normal,night,Poor,450,30.033,1080,1440,test,test
videos/swb5GdD__W0_00.mp4,rear-end,0,3.933,58,0.2550902014951842,0.5478457846787865,0.20119142470894896,0.4762227571357235,0.3089889782814194,0.6194688122218496,Virginia,highway,normal,day,Fine,365,25.133,1080,1920,train,test
videos/GVHE7LumYVo_00.mp4,rear-end,0,6.629834,96,0.6396584818343106,0.49027860177755983,0.6167252927385541,0.46162663064574805,0.6625916709300671,0.5189305729093716,Virginia,highway,normal,day,Poor,315,21.21547,1080,2400,test,test
videos/k-QTjGUDtZY_00.mp4,t-bone,0,3.042,45,0.7405085606192723,0.5345989966239582,0.5983404225199492,0.39303703527668693,0.8826766987185952,0.6761609579712294,Virginia,simple_intersection,rain,night,Good,320,21.0,720,960,test,test
videos/jF_WIm0oxLc_00.mp4,rear-end,0,1.6250000000000002,24,0.4337588806514541,0.5913719481954546,0.4116757993207588,0.5488357596533459,0.45584196198214944,0.6339081367375633,Virginia,highway,normal,day,Poor,420,28.0,720,960,test,test
videos/Ga8NZJ64V80_00.mp4,single,0,4.25,33,0.5467807957025919,0.5869558451979452,0.521053043114901,0.5703524770786434,0.5725085482902827,0.6035592133172469,Arkansas,highway,normal,day,Poor,80,10.125,720,1280,test,test
videos/HMdWAx9g5eI_00.mp4,single,0,5.867,46,0.635522740866366,0.6124714849828186,0.5936357826582448,0.5784283387715602,0.677409699074487,0.646514631194077,Arkansas,highway,normal,day,Good,67,8.467,1080,1920,train,test
videos/57T5Z3aTh4s_00.mp4,sideswipe,0,4.958,39,0.44031794291772286,0.493967026525863,0.4227372424542769,0.4638547440894744,0.4578986433811688,0.5240793089622516,Arkansas,highway,normal,day,Poor,239,29.958,720,1280,test,test
videos/PAuYsJns-Fc_00.mp4,single,0,12.2,97,0.40312531944438995,0.4905691613390296,0.3699879455535558,0.4637567236984271,0.4362626933352241,0.5173815989796322,Arkansas,highway,normal,day,Fine,239,29.933,1080,1920,train,test
videos/lgU3T6kySLw_00.mp4,single,0,3.291666,19,0.5834105726983478,0.4234895994663268,0.5634822385199446,0.4092297737026431,0.603338906876751,0.4377494252300106,Arkansas,highway,normal,day,Fine,181,29.958333,720,1280,train,test
videos/y1FUdBq8QII_00.mp4,sideswipe,0,4.75,38,0.6551174351251772,0.40131910104694524,0.6231171483212766,0.3507673811182915,0.6871177219290776,0.451870820975599,Arkansas,highway,normal,day,Fine,239,30.0,720,1280,test,test
videos/XdFylnj-1B4_00.mp4,single,0,4.834,71,0.6662529099777436,0.3299077555108821,0.6533912203190905,0.31452584035321224,0.6791145996363966,0.34528967066855193,Arkansas,grade_separated_intersection,normal,day,Poor,114,7.7,1080,1920,test,test
videos/nxtAJF0x3qQ_00.mp4,sideswipe,0,0.867,7,0.17742710682876447,0.46400757188136826,0.16045759080597072,0.4363829787385609,0.19439662285155823,0.4916321650241756,Arkansas,highway,normal,day,Fine,193,24.099999999999998,1080,1920,test,test
videos/RTPo9EzJ2q4_00.mp4,single,0,5.542,44,0.7145497762931889,0.5232641929733994,0.7048070829801034,0.5101529837403717,0.7242924696062744,0.5363754022064271,Arkansas,highway,rain,day,Fine,238,29.917,720,1280,test,test
videos/pwc7SEk8BA4_00.mp4,t-bone,0,10.333,84,0.3604966475574043,0.8094525479232642,0.27508922751291415,0.718505567303922,0.4459040676018944,0.9003995285426064,Arkansas,simple_intersection,normal,day,Good,242,29.958,720,1280,test,test
videos/7v3_mO6HyPk_00.mp4,sideswipe,0,4.167,25,0.7139600651983516,0.47275920521232306,0.6452819476820972,0.4154574892465588,0.7826381827146061,0.5300609211780873,Arkansas,highway,normal,night,Poor,107,17.958,720,1280,test,test
videos/ve9ThZ4xzrQ_00.mp4,single,0,6.292,50,0.788708982493926,0.41870555059602554,0.7738685921658534,0.40602581709493496,0.8035493728219985,0.43138528409711613,Arkansas,highway,rain,night,Poor,239,29.958,720,1280,test,test
videos/olrS9Xl-I70_00.mp4,single,0,6.791666,54,0.7849755708585249,0.42610464382448293,0.7660911920149165,0.41338550105994765,0.8038599497021333,0.4388237865890182,Arkansas,highway,rain,day,Fine,239,29.916666,720,1280,test,test
videos/QiRF34ZCDBo_00.mp4,single,0,9.367,74,0.5804525537359464,0.4637199131458548,0.5687851492275064,0.45486884633130414,0.5921199582443862,0.4725709799604054,Arkansas,highway,normal,day,Fine,239,30.0,1080,1920,train,test
videos/paIiPXuFj7Q_00.mp4,single,0,5.7669999999999995,46,0.3859816264045671,0.23678442059183227,0.3675773731597912,0.22241508110421504,0.4043858796493431,0.2511537600794495,Arkansas,highway,normal,day,Good,196,24.5,1080,1920,train,test
videos/ig4k6LEEMy0_00.mp4,t-bone,0,9.208,73,0.6616204005555465,0.8104553034396624,0.5843018685643628,0.730873516084921,0.7389389325467302,0.8900370907944037,Arkansas,highway,normal,day,Excellent,239,30.0,720,1280,train,test
videos/n1da-gnbUBU_00.mp4,single,0,9.417,75,0.6032640429498917,0.4938659296170802,0.5985831704533069,0.48811721873221864,0.6079449154464764,0.4996146405019418,Arkansas,highway,normal,day,Poor,216,27.042,720,1280,test,test
videos/PaOMI4lZ7UI_00.mp4,t-bone,0,3.267,25,0.5804856457107042,0.8408323278075299,0.4236832358607911,0.6906326578941394,0.7372880555606173,0.9910319977209204,Arkansas,simple_intersection,normal,day,Excellent,89,11.267,1080,1920,test,test
videos/R8HeYWy2-HI_00.mp4,sideswipe,0,6.208,49,0.6225553895759048,0.5095184615404391,0.6117964841476218,0.49348349737629515,0.6333142950041879,0.525553425704583,Arkansas,highway,normal,day,Fine,206,25.833,720,1280,test,test
videos/EkSE8710mGg_00.mp4,single,0,3.458,60,0.22719934524069435,0.4535055197393423,0.2163304336563679,0.4411943286437227,0.2380682568250208,0.4658167108349618,Arkansas,highway,normal,night,Poor,272,29.958,720,1280,test,test
videos/1DTzvlqxm5c_00.mp4,single,0,4.125,32,0.6398895613993685,0.6317770054145487,0.6215740908197219,0.6156791000954636,0.6582050319790151,0.6478749107336339,Arkansas,highway,rain,day,Fine,73,9.083,720,1280,test,test
videos/YaMXFpSYjOk_00.mp4,sideswipe,0,3.875,31,0.26137712053805773,0.33322566986206537,0.25361566869530067,0.31852153940021205,0.26913857238081484,0.34792980032391874,Arkansas,highway,normal,day,Fine,142,17.5,720,1280,test,test
videos/U9lXW10TLQw_00.mp4,single,0,6.667,53,0.4435479204104886,0.4881499762468774,0.43362057227599704,0.47487649199742665,0.45347526854498027,0.5014234604963281,Arkansas,highway,normal,day,Fine,239,29.875,720,1280,train,test
videos/mjKiqWEZoAM_00.mp4,single,0,5.467,42,0.5958895282285774,0.5363257193676345,0.5868518580780456,0.5251907849484735,0.6049271983791091,0.5474606537867955,Arkansas,highway,rain,day,Poor,74,9.467,1080,1920,test,test
videos/pSjvg4Zq3-4_00.mp4,single,0,9.667,77,0.7431903219158149,0.5712912867517004,0.7267500457597735,0.5521039361916994,0.7596305980718563,0.5904786373117015,Arkansas,highway,normal,night,Poor,239,29.9,1080,1920,test,test
videos/-i9bRJWMtTo_00.mp4,sideswipe,0,6.125,24,0.4461441840051632,0.47149086094909587,0.3477439695305691,0.35989390230253976,0.5445443984797573,0.583087819595652,Arkansas,highway,normal,day,Good,119,29.875,720,1280,train,test
videos/3taDrOi_n0E_00.mp4,rear-end,0,5.834,47,0.3631447677436704,0.32706154573964813,0.352396817492334,0.31134173050823105,0.3738927179950068,0.3427813609710652,Arkansas,highway,normal,day,Fine,182,22.459000000000003,720,1280,test,test
videos/LY4ki_2dmwU_00.mp4,single,0,9.292,74,0.43693839383857136,0.30555464831986434,0.42546291519849333,0.2926924884879352,0.44841387247864944,0.3184168081517934,Arkansas,highway,normal,night,Very_Poor,384,29.917,720,1280,test,test
videos/7ORiNi_LtxY_00.mp4,sideswipe,0,3.792,30,0.1375296770211989,0.6976439694515795,0.033176371211906995,0.6061386082129847,0.24188298283049078,0.7891493306901742,Arkansas,highway,normal,day,Good,240,29.958,720,1280,test,test
videos/gbM45Kpz814_00.mp4,single,0,9.833,78,0.7275059095333956,0.615606736814667,0.7019473356495695,0.5961757087799217,0.7530644834172218,0.6350377648494124,Arkansas,highway,normal,night,Poor,198,24.833,720,1280,test,test
videos/kDvSnh2NmpM_00.mp4,rear-end,0,15.167,170,0.6006070971975077,0.4074229586033253,0.5924460564460043,0.3894173006733388,0.6087681379490111,0.42542861653331177,Arkansas,highway,rain,day,Poor,258,29.833,720,1280,test,test
videos/Ah1BmOi3V4Q_00.mp4,rear-end,0,9.333,63,0.34545030638413043,0.5169814097887139,0.3275985866146572,0.49677621407081407,0.3633020261536037,0.5371866055066137,Arkansas,highway,normal,day,Poor,228,29.967,1080,1920,test,test
videos/BEZNd0pYy-4_00.mp4,rear-end,0,4.166666,33,0.4350083131657584,0.4565099709624153,0.40055639933117576,0.4148773835860791,0.46946022700034107,0.4981425583387515,Arkansas,highway,normal,day,Fine,239,29.916666,720,1280,test,test
videos/WvBtraA2jsA_00.mp4,rear-end,0,5.733,46,0.6806104282834149,0.45896049825369345,0.6582400940780815,0.4306858016227933,0.7029807624887483,0.4872351948845936,Arkansas,highway,normal,day,Good,240,30.0,1080,1920,train,test
videos/Jt65lD9BAPY_00.mp4,rear-end,0,2.667,21,0.17726562153495018,0.6627253361915261,0.14148762763149988,0.6051028146451152,0.2130436154384005,0.720347857737937,Arkansas,grade_separated_intersection,normal,day,Good,239,29.917,720,1280,test,test
videos/l2iiHvICI2Y_00.mp4,rear-end,0,12.375,99,0.5333697212929058,0.5189162439035377,0.5163853827175753,0.5041625269550836,0.5503540598682364,0.5336699608519919,Arkansas,highway,normal,day,Fine,127,15.875,720,1280,test,test
videos/WTz4apKhaQY_00.mp4,rear-end,0,3.75,15,0.632728715682656,0.3487479790410113,0.621827246763947,0.3383159479953284,0.6436301846013649,0.3591800100866942,Arkansas,highway,normal,day,Fine,117,29.75,720,1280,test,test
videos/pS5SXfuqz-4_00.mp4,rear-end,0,8.291667,66,0.5512111403830541,0.47376953370183117,0.5437939221203872,0.46381294757251185,0.5586283586457209,0.48372611983115044,Arkansas,highway,normal,day,Fine,205,25.791667,720,1280,test,test
videos/dfEFaPk-2-Y_00.mp4,rear-end,0,3.125,25,0.7329671494214693,0.4220676729993157,0.7143337134459127,0.39953217687749304,0.751600585397026,0.4446031691211383,Arkansas,highway,normal,night,Very_Poor,151,18.833,720,1280,test,test
videos/24IyPsinbH8_00.mp4,single,0,7.958333,63,0.32919299170906696,0.5920544069252864,0.30333132786922284,0.5656611736278634,0.3550546555489111,0.6184476402227094,Arkansas,highway,normal,day,Good,239,29.958333,720,1280,train,test
videos/9VTtD6Sw6N4_00.mp4,single,0,22.25,178,0.5570989229317262,0.23533434377159884,0.5465641370659052,0.21716562444160073,0.5676337087975474,0.2535030631015969,Arkansas,highway,normal,night,Poor,240,30.0,720,1280,test,test
videos/xSMybsal-zs_00.mp4,single,0,4.5,35,0.4920423017236445,0.5762041673877564,0.4613944691382277,0.5352158682964643,0.5226901343090613,0.6171924664790485,Arkansas,highway,normal,day,Good,80,10.125,720,1280,train,test
videos/-dmYsQc-odI_00.mp4,rear-end,0,5.75,45,0.5026332533450372,0.7139988111736405,0.4620805507252513,0.620440414536501,0.5431859559648231,0.80755720781078,Arkansas,highway,normal,day,Good,241,29.958333,720,1280,train,test
videos/Z_GJQ1KrRJw_00.mp4,rear-end,0,16.5,99,0.4517465760198372,0.5410290243427711,0.3905380346787538,0.4674556093403848,0.5129551173609206,0.6146024393451575,Arkansas,highway,normal,night,Fine,179,29.833,720,1280,train,test
videos/a5_Q39h5LM4_00.mp4,single,0,5.208,65,0.5496062724303916,0.568049669990853,0.5428683771651133,0.5617918745998193,0.55634416769567,0.5743074653818869,Arkansas,grade_separated_intersection,normal,day,Poor,317,26.208,720,1280,test,test
videos/OIbLSlLL47A_00.mp4,single,0,4.25,34,0.5661588124790271,0.4461499756119329,0.5550039708375218,0.4342255581701541,0.5773136541205323,0.4580743930537118,Arkansas,highway,normal,night,Poor,240,29.875,720,1280,test,test
videos/AEzHgZ0xjlk_00.mp4,single,0,13.125,97,0.5109749982667274,0.46411387347848054,0.49676707659696956,0.44783426347383587,0.5251829199364854,0.48039348348312516,Arkansas,highway,normal,day,Fine,231,29.875,720,1280,train,test
videos/Czp_f_DrRB8_00.mp4,sideswipe,0,10.916666,87,0.7460244890232796,0.4419556999900966,0.7184979929972343,0.41104255512942156,0.7735509850493248,0.47286884485077163,Arkansas,highway,normal,day,Good,239,29.916666,720,1280,test,test
videos/H6FXwjTkWYI_00.mp4,single,0,8.083333,64,0.4951571113460043,0.4436094944615375,0.46700641965109735,0.42486786922169345,0.5233078030409113,0.46235111970138154,Arkansas,highway,rain,day,Good,163,20.291667,720,1280,train,test
videos/XSgpMS9s9B8_00.mp4,single,0,2.7,40,0.4231747756646095,0.7406744554118185,0.3970828188679838,0.7137247594197594,0.44926673246123516,0.7676241514038776,Arkansas,highway,snow,night,Poor,87,5.833,1080,1440,test,test
videos/XSgpMS9s9B8_01.mp4,single,0,1.867,28,0.5759446545038371,0.5456271463614186,0.559471958975687,0.5327769431343049,0.5924173500319874,0.5584773495885325,Arkansas,highway,snow,night,Poor,364,25.334,1080,1440,test,test
videos/bCQ6OCJYKw0_00.mp4,single,0,1.2339999999999995,10,0.569476044039346,0.3706480822797178,0.5583144707481071,0.3591603382943594,0.5806376173305848,0.38213582626507625,Arkansas,grade_separated_intersection,normal,night,Poor,540,26.767,1080,1920,test,test
videos/T4luKRj7Mhg_00.mp4,single,0,4.0,32,0.5786015191892333,0.4207935449398525,0.5689221749895732,0.4083272009170068,0.5882808633888933,0.4332598889626982,Arkansas,highway,normal,day,Fine,219,27.367,1080,1920,train,test
videos/04O2SOGSG_U_00.mp4,rear-end,0,2.167,17,0.48543776680567086,0.6477251736988331,0.36642289764130803,0.5014390046689448,0.6044526359700337,0.7940113427287214,Arkansas,highway,rain,day,Good,49,6.167,720,1280,test,test
videos/0BHjx8wX7pc_00.mp4,single,0,8.375,67,0.9033474354905653,0.8186375737905459,0.8822951674392016,0.795375692907941,0.9243997035419289,0.8418994546731509,Arkansas,highway,normal,night,Very_Poor,234,29.875,720,1280,test,test
videos/sl2h_VexIkA_00.mp4,sideswipe,0,4.583333,32,0.4469574420640081,0.5187956107205128,0.4282293324605869,0.49683891055614937,0.46568555166742936,0.5407523108848763,Arkansas,grade_separated_intersection,normal,day,Good,212,29.958333,720,1280,test,test
videos/uPwNRl6V9i8_00.mp4,single,0,5.167,31,0.8518674888796378,0.5696611620949448,0.8259094414510324,0.5442654095831772,0.8778255363082431,0.5950569146067125,Arkansas,highway,normal,night,Fine,179,29.833,720,1280,train,test
videos/IcHtsAFIRjk_00.mp4,single,0,9.125,45,0.46884806218702835,0.32008924495415164,0.4614038569163365,0.31100998836054544,0.4762922674577202,0.32916850154775784,Arkansas,highway,normal,night,Very_Poor,81,16.333,720,1280,test,test
videos/5lfIORCL5FA_00.mp4,rear-end,0,6.333333,44,0.395046448737272,0.45331100992300144,0.3725981345406112,0.4264338815543001,0.41749476293393284,0.4801881382917027,Arkansas,highway,normal,day,Good,210,29.875,720,1280,test,test
videos/7EqwXtQkP1I_00.mp4,single,0,4.333,34,0.4914922532549362,0.47980491110572615,0.47620994504246755,0.46497718509886254,0.5067745614674048,0.49463263711258976,Arkansas,highway,rain,day,Fine,239,29.917,720,1280,test,test
videos/n0pXXp0cWWw_00.mp4,single,0,1.792,14,0.7700725578172571,0.7409645283633279,0.6936127165285281,0.6903437251715904,0.8465323991059861,0.7915853315550655,Arkansas,highway,rain,day,Fine,239,29.958,720,1280,test,test
videos/KMUWUj13hFw_00.mp4,single,0,6.0,47,0.28337579521411627,0.4724086378368805,0.2673537119672787,0.45876113127458884,0.29939787846095384,0.48605614439917205,Arkansas,highway,rain,day,Poor,229,29.875,720,1280,test,test
videos/8s8en2EJPzg_00.mp4,single,0,7.791666,62,0.597796344838942,0.6069009954788136,0.5773410231023566,0.5888254469518128,0.6182516665755273,0.6249765440058144,Arkansas,highway,rain,day,Poor,239,29.958333,720,1280,test,test
videos/5Vhz1P2k8Ds_00.mp4,single,0,14.292,114,0.34352332751427617,0.6875745332752121,0.306258205229022,0.6599379664486387,0.3807884497995303,0.7152111001017855,Arkansas,highway,rain,night,Very_Poor,355,30.0,720,1280,test,test
videos/M1ooGq00a4w_00.mp4,single,0,8.625,69,0.547513510072605,0.483902935034514,0.5206513660090678,0.46472146466374536,0.5743756541361421,0.5030844054052825,Arkansas,highway,rain,day,Fine,239,29.917,720,1280,test,test
videos/r30SzXochSk_00.mp4,single,0,9.958,59,0.4016984332109644,0.5272740856242889,0.3680041193326318,0.4963498836806501,0.435392747089297,0.5581982875679277,Arkansas,highway,normal,night,Fine,180,29.958,720,1280,train,test
videos/G84adP8TOLw_00.mp4,single,0,6.083,48,0.21038335046701942,0.5660776859532997,0.1770482843312692,0.5405958365364515,0.24371841660276963,0.5915595353701477,Arkansas,highway,normal,day,Good,239,29.958,720,1280,test,test
videos/oXMCX36zERc_00.mp4,single,0,9.765999999999998,78,0.4733105820970702,0.3326727719293637,0.4673744560241756,0.3252250315186235,0.4792467081699648,0.3401205123401039,Arkansas,highway,normal,day,Fine,216,27.0,1080,1920,train,test
videos/2wUrP2wgXhs_00.mp4,sideswipe,0,7.8,62,0.7728548686639445,0.252740087760163,0.7598406117263532,0.2421947893568824,0.7858691256015359,0.2632853861634436,Arkansas,highway,snow,day,Poor,104,13.067,1080,1920,test,test
videos/5K9ZZNwt9Fw_00.mp4,single,0,7.367,58,0.2618148014280534,0.7050544166254344,0.18373535156250018,0.6445251012731487,0.3398942512936066,0.7655837319777203,Arkansas,highway,snow,night,Fine,239,29.967,1080,1920,test,test
videos/i3WeiV3H_aQ_00.mp4,single,0,4.667,37,0.13807733512562348,0.4107225871607378,0.12958675258334754,0.40171763426882207,0.14656791766789942,0.4197275400526535,Arkansas,highway,normal,night,Poor,239,29.9,1080,1920,test,test
videos/aPXUOJ6X43E_00.mp4,single,0,4.708,37,0.4389956158559789,0.8307945201645095,0.39868123191701843,0.7787391442062471,0.4793099997949393,0.8828498961227719,Arkansas,highway,normal,night,Fine,110,10.208,720,1280,train,test
videos/KIAzlkbMog4_00.mp4,rear-end,0,8.083,48,0.41473621259065774,0.5410732213572857,0.3713763275205745,0.509344348157734,0.458096097660741,0.5728020945568375,Arkansas,highway,rain,night,Poor,382,29.958,720,1280,test,test
videos/o45cTuevkJ8_00.mp4,single,0,2.833,23,0.47686223619668766,0.42639707678603733,0.45915568209643665,0.41184413759885286,0.4945687902969387,0.44095001597322186,Arkansas,highway,normal,day,Fine,243,29.958,720,1280,train,test
videos/a9U54ImNK2M_00.mp4,single,0,5.625,33,0.8059643936438603,0.4439035814485254,0.7919171680876407,0.43345144218382287,0.82001161920008,0.45435572071322794,Arkansas,highway,normal,day,Good,165,27.625,720,1280,test,test
videos/oPdIw4WJ6ZU_00.mp4,sideswipe,0,6.5,51,0.6801724050120681,0.4546237497858787,0.6422803600132468,0.42898688492951564,0.7180644500108893,0.48026061464224173,Arkansas,highway,normal,night,Fine,79,10.0,720,1280,test,test
videos/91DHD6SEyVU_00.mp4,single,0,3.375,27,0.1316097906745763,0.4064401852364523,0.1191159560348306,0.3903834946827862,0.14410362531432194,0.42249687579011846,Arkansas,highway,normal,night,Very_Poor,230,29.875,720,1280,test,test
videos/kOOstkWDxz0_00.mp4,single,0,8.917,69,0.42685761148250423,0.29218658234334627,0.41447979184101386,0.2828318689132722,0.4392354311239946,0.30154129577342026,Arkansas,highway,normal,night,Fine,232,29.917,720,1280,train,test
videos/mEQxozTl1S4_00.mp4,rear-end,0,3.266,26,0.709221099477072,0.308690226021583,0.6873205644400495,0.28248953639796903,0.7311216345140944,0.334890915645197,Arkansas,grade_separated_intersection,normal,day,Fine,178,22.133,1080,1920,test,test
videos/mlv_VGdtang_00.mp4,single,1,12.133,96,0.7966548468642625,0.5145800341153447,0.7743251365692743,0.49814716516810914,0.8189845571592508,0.5310129030625802,Arkansas,highway,normal,day,Fine,128,16.033,1080,1920,train,test
videos/UrmfisD-cpk_00.mp4,rear-end,0,8.25,65,0.4894100257093221,0.8184874649401133,0.4413365700150801,0.7526314474805683,0.5374834814035642,0.8843434823996581,Arkansas,highway,normal,day,Good,238,29.875,720,1280,test,test
videos/g59nWt3t9ZM_00.mp4,single,0,2.25,13,0.660030085381309,0.6193532866662563,0.6274703240620354,0.5883599825562786,0.6925898467005827,0.6503465907762339,Arkansas,highway,rain,day,Good,42,7.083333,720,1280,train,test
videos/8i0FSER7SuE_00.mp4,head-on,0,3.417,27,0.29400571377788887,0.5273476542162538,0.25853780420917566,0.5046478469523022,0.3294736233466021,0.5500474614802054,Arkansas,highway,normal,night,Poor,239,29.917,720,1280,test,test
videos/LMr2EuxQ1IY_00.mp4,single,0,10.208,80,0.7759980442920817,0.48334216397384866,0.7604336651855343,0.4626272673600852,0.7915624233986293,0.5040570605876121,Arkansas,highway,normal,night,Very_Poor,487,29.958,720,1280,test,test
videos/HxxaCH818LI_00.mp4,single,0,5.867,46,0.62527454132867,0.18891013930221173,0.6100411455186215,0.17466836813983763,0.6405079371387185,0.20315191046458583,Arkansas,highway,normal,day,Fine,239,29.967,1080,1920,train,test
videos/SUK79gpopL0_00.mp4,single,0,27.179,217,0.3068121057377854,0.3110772255198855,0.28434769259385606,0.2964154229174559,0.3292765188817147,0.3257390281223151,Arkansas,highway,rain,day,Fine,240,30.06,720,1280,test,test
videos/uAmblqScf8Q_00.mp4,single,0,3.708,29,0.6590245780507149,0.4274002011592356,0.6348730116702214,0.40696905196646604,0.6831761444312083,0.44783135035200516,Arkansas,highway,rain,night,Very_Poor,580,29.958,720,1280,test,test
videos/7dMxFaTmaBs_00.mp4,t-bone,0,6.366,51,0.7510478266699588,0.34324380260997667,0.7371885414697678,0.33136973519639873,0.7649071118701499,0.35511787002355455,Arkansas,highway,normal,night,Poor,195,24.366,1080,1920,test,test
videos/LZY4HepPGu0_00.mp4,single,0,4.833333,38,0.5721446415066787,0.496014741813828,0.5442060504764352,0.47174038758652287,0.6000832325369221,0.520289096041133,Arkansas,highway,normal,day,Good,274,29.958333,720,1280,test,test
videos/adNfN1i5mXs_00.mp4,sideswipe,1,6.033,48,0.17468082432153254,0.537763751074154,0.1464207940980035,0.5166126910641151,0.20294085454506156,0.5589148110841927,Arkansas,highway,normal,day,Fine,87,10.9,1080,1920,test,test
videos/3N9sKQIYMy4_00.mp4,single,0,5.25,42,0.7515920069011072,0.5812544760926741,0.7315505451738455,0.5629437949246907,0.7716334686283688,0.5995651572606574,Arkansas,highway,rain,day,Fine,114,14.25,720,1280,test,test
videos/yxdh-n8LgyY_00.mp4,single,0,4.458,35,0.6987869251754335,0.40033161496358227,0.6833951910114578,0.38000244684334306,0.7141786593394092,0.42066078308382154,Arkansas,highway,normal,day,Fine,240,29.958,720,1280,train,test
videos/LmWvBPSBxNE_00.mp4,single,0,4.042,20,0.14882541481110606,0.4321910099529074,0.13326451080269994,0.4202792208680531,0.1643863188195122,0.4441027990377616,Arkansas,highway,normal,day,Fine,149,29.833,720,1280,train,test
videos/SFQKAmwf-3g_00.mp4,single,0,5.708333,34,0.3343334048607419,0.5843006561763677,0.3059110738949054,0.559532679730013,0.3627557358265785,0.6090686326227224,Arkansas,highway,normal,day,Excellent,179,29.875,720,1280,test,test
videos/ITahkTaWzyQ_00.mp4,sideswipe,0,5.792,46,0.3659975759289676,0.37641329674176516,0.3494108353909162,0.36371078665775247,0.38258431646701896,0.3891158068257779,Arkansas,highway,normal,day,Poor,528,29.958,720,1280,test,test
videos/XBOz63PuSvE_00.mp4,single,0,7.916666,63,0.32541070525126276,0.44620152023803333,0.2964485315860713,0.4253195653444192,0.3543728789164542,0.46708347513164744,Arkansas,highway,normal,day,Good,239,29.916666,720,1280,test,test
videos/xrQ3mx08clM_00.mp4,single,0,5.875,47,0.4815531002068577,0.5908429962481376,0.45536395653818384,0.5719304105815581,0.5077422438755316,0.6097555819147171,Arkansas,highway,normal,night,Poor,423,30.0,720,1280,test,test
videos/MA3KBCQu9eY_00.mp4,single,0,14.233,113,0.6957999422249186,0.47955425569037646,0.6547662782954522,0.4438453384048214,0.7368336061543851,0.5152631729759316,Arkansas,highway,normal,day,Fine,239,30.0,1080,1920,train,test
videos/9K5XWxsJleU_00.mp4,single,0,8.041666,64,0.4423668062444461,0.34343712201818555,0.4162629852422626,0.3226058257996505,0.4684706272466296,0.36426841823672057,Arkansas,highway,rain,day,Good,239,29.916666,720,1280,test,test
videos/6nM9m2VkeYk_00.mp4,single,1,6.708333,53,0.6570275757688695,0.49909744277098467,0.586339085961571,0.44957420549772414,0.7277160655761681,0.5486206800442451,Arkansas,highway,rain,day,Good,84,10.625,720,1280,test,test
videos/4EJgJ6IcI9E_00.mp4,single,0,6.458,52,0.48775990829180527,0.48593563855656025,0.4516361138850219,0.4620734197801767,0.5238837026985886,0.5097978573329438,Arkansas,highway,rain,day,Fine,319,29.958,720,1280,test,test
videos/X-S19mWQG9s_00.mp4,single,0,0.9160000000000004,8,0.512377023440399,0.29581636297392855,0.49722767087855957,0.28319171594488224,0.5275263760022384,0.3084410100029749,Arkansas,grade_separated_intersection,rain,day,Fine,54,6.708,720,1280,test,test
videos/nGHp5y9P0Ic_00.mp4,single,0,4.125,32,0.5899048070753532,0.42116523690055,0.5620001045447595,0.4016765028222633,0.6178095096059469,0.44065397097883674,Arkansas,highway,rain,day,Fine,324,29.958,720,1280,test,test
videos/9u2VbfYpcBw_00.mp4,single,0,3.542,28,0.5465384113924763,0.4885914872810792,0.524697738785783,0.4707498970652001,0.5683790839991697,0.5064330774969583,Arkansas,highway,rain,day,Fine,257,30.0,720,1280,test,test
videos/og42C5ewnRY_00.mp4,single,0,10.067,80,0.4444004089226316,0.479160839583946,0.41311003186094314,0.4516561950244191,0.4756907859843201,0.5066654841434729,Tennessee,highway,rain,night,Poor,239,29.967,1080,1920,test,test
videos/Yllfxm5QxVE_00.mp4,single,0,7.6,49,0.4874936932563506,0.2826457915823407,0.4642099187386615,0.267885190338819,0.5107774677740398,0.29740639282586245,Arkansas,highway,normal,day,Fine,228,30.0,1080,1920,train,test
videos/RBriQvW6fa4_00.mp4,single,0,7.542,60,0.21327956214429378,0.6235873418223559,0.20148053072621316,0.6119184185142844,0.2250785935623744,0.6352562651304273,Arkansas,grade_separated_intersection,normal,night,Poor,239,29.958,720,1280,test,test
videos/p7GtPUgji9w_00.mp4,single,0,2.958,23,0.5693664905608462,0.5454075001970973,0.5539154911960609,0.5324948732900701,0.5848174899256317,0.5583201271041246,Arkansas,grade_separated_intersection,normal,day,Fine,239,29.958,720,1280,test,test
videos/1AfecaLCueU_00.mp4,single,1,12.0,95,0.49112426690059335,0.36459935180351216,0.47284187548316836,0.3478800852590826,0.5094066583180183,0.38131861834794173,Arkansas,highway,normal,night,Poor,232,30.0,720,1280,test,test
videos/tB1MoGqqKsA_00.mp4,single,0,7.125,57,0.83216865829709,0.4389372058253735,0.821857491625606,0.43043201003074333,0.8424798249685741,0.44744240162000365,Arkansas,highway,normal,day,Poor,239,29.875,720,1280,test,test
videos/O_WaBEjEV2Y_00.mp4,single,0,10.5,84,0.12447491217756906,0.6648355997267547,0.041563176213081005,0.6031676007354378,0.20738664814205712,0.7265035987180715,Arkansas,highway,normal,day,Good,240,30.0,720,1280,test,test
videos/snZGxCZ7vFM_00.mp4,rear-end,0,17.5,128,0.20877569565285392,0.43248056197962,0.1988645017844282,0.4232126953078082,0.21868688952127968,0.44174842865143177,Arkansas,highway,normal,night,Very_Poor,154,20.75,720,1280,test,test
videos/J80rwyEvSlY_00.mp4,rear-end,0,6.533,41,0.5989661879896686,0.4575790373310793,0.5812329346972465,0.43031228924181414,0.6166994412820906,0.48484578542034446,Arkansas,highway,normal,day,Fine,232,30.0,1080,1920,test,test
videos/vbIXlHZnRo4_00.mp4,single,0,8.267,65,0.4031860169099226,0.5337570185844441,0.3760415269633187,0.5141068295252224,0.4303305068565265,0.5534072076436659,Arkansas,highway,normal,day,Good,239,30.0,1080,1920,test,test
videos/YigXRe0SDos_00.mp4,t-bone,0,8.633,68,0.3958946970158693,0.3998635434003335,0.37503242628316336,0.37935198006202486,0.41675696774857535,0.42037510673864215,Arkansas,highway,normal,day,Fine,90,11.367,1080,1920,test,test
videos/8h2Xq-MfXPE_00.mp4,single,1,14.967,119,0.2120504190013305,0.6262960328598943,0.1911254339948518,0.6071051525992073,0.23297540400780922,0.6454869131205815,Arkansas,highway,normal,night,Very_Poor,240,30.1,1080,1920,test,test
videos/KQ1M-32l-E0_00.mp4,rear-end,0,2.0416659999999993,17,0.48288293160473067,0.47538370465403357,0.4619260104442309,0.4481113549059947,0.5038398527652305,0.5026560544020724,Arkansas,highway,normal,day,Fine,37,4.291665999999999,720,1280,test,test
videos/NpV7pI8k-SQ_00.mp4,single,0,5.2,41,0.4377776710125384,0.5249346740215319,0.4126966842271211,0.5076367011011265,0.46285865779795565,0.5422326469419373,Arkansas,highway,rain,day,Fine,239,29.933,1080,1920,test,test
videos/2xyiKlvOZUQ_00.mp4,single,0,2.542,20,0.34882754066287136,0.3856435121583336,0.3177200172170951,0.36171400704494217,0.3799350641086477,0.40957301727172496,Arkansas,highway,rain,day,Poor,239,29.875,720,1280,test,test
videos/WA6hL9bRnNs_00.mp4,single,0,9.125,73,0.3787431630200733,0.6548877810605838,0.3584110797824735,0.6343060939170746,0.39907524625767316,0.6754694682040929,Arkansas,highway,normal,day,Good,73,9.125,720,1280,test,test
videos/YwqAnRgRntg_00.mp4,single,0,7.333333,58,0.24920644246864823,0.367649438672661,0.22933239517661214,0.35526477022044506,0.2690804897606843,0.38003410712487695,Arkansas,highway,rain,night,Fine,168,15.666666,720,1280,test,test
videos/6RZ_i-xao0s_00.mp4,single,0,13.042,245,0.8849194831460285,0.7204459048642063,0.8105478617114338,0.6567828646909321,0.9592911045806233,0.7841089450374806,Arkansas,highway,normal,night,Very_Poor,446,29.917,720,1280,test,test
videos/4tOmPxnuANw_00.mp4,t-bone,0,4.0,32,0.76031181380479,0.3181212952333927,0.7377534956290187,0.30487095061287695,0.7828701319805613,0.33137163985390855,Arkansas,grade_separated_intersection,normal,day,Poor,201,25.133,1080,1920,test,test
videos/hs-_vD6T78s_00.mp4,single,0,19.583,155,0.5144696558146533,0.42854790921891506,0.48617761931359665,0.40028898736161156,0.5427616923157099,0.4568068310762185,Arkansas,highway,normal,day,Very_Poor,237,29.875,720,1280,test,test
videos/m8HHbAqyx8g_00.mp4,single,0,11.083,55,0.4452991858674383,0.5765923513508285,0.4144335638590865,0.5451384370125838,0.4761648078757901,0.6080462656890733,Arkansas,highway,normal,night,Poor,149,29.917,720,1280,test,test
videos/CD0ra7MBJJc_00.mp4,single,0,4.875,39,0.6577296042448301,0.5664714815773861,0.6332190144338928,0.5436112821191474,0.6822401940557673,0.5893316810356248,Arkansas,highway,rain,day,Fine,72,9.0,720,1280,test,test
videos/wqYFt0bcNrA_00.mp4,sideswipe,0,3.0,24,0.40760815862640054,0.584205958866648,0.3930255401217607,0.5701761099249215,0.4221907771310403,0.5982358078083744,Arkansas,highway,normal,day,Good,242,29.916666,720,1280,test,test
videos/l6WnoOecA9s_00.mp4,sideswipe,0,2.292,9,0.495232854628316,0.6367510070955329,0.39698069333690855,0.5188140508457174,0.5934850159197235,0.7546879633453483,Arkansas,highway,normal,day,Good,119,29.792,720,1280,test,test
videos/TizK5BENdVg_00.mp4,single,0,4.625,27,0.3749781454831523,0.8421473060112319,0.27308069476575175,0.7145040662074086,0.4768755962005528,0.9697905458150553,Arkansas,highway,normal,day,Good,179,29.958,720,1280,test,test
videos/uiZD8Fw0SGc_00.mp4,single,0,9.125,72,0.43636900248100025,0.5690276209137046,0.411784602066912,0.5345179200747115,0.4609534028950885,0.6035373217526976,Arkansas,highway,snow,day,Fine,343,29.958,720,1280,test,test
videos/XaN99SF-mAo_00.mp4,single,0,5.5,43,0.570012872513162,0.540260240759887,0.5085293752055009,0.49116094471071986,0.6314963698208231,0.5893595368090541,Arkansas,highway,rain,night,Very_Poor,239,30.0,720,1280,test,test
videos/rivjQ5XnuIg_00.mp4,t-bone,0,8.792,71,0.2960676478551262,0.6088729856613369,0.2652217491879502,0.5901485737899099,0.3269135465223021,0.6275973975327639,Arkansas,highway,snow,day,Fine,241,29.917,720,1280,test,test
videos/vVeLx1IopnM_00.mp4,rear-end,0,6.867,55,0.4301053988067906,0.6677075369833563,0.4188380513006396,0.650630269514292,0.4413727463129416,0.6847848044524204,Arkansas,highway,rain,day,Fine,148,16.6,1080,1920,test,test
videos/17u3l3wxfFI_00.mp4,sideswipe,0,3.3,26,0.5656897508091226,0.6025664699092554,0.5027948167015164,0.5114663525574004,0.6285846849167289,0.6936665872611106,Arkansas,highway,normal,night,Poor,240,29.933,1080,1920,test,test
videos/KxlGte5pVZs_00.mp4,single,0,12.0,97,0.8083712388677048,0.4659824567815989,0.7952418059535125,0.4425250094372637,0.8215006717818971,0.4894399041259341,Arkansas,highway,normal,day,Good,228,28.333,720,1280,test,test
videos/JeUAtNDJk9A_00.mp4,single,0,3.208333,25,0.20134603219452457,0.8400546016590709,0.1627717479521678,0.778414363916113,0.23992031643688136,0.9016948394020288,Arkansas,highway,rain,day,Good,155,11.416666,720,1280,test,test
videos/4ZGq9c3FKlE_00.mp4,t-bone,0,3.933,97,0.2180599190805949,0.40653797374102446,0.1365484776686551,0.3342511871896575,0.2995713604925347,0.4788247602923914,World,signalized_intersection,normal,night,Fine,446,17.933,2026,3840,test,train
videos/8asB-NXAPSc_00.mp4,t-bone,1,1.3499999999999996,30,0.2818726117760107,0.22760821650217544,0.189587558553475,0.1663330929956899,0.3741576649985464,0.288883340008661,World,signalized_intersection,normal,night,Fine,327,14.733,2026,3840,test,train
videos/VpSREWsYWgY_00.mp4,sideswipe,0,6.125,91,0.5115034413919608,0.6194316912388419,0.49082798744338635,0.5977010179018828,0.5321788953405353,0.641162364575801,Virginia,highway,normal,day,Poor,449,29.958,720,960,test,test
videos/SpJiUTZO9Qg_00.mp4,t-bone,0,4.667,70,0.154569230463747,0.8689698952365348,0.00020722172401469328,0.7575221221286458,0.30893123920347926,0.9804176683444237,Virginia,signalized_intersection,normal,day,Fine,143,9.542,720,960,test,test
videos/8XV9oXxTZlI_00.mp4,sideswipe,1,2.7,40,0.8526696597470858,0.44322821291254516,0.8245017134719016,0.4168043509787984,0.8808376060222698,0.4696520748462919,Virginia,highway,normal,night,Poor,174,11.633,2160,3840,train,test
videos/HVAxCUrR_Qc_00.mp4,t-bone,0,0.875,13,0.3514876488920897,0.2575814287854512,0.30429267824094824,0.22046745757017933,0.39868261954323114,0.2946954000007231,Virginia,signalized_intersection,normal,night,Very_Poor,43,2.875,720,960,test,test
videos/HXttLdePt0k_00.mp4,single,0,4.542,61,0.16150523639278289,0.42570353112497306,0.13897388133590186,0.40910426516946546,0.18403659144966392,0.4423027970804806,Virginia,grade_separated_intersection,normal,night,Very_Poor,137,9.625,720,960,test,test
videos/ZDbR2jCDXjM_00.mp4,single,0,1.458333,22,0.6642200848744961,0.38117489149381667,0.6507864686036637,0.3683222674646947,0.6776537011453285,0.3940275155229386,Virginia,grade_separated_intersection,normal,night,Poor,416,27.708333,720,960,train,test
videos/BF5W6-8AkGM_00.mp4,single,0,4.416666,53,0.9074405035580013,0.6882229432768836,0.8685696542124547,0.6614508515771149,0.9463113529035481,0.7149950349766523,Virginia,highway,normal,night,Fine,343,29.958333,720,960,train,test
videos/LGanHyFZCBg_00.mp4,t-bone,0,3.875,56,0.7635373687849747,0.4448508127766618,0.7002978394844093,0.3910409740013957,0.8267768980855402,0.49866065155192785,Virginia,signalized_intersection,normal,day,Fine,125,9.75,720,960,test,test
videos/-2UPLUV7JLg_00.mp4,single,0,6.708,67,0.5376766765826649,0.22971460271714847,0.5254624029481685,0.21197066620277635,0.5498909502171614,0.24745853923152059,Virginia,highway,normal,day,Poor,298,29.917,720,960,train,test
videos/w5gsLw2EF-w_00.mp4,sideswipe,0,5.666666,84,0.3813047996594564,0.5596866510159269,0.3544326055199614,0.5392982858271849,0.4081769937989514,0.580075016204669,Virginia,highway,normal,day,Fine,448,29.916666,720,960,train,test
videos/zqhQY3WbRjY_00.mp4,sideswipe,0,3.875,58,0.6303853580035454,0.3791635534578577,0.6084473951285924,0.3619281289119364,0.6523233208784985,0.39639897800377893,Virginia,highway,normal,day,Very_Poor,449,29.958,720,960,test,test
videos/7DhAOb5V7_Y_00.mp4,t-bone,0,4.417,54,0.22195197793395777,0.14013338112763954,0.20337323142370628,0.12427572942934871,0.24053072444420928,0.15599103282593038,Virginia,city_street,rain,night,Very_Poor,250,25.5,720,960,test,test
videos/eQ1QDZ811c0_00.mp4,head-on,0,2.958,43,0.2710716831239571,0.6801906031351563,0.16560336529876674,0.6045974558935693,0.3765400009491474,0.7557837503767435,Virginia,signalized_intersection,normal,night,Fine,306,23.167,720,960,test,test
videos/W8B8zo8IFPg_00.mp4,t-bone,0,4.958333,74,0.37963876203241903,0.7442140518090047,0.0,0.48883199894651,0.7592775240648381,0.9995961046714994,Virginia,signalized_intersection,normal,day,Good,428,29.958333,720,960,test,test
videos/ufUZKmdTyaM_00.mp4,head-on,0,2.917,43,0.7682459128386642,0.4835853429166558,0.5364918256773283,0.32518297370675603,1.0,0.6419877121265556,Virginia,signalized_intersection,normal,day,Good,437,29.833,720,960,test,test
videos/CwynQU9-yhE_00.mp4,t-bone,1,5.458333,82,0.35693474084179555,0.51611200600302,0.26368907376702094,0.4298786479787328,0.4501804079165702,0.6023453640273071,Virginia,signalized_intersection,normal,day,Good,446,29.958333,720,960,test,test
videos/WroDrfySdmc_00.mp4,t-bone,0,3.833,57,0.6828613915621127,0.5081772819966588,0.5488849774642176,0.3975697297204365,0.8168378056600077,0.618784834272881,Virginia,signalized_intersection,normal,night,Fine,445,29.958,720,960,test,test
videos/yfkkIC-AN68_00.mp4,t-bone,0,5.083,75,0.8076715036107658,0.5074784700088769,0.6953103816826052,0.35261407008514384,0.9200326255389263,0.66234286993261,Virginia,signalized_intersection,normal,day,Fine,447,29.917,720,960,test,test
videos/nwb6yD8CMaM_00.mp4,head-on,0,7.067,46,0.37742146522284464,0.44610309988285435,0.25003657599737605,0.3899216050764254,0.5048063544483132,0.5022845946892832,Virginia,signalized_intersection,normal,night,Poor,169,29.8,240,320,test,test
videos/VLYIKXy1gzg_00.mp4,t-bone,0,2.458,37,0.6293378110019199,0.6737695672033455,0.4037572335539936,0.4786057629893565,0.8549183884498461,0.8689333714173345,Virginia,signalized_intersection,normal,day,Good,442,29.958,720,960,test,test
videos/O4eKyRwAKXQ_00.mp4,t-bone,0,6.458,96,0.24500099695734057,0.7245924433325264,0.1392641083140499,0.6417782482819904,0.35073788560063124,0.8074066383830625,Virginia,signalized_intersection,rain,day,Fine,447,29.917,720,960,test,test
videos/9gEAWXvgLTw_00.mp4,t-bone,0,3.125,46,0.2839071237394181,0.6337729188490029,0.1645812378411569,0.517335733467558,0.40323300963767933,0.7502101042304478,Virginia,signalized_intersection,rain,day,Fine,447,29.958,720,960,test,test
videos/Be6S5ecMGXA_00.mp4,t-bone,0,6.292,45,0.628475368495643,0.4931455299688491,0.5993907333965542,0.4684001193638273,0.6575600035947319,0.5178909405738709,Virginia,simple_intersection,normal,day,Poor,211,29.958,720,960,test,test
videos/aW7LYUp_0ig_00.mp4,t-bone,0,2.708,40,0.5525218967719923,0.45930168044257985,0.5163629031601356,0.432625755746511,0.588680890383849,0.4859776051386487,Virginia,simple_intersection,normal,night,Very_Poor,419,29.958,720,960,test,test
videos/J489DF-y2B8_00.mp4,sideswipe,0,2.792,41,0.26779801697033623,0.39880017957758457,0.23553592986768748,0.3679223608821935,0.30006010407298495,0.42967799827297565,Virginia,signalized_intersection,normal,day,Fine,448,29.917,720,960,test,test
videos/RWbYqk_RtSE_00.mp4,single,0,4.791,72,0.21266976558623774,0.4491623981339903,0.18505109338391448,0.4287154075572937,0.24028843778856096,0.46960938871068686,Virginia,highway,rain,day,Poor,191,12.75,720,960,test,test
videos/trvzPZZfNPs_00.mp4,sideswipe,1,6.667,40,0.5568928665053237,0.251868554105575,0.5303059144293255,0.23360358038719117,0.5834798185813219,0.2701335278239589,Virginia,highway,normal,day,Very_Poor,124,20.75,720,960,test,test
videos/_9tp71S2Gwg_00.mp4,single,0,5.583333,83,0.45107316812208686,0.31836486057057983,0.43574282414923887,0.3053384048763856,0.46640351209493486,0.3313913162647741,Virginia,highway,normal,day,Poor,439,29.916666,720,960,train,test
videos/tHW7Y0dIwkg_00.mp4,sideswipe,0,5.791666,86,0.6189593138197476,0.759590859917572,0.5261432334767455,0.6340526416997085,0.7117753941627497,0.8851290781354355,Virginia,highway,normal,day,Good,107,7.208333,720,960,train,test
videos/hJJlducz7aE_00.mp4,sideswipe,0,3.8339999999999996,58,0.3336417604511629,0.5852298576354685,0.31596757342516263,0.5721993434022604,0.3513159474771631,0.5982603718686766,Virginia,highway,normal,day,Very_Poor,358,23.834000000000003,720,960,test,test
videos/luYrUPWqC5w_00.mp4,t-bone,0,5.542,83,0.3100352420736114,0.350727912511139,0.23994063671863033,0.26547880569447374,0.3801298474285924,0.4359770193278042,Virginia,signalized_intersection,normal,night,Fine,449,29.917,720,960,test,test
videos/iguVq1mMWKg_00.mp4,t-bone,0,2.375,36,0.42535029579833006,0.9345483027161723,0.32658289414433106,0.8690966054323445,0.5241176974523291,1.0,Virginia,signalized_intersection,normal,day,Fine,95,7.375,720,960,test,test
videos/tm9gYOoBRmM_00.mp4,sideswipe,0,2.875,43,0.5541212440320054,0.378107087868684,0.5062396800288866,0.35111523002554484,0.6020028080351242,0.4050989457118232,Virginia,signalized_intersection,snow,day,Poor,449,29.958,720,960,test,test
videos/2BBwMYE-FC4_00.mp4,t-bone,0,10.375,155,0.34693344719515457,0.7087494053954296,0.17703804949758503,0.4638242075420159,0.5168288448927241,0.9536746032488433,Virginia,signalized_intersection,normal,night,Fine,431,29.917,720,960,test,test
videos/BiAj8Q5I710_00.mp4,rear-end,0,14.708,220,0.4678037879099741,0.2530061005232407,0.4329910662427286,0.23390041810047546,0.5026165095772197,0.2721117829460059,Virginia,highway,normal,night,Very_Poor,437,29.958,720,960,test,test
videos/5X2Ik8WsWVY_00.mp4,single,0,4.0,60,0.6844732756347935,0.2518597241737603,0.6725987584586253,0.24087237494806213,0.6963477928109619,0.26284707339945845,Virginia,highway,normal,night,Very_Poor,412,27.458,720,960,test,test
videos/YXRvo8IOyUM_00.mp4,t-bone,0,2.458,23,0.9231031131616368,0.5517134853673665,0.8462062263232737,0.4288750946069487,1.0,0.6745518761277843,Virginia,signalized_intersection,normal,night,Fine,216,15.292,720,960,test,test
videos/jD8ybdMZOU8_00.mp4,head-on,0,6.208,93,0.6334303078332943,0.4648656119388601,0.5205555339410846,0.37242987728078436,0.7463050817255041,0.5573013465969359,Virginia,signalized_intersection,normal,day,Poor,449,29.958,720,960,test,test
videos/HgLFvVtCXRw_00.mp4,t-bone,0,3.75,56,0.6602897737239276,0.44428295505873494,0.6154917555826589,0.4141462827841679,0.7050877918651963,0.474419627333302,Virginia,signalized_intersection,normal,day,Poor,450,30.0,720,960,test,test
videos/bZp0v_Xt8EU_00.mp4,t-bone,0,4.125,61,0.9357749098127246,0.6735780067306324,0.8739753370984052,0.6242776216557356,0.9975744825270441,0.7228783918055292,Virginia,signalized_intersection,rain,day,Poor,448,29.917,720,960,test,test
videos/vMzEXTNSTzw_00.mp4,t-bone,0,4.457999999999998,67,0.3955613112942987,0.33377961539009127,0.33150239779398716,0.2938585543647807,0.45962022479461034,0.37370067641540183,Virginia,signalized_intersection,normal,night,Fine,224,16.875,720,960,test,test
videos/-wlnF8vCVMo_00.mp4,t-bone,0,4.958,51,0.524119075509828,0.48876563260739747,0.3636864213754469,0.3346882380453651,0.6845517296442091,0.6428430271694298,Virginia,signalized_intersection,normal,day,Fine,398,29.958,720,960,test,test
videos/b2FAuGPoivk_00.mp4,t-bone,0,2.033333,60,0.3575050895008496,0.7758289403105508,0.12073521739796939,0.5924495330316042,0.5942749616037298,0.9592083475894975,Virginia,signalized_intersection,normal,day,Excellent,610,29.933333,720,960,test,test
videos/cCofNt_oBE8_00.mp4,t-bone,0,3.625,54,0.3378730960745122,0.6637096720474136,0.22727406521605265,0.5531000608797563,0.44847212693297184,0.7743192832150708,Virginia,signalized_intersection,normal,day,Good,439,29.958333,720,960,test,test
videos/sV5FN5PePOQ_00.mp4,t-bone,0,3.958333,31,0.3073007532297475,0.7598649536704893,0.10207736396674881,0.6198914591776151,0.5125241424927461,0.8998384481633636,Virginia,signalized_intersection,normal,night,Good,343,29.958333,720,960,test,test
videos/yS2IYwSqqVk_00.mp4,t-bone,0,3.625,54,0.5984676480617857,0.4753701177337739,0.5685525015350196,0.44729633587421797,0.6283827945885516,0.5034438995933299,Virginia,simple_intersection,normal,day,Poor,449,29.958,720,960,test,test
videos/mhLc2Vl1ekk_00.mp4,t-bone,0,5.458333,35,0.5819419336044367,0.20426177441279084,0.5493417153877361,0.17864271267569537,0.6145421518211373,0.2298808361498863,Virginia,simple_intersection,normal,day,Poor,139,29.916666,720,960,test,test
videos/0eoMti_njew_00.mp4,rear-end,0,5.75,57,0.35040870625004583,0.7480115066552958,0.32279796424906454,0.7198666617758118,0.3780194482510271,0.7761563515347798,Virginia,highway,normal,day,Poor,299,29.958,720,960,test,test
videos/sfGi08xARHo_00.mp4,t-bone,1,4.042,28,0.8337802578736482,0.4115709741278065,0.7999984462763009,0.3815867332825452,0.8675620694709955,0.4415552149730679,Virginia,signalized_intersection,normal,day,Poor,202,29.875,720,960,test,test
videos/e5KS6Gffb3A_00.mp4,t-bone,0,4.75,36,0.5918787560993128,0.5106334907975468,0.5208984075735013,0.46590229006829187,0.6628591046251244,0.5553646915268018,Virginia,simple_intersection,normal,day,Poor,225,29.958333,720,960,test,test
videos/wGZiHg7a5wU_00.mp4,rear-end,0,9.875,148,0.3792596194489505,0.5641839710672882,0.31852666749715897,0.49710772281235693,0.43999257140074205,0.6312602193222195,Virginia,highway,normal,night,Very_Poor,432,29.042,720,960,test,test
videos/GPMefBsSI44_00.mp4,t-bone,0,14.447767,258,0.23305726958736156,0.377226029305288,0.16165044182666008,0.3337564866149116,0.304464097348063,0.4206955719956644,World,simple_intersection,snow,day,Fine,266,14.848167,720,1280,test,train
videos/NjK1CBPb0tY_00.mp4,t-bone,0,3.266667,49,0.4732619125054818,0.4608551536565155,0.3786602337292177,0.37769652189806685,0.5678635912817459,0.5440137854149641,Virginia,signalized_intersection,normal,night,Fine,447,30.0,1080,1440,test,test
videos/tqSAFTzuCy4_00.mp4,head-on,1,2.5600000000000005,64,0.8771528891536984,0.1905760984570975,0.8574991831886899,0.16638880195997166,0.896806595118707,0.2147633949542233,World,highway,normal,day,Poor,336,15.84,480,848,test,train
videos/fcc1sGDTQLM_00.mp4,single,0,2.067,53,0.671240615544482,0.2615413991381552,0.6424445222876292,0.22083738099486588,0.7000367088013348,0.3022454172814445,World,city_street,normal,night,Fine,476,18.833,720,1280,test,train
videos/OjosPgV4Lss_00.mp4,single,0,8.183,161,0.583550906984916,0.3690610200191823,0.5423257066608916,0.30790835667294403,0.6247761073089403,0.43021368336542054,World,signalized_intersection,normal,night,Fine,374,19.383,720,1280,test,train
videos/owO2-pjxOqs_00.mp4,t-bone,0,2.7,54,0.38421861317877015,0.4259919081424026,0.28678532344279356,0.330450599231667,0.4816519029147467,0.5215332170531383,World,signalized_intersection,normal,night,Fine,182,14.8,360,1280,test,train
videos/jI0_0zPf6BQ_00.mp4,head-on,0,5.3,126,0.4658545669971782,0.14272183753990803,0.4319755072603546,0.06548185032615743,0.49973362673400173,0.21996182475365864,World,highway,normal,day,Fine,273,12.0,326,640,test,train
videos/MsQns-Oy-hk_00.mp4,t-bone,0,4.6000000000000005,117,0.16100979079406288,0.3694512080919381,0.08281833155004328,0.28646391777827623,0.23920125003808249,0.45243849840559996,World,simple_intersection,normal,day,Excellent,125,4.966666,1080,1920,test,train
videos/MsQns-Oy-hk_01.mp4,t-bone,0,2.633333,65,0.15572275722528528,0.3297234351581235,0.035765532750633926,0.2011817179359589,0.2756799816999366,0.45826515238028814,World,simple_intersection,normal,day,Good,150,5.800000000000001,1080,1920,test,train
videos/MsQns-Oy-hk_02.mp4,t-bone,1,0.233333,7,0.2173628884851153,0.3211918336972954,0.1523657194046551,0.2582537842876825,0.28236005756557553,0.38412988310690843,World,simple_intersection,normal,day,Excellent,37,1.433333,1080,1920,test,train
videos/zAqi6Odnoiw_00.mp4,t-bone,0,4.938,103,0.5861060771145387,0.4726497220383411,0.43398708239975575,0.35747179517286415,0.7382250718293215,0.587827648903818,World,simple_intersection,rain,day,Fine,180,8.675,1080,1920,test,train
videos/jTOB7nAs2HE_00.mp4,single,0,11.77,177,0.7447125132911212,0.4783896414323815,0.7305017895993106,0.4586954462581332,0.7589232369829317,0.49808383660662986,Virginia,highway,rain,day,Very_Poor,440,29.523,384,854,test,test
videos/9PpJJxn6DmA_00.mp4,t-bone,1,1.8333329999999999,46,0.7777734308914865,0.190710073972109,0.6118923447057506,0.07611686680510064,0.9436545170772225,0.30530328113911737,World,signalized_intersection,rain,day,Good,99,3.983333,1080,1920,test,train
videos/uSTubEz9Mpw_00.mp4,sideswipe,1,10.565,159,0.33799476980786014,0.36747249673287763,0.28973042613256067,0.31998237301605553,0.38625911348315956,0.41496262044969967,Virginia,grade_separated_intersection,normal,night,Very_Poor,373,24.884,384,854,test,test
videos/Hu5cukZ0Zgw_00.mp4,t-bone,0,5.4,151,0.804644119636037,0.8255007203134543,0.6427557849495169,0.6727933507393314,0.9665324543225571,0.9782080898875773,World,signalized_intersection,normal,night,Good,222,7.933,1080,1920,test,train
videos/FbMyX_ZWAm8_00.mp4,head-on,1,3.84,78,0.6299125651741102,0.17494605692118,0.5732255034899487,0.11127584372785171,0.6865996268582718,0.2386162701145083,World,city_street,normal,day,Good,163,8.56,1080,1920,test,train
videos/yx-CTXIhAGA_00.mp4,t-bone,1,1.7659999999999991,18,0.1779144206516261,0.1080019139678623,0.09809928254681938,0.0376062259318284,0.25772955875643283,0.17839760200389618,World,highway,normal,day,Poor,114,11.3,1080,1920,test,train
videos/bKrsJSxuQZg_00.mp4,sideswipe,0,2.966667,63,0.373326343392128,0.2590299332028314,0.2546535887431711,0.17435171071972239,0.49199909804108494,0.34370815568594043,World,city_street,normal,night,Good,226,11.1,1080,1920,test,train
videos/bI_W3ZOeuUM_00.mp4,single,0,8.121212,122,0.5122084517285688,0.6344514845483742,0.48937855216480786,0.6096953857059838,0.5350383512923297,0.6592075833907647,Virginia,highway,rain,day,Poor,379,25.212121,1080,2400,test,test
videos/c2-5uzj1W5k_00.mp4,single,0,2.256,34,0.5891935917811174,0.4489970994015928,0.5667027895802524,0.4267352603880664,0.6116843939819824,0.47125893841511923,Virginia,highway,rain,day,Poor,291,19.971,1080,2400,test,test
videos/glkdKMzVzkM_00.mp4,single,0,16.051,220,0.0806859479938355,0.3615973267257715,0.027649689975948237,0.30636143938820537,0.13372220601172274,0.41683321406333756,World,city_street,normal,day,Good,412,30.257,1080,1920,test,train
videos/pMA26OVWUOY_00.mp4,single,0,3.437,52,0.4239833535339426,0.7563764332345082,0.4086695854718806,0.7244979728565891,0.43929712159600465,0.7882548936124272,Virginia,highway,normal,day,Poor,226,15.030000000000001,1080,2400,train,test
videos/xaZ2WJAHrgY_00.mp4,sideswipe,0,0.627178,9,0.7296474312953288,0.29329335214634966,0.7061892629642093,0.27349531651733133,0.7531055996264484,0.313091387775368,USA,city_street,normal,day,Good,271,14.048781,720,1280,test,test
videos/1KGjac-XgPM_00.mp4,rear-end,0,5.985000000000001,90,0.36148338399469315,0.32456338759441644,0.3395650512632,0.3011185573463586,0.3834017167261863,0.34800821784247427,Virginia,grade_separated_intersection,normal,day,Very_Poor,215,14.296999999999999,1080,2400,test,test
videos/T5TGAD7ygY8_00.mp4,rear-end,0,3.733333,94,0.54015394796903,0.43490765956484356,0.4665506654765743,0.3341350749002074,0.6137572304614859,0.5356802442294798,World,highway,normal,day,Good,128,4.966667,1080,1920,test,train
videos/TY8UXgpfBzU_00.mp4,rear-end,0,1.778,15,0.140978866181602,0.6318254048941805,0.04412863975278548,0.5807255989583964,0.2378290926104185,0.6829252108299645,World,signalized_intersection,normal,day,Poor,235,30.0,480,768,test,train
videos/Sq5i3O5yoAY_00.mp4,t-bone,0,4.833,24,0.5865498173571639,0.4170030044786059,0.5452059701464603,0.3887083930516197,0.6278936645678677,0.4452976159055921,World,signalized_intersection,normal,day,Very_Poor,117,29.833,360,638,test,train
videos/k9CLUG7vBOY_00.mp4,t-bone,0,4.917,37,0.5844345768840009,0.4915772286493448,0.5508321273342796,0.46687905248438544,0.6180370264337222,0.5162754048143041,Virginia,simple_intersection,normal,day,Very_Poor,170,29.875,720,960,test,test
videos/_GY8RpsMk9o_00.mp4,t-bone,0,3.292,25,0.6008462535203462,0.5014832963520571,0.5784310389732998,0.47706012617911203,0.6232614680673925,0.5259064665250022,Virginia,simple_intersection,normal,day,Poor,224,29.958,720,960,test,test
videos/7b4ffyFOo_I_00.mp4,rear-end,1,4.615000000000001,56,0.7274588741015671,0.35606969144906453,0.7022964272730915,0.338149238536865,0.7526213209300426,0.3739901443612641,World,highway,normal,day,Very_Poor,81,6.694,360,634,test,train
videos/0jk4tWwDKqc_00.mp4,t-bone,1,9.265999999999998,156,0.47689567844906167,0.49853340139852775,0.376626037878666,0.35324535267406115,0.5771653190194573,0.6438214501229943,Minnesota,signalized_intersection,normal,day,Good,521,24.9,1080,2400,test,test
videos/6nlROBgKAnA_00.mp4,t-bone,0,5.333,158,0.4384906315694143,0.23729068376667556,0.4029855051514303,0.1753796596014031,0.47399575798739835,0.299201707931948,Minnesota,signalized_intersection,normal,night,Fine,743,25.4,1080,2400,test,test
videos/Am-8EdFyiOU_00.mp4,t-bone,0,3.747,57,0.4512761354935946,0.24354612251356875,0.4171531868225229,0.21979703661772376,0.4853990841646662,0.26729520840941373,Wisconsin,grade_separated_intersection,normal,day,Fine,228,15.176,384,854,test,test
videos/CyqcCI-woio_00.mp4,t-bone,0,5.934,178,0.7108510848238061,0.5152954059353244,0.6023512968743296,0.3299724227945936,0.8193508727732827,0.7006183890760552,Minnesota,signalized_intersection,normal,day,Good,437,14.567,1080,2400,test,test
videos/KQETX3JfWlE_00.mp4,single,0,3.667,19,0.7210776309596572,0.42585420671313234,0.715903875046932,0.4181894319611078,0.7262513868723822,0.4335189814651568,Iowa,highway,normal,day,Very_Poor,127,25.334000000000003,1080,2400,test,test
videos/TwHVVK-smoQ_00.mp4,single,0,1.972,29,0.6786130584433905,0.6203676687853259,0.6592558517605422,0.5891994553005078,0.6979702651262388,0.6515358822701441,Wisconsin,highway,normal,day,Poor,438,29.378,1080,2400,test,test
videos/twdqtlixsj0_00.mp4,t-bone,0,4.734,142,0.45488607870134085,0.1870712591592028,0.4181649931563235,0.1407412960832685,0.4916071642463582,0.23340122223513715,Minnesota,signalized_intersection,normal,day,Good,462,16.4,1080,2400,test,test
videos/yqaUDA6i5GY_00.mp4,t-bone,0,11.663,176,0.36338265955542687,0.583784068179994,0.3141752111718112,0.534477312619362,0.41259010793904255,0.6330908237406259,Iowa,simple_intersection,normal,day,Poor,442,29.444999999999997,1080,2400,test,test
videos/QB42gU5X634_00.mp4,sideswipe,0,4.316667,125,0.5869549702500235,0.7592293591842749,0.4425863845605578,0.5194326798784021,0.7313235559394893,0.9990260384901477,World,grade_separated_intersection,normal,day,Excellent,162,5.516667,1080,1920,test,train
videos/tnO5_kjf1II_00.mp4,single,1,2.833333,32,0.678533348150439,0.11707208553130899,0.6438143611553044,0.07455959597335819,0.7132523351455735,0.1595845750892598,World,highway,normal,day,Poor,79,6.916665999999999,720,1280,test,train
videos/oV7t0yEbT8c_00.mp4,single,0,4.6333340000000005,137,0.799064310535754,0.6185978968318644,0.6535567304321496,0.37727876869557186,0.9445718906393583,0.8599170249681568,World,city_street,snow,day,Good,161,5.433334,1080,1920,test,train
videos/Hjax6nMPd6Q_00.mp4,head-on,0,20.52,501,0.42056887192200965,0.6069470124565846,0.30372668003710684,0.21473404380095013,0.5374110638069125,0.999159981112219,World,city_street,normal,day,Excellent,737,29.96,1080,1920,test,train
videos/n77TaXyADls_00.mp4,t-bone,0,4.471133,68,0.5361515507171104,0.30262317911044945,0.44747612448029156,0.20707978129232996,0.6248269769539292,0.39816657692856894,World,signalized_intersection,snow,day,Fine,154,10.2102,720,1280,test,train
videos/oAYCNrUXNow_00.mp4,t-bone,0,6.8068,94,0.5602371849993084,0.5019097904535321,0.45397765579475857,0.3561562785272776,0.6664967142038581,0.6476633023797865,World,signalized_intersection,rain,day,Fine,308,19.953267,720,1280,test,train
videos/4tXvj7hHsNA_00.mp4,sideswipe,0,4.270933000000001,64,0.7160696930781626,0.4629442956524519,0.6097774031309039,0.3651671606836847,0.8223619830254213,0.560721430621219,World,simple_intersection,normal,day,Good,149,9.976633000000001,720,1280,test,train
videos/4tXvj7hHsNA_01.mp4,single,1,2.936267,73,0.5124503372989203,0.5983802755975316,0.46466796910760594,0.5506681061150149,0.5602327054902346,0.6460924450800484,World,signalized_intersection,snow,night,Poor,144,5.872534,720,1280,test,train
videos/ygTLvXB2H_o_00.mp4,t-bone,0,3.536867,45,0.4878081957485245,0.33552084929659,0.40382255574338377,0.26436096819039046,0.5717938357536653,0.4066807304027895,World,signalized_intersection,snow,day,Fine,157,11.2112,720,1280,test,train
videos/ygTLvXB2H_o_01.mp4,t-bone,0,2.7027,37,0.23911492772924442,0.3938695677942321,0.14432711872574328,0.2897251674522362,0.33390273673274556,0.498013968136228,World,signalized_intersection,snow,day,Fine,70,4.9049,720,1280,test,train
videos/ygTLvXB2H_o_02.mp4,t-bone,0,5.772433,171,0.7856216065347399,0.8567108623018739,0.5784307130694795,0.7138257472712094,0.9928125000000003,0.9995959773325384,World,signalized_intersection,normal,day,Good,629,21.054367,720,1280,test,train
videos/YiQToVQInNw_00.mp4,head-on,0,2.569233,61,0.4095194998016425,0.6280013756752307,0.34596460508568944,0.5313787046264418,0.4730743945175955,0.7246240467240197,World,simple_intersection,normal,night,Poor,142,5.9059,720,1280,test,train
videos/dEqwcxeYJw4_00.mp4,t-bone,0,13.6136,391,0.549749492897039,0.2623928033575469,0.4897470635629418,0.1750390283764554,0.6097519222311362,0.3497465783386383,World,signalized_intersection,normal,day,Fine,1145,39.973267,1080,1920,test,train
videos/VVgQuJDBIfU_00.mp4,single,0,6.539867,144,0.33939341634239045,0.6901218703749918,0.2603020877716768,0.6032870813246577,0.4184847449131041,0.7769566594253261,World,simple_intersection,normal,day,Good,336,14.4144,720,1280,test,train
videos/VVgQuJDBIfU_01.mp4,sideswipe,0,5.4721329999999995,137,0.37825687005407904,0.4478401243218139,0.2976567367310608,0.40548764807375076,0.45885700337709734,0.49019260056987707,World,signalized_intersection,snow,night,Fine,310,12.445765999999999,720,1280,test,train
videos/ltBaGt6A30I_00.mp4,t-bone,0,9.175833,214,0.4957855501157492,0.31102314774795087,0.3305741213934264,0.17163344330182453,0.660996978838072,0.4504128521940772,World,simple_intersection,normal,day,Good,336,14.180833,720,1280,test,train
videos/c_fIpDR79Wo_00.mp4,t-bone,0,6.172833,184,0.29893139085700704,0.4372506233853806,0.20502993224150806,0.3231919731362083,0.392832849472506,0.551309273634553,World,signalized_intersection,snow,day,Good,209,7.007,720,1280,test,train
videos/FY2wvzTv5vo_00.mp4,t-bone,1,1.768433,26,0.5118552762481954,0.3365147369842534,0.40482010812086033,0.23442360404255852,0.6188904443755305,0.4386058699259483,World,simple_intersection,normal,day,Fine,144,9.009,720,1280,test,train
videos/FY2wvzTv5vo_01.mp4,t-bone,1,4.337667,97,0.8060451608297347,0.3224288663483532,0.6120903216594693,0.14855095587209116,1.0,0.4963067768246152,World,signalized_intersection,normal,day,Good,581,26.026,720,1280,test,train
videos/J2BlH3gdl0k_00.mp4,rear-end,0,8.333333,124,0.2866853100909809,0.5334445787297918,0.22896607595166832,0.4581759514316555,0.3444045442302935,0.6087132060279281,Virginia,highway,normal,day,Fine,447,29.916666,720,960,train,test
videos/qZlVsk7-fsk_00.mp4,rear-end,0,9.4,141,0.788708272324458,0.4552734784518483,0.7429278956852979,0.42952382030356223,0.834488648963618,0.48102313660013435,Virginia,highway,normal,day,Very_Poor,450,30.0,1080,1920,test,test
videos/0DB7w7rLGrk_00.mp4,rear-end,0,1.625,24,0.33707217659854033,0.7520151504344743,0.2933556526667947,0.6797391669763767,0.38078870053028596,0.8242911338925718,Virginia,highway,normal,day,Fine,449,29.958,720,960,train,test
videos/Lqgoisezv8E_00.mp4,rear-end,0,3.541666,53,0.6960143524976199,0.5022586898448089,0.6509625772075627,0.47218625687684873,0.7410661277876771,0.5323311228127691,Virginia,signalized_intersection,normal,day,Fine,449,29.916666,720,960,test,test
videos/2vEysG50vYY_00.mp4,single,0,5.292,53,0.699059702256646,0.3339108367359312,0.6855820283144675,0.3215986110753849,0.7125373761988246,0.3462230623964775,Virginia,highway,normal,night,Poor,299,29.875,720,960,train,test
videos/Tbl7dpfeXl8_00.mp4,rear-end,0,16.799999999999997,252,0.3895556176874029,0.5284535059373954,0.32516512538203984,0.4611738463400419,0.4539461099927659,0.595733165534749,Virginia,highway,rain,day,Fine,382,29.866666,240,320,train,test
videos/SYBMrPb8-3Y_00.mp4,rear-end,0,8.25,82,0.22204795301686378,0.32365914893480335,0.15129168459485526,0.2561236578340118,0.2928042214388723,0.3911946400355949,Virginia,signalized_intersection,normal,day,Poor,298,29.958,720,960,test,test
videos/DJ-zFm_TSTM_00.mp4,t-bone,0,9.125,137,0.2642766776130786,0.3809226613163652,0.234302907495686,0.3545455159644268,0.2942504477304712,0.4072998066683037,Virginia,highway,normal,day,Poor,449,29.958333,720,960,test,test
videos/Wuq6RfJ-yPY_00.mp4,rear-end,0,8.033,120,0.6867309100915293,0.3947581642789073,0.6638311433654513,0.3605803375128884,0.7096306768176074,0.42893599104492613,Virginia,highway,normal,night,Very_Poor,386,25.767,1080,1920,test,test
videos/jnarvwUc5NU_00.mp4,rear-end,0,9.166666,137,0.49932936404343875,0.29785718400509376,0.4740627633912905,0.27729870525296163,0.524595964695587,0.3184156627572259,Virginia,highway,normal,night,Poor,443,29.958333,720,960,train,test
videos/jfGiD4S9OiA_00.mp4,rear-end,0,2.75,27,0.45075030744072375,0.670550781532636,0.4094141484881081,0.5936390129043461,0.4920864663933394,0.747462550160926,Virginia,highway,normal,night,Poor,297,29.958,720,960,train,test
videos/JGD3vYYu5S4_00.mp4,rear-end,0,5.2,78,0.5205796517568915,0.6656469665178242,0.47270943609136395,0.6069057019188059,0.5684498674224191,0.7243882311168426,Virginia,highway,rain,day,Very_Poor,249,16.6,1080,1920,test,test
videos/mJArIYTPLbE_00.mp4,rear-end,0,3.958,59,0.34482858255582394,0.4866633535689533,0.2684935570941137,0.4373663407964294,0.42116360801753416,0.5359603663414773,Virginia,signalized_intersection,normal,day,Poor,182,12.208,720,960,test,test
videos/Tzh_MXLofUI_00.mp4,single,0,4.0,59,0.7685817883671806,0.3422336450254929,0.7565931178803832,0.32659043190512704,0.7805704588539779,0.35787685814585884,Virginia,highway,normal,day,Poor,447,29.916666,720,960,train,test
videos/AeQaR7cklVU_00.mp4,sideswipe,0,2.75,41,0.6137091239219545,0.5658456516771808,0.5687543289789055,0.5271478108281354,0.6586639188650035,0.6045434925262262,Virginia,highway,normal,day,Poor,448,29.958,720,960,test,test
videos/CJYMnDmGxio_00.mp4,rear-end,0,3.375,50,0.7188336401760044,0.5094220667719667,0.701083580892037,0.47928306434624,0.7365836994599717,0.5395610691976934,Virginia,highway,normal,day,Poor,448,29.916666,720,960,test,test
videos/63jg9PMxHZM_00.mp4,rear-end,0,4.375,65,0.6353559373116137,0.9069994810872513,0.577092979627072,0.8141938399055789,0.6936188949961554,0.9998051222689237,Virginia,highway,normal,day,Fine,438,29.25,720,960,train,test
videos/23huSUeAOso_00.mp4,rear-end,0,6.5,95,0.21122185361466753,0.1788305039776021,0.1631528768507451,0.13870565682357125,0.25929083037858996,0.21895535113163297,Virginia,signalized_intersection,normal,night,Poor,267,29.958,720,960,test,test
videos/MCeomZE3fqw_00.mp4,rear-end,0,3.666666,55,0.6511307909917523,0.49587102387555015,0.6097330333653809,0.4406963162342596,0.6925285486181237,0.5510457315168407,Virginia,highway,normal,day,Fine,449,29.958333,720,960,train,test
videos/47M8fAuFNOs_00.mp4,rear-end,0,9.674,145,0.466195459813258,0.4004301856245519,0.45454540283263517,0.38693730770617796,0.4778455167938808,0.41392306354292585,Virginia,grade_separated_intersection,rain,day,Very_Poor,296,19.806,1080,2400,test,test
videos/XOA5P6Ph6kY_00.mp4,rear-end,0,3.367,50,0.5613475599281088,0.6988226683793696,0.5337973000576354,0.6655027217911543,0.5888978197985824,0.7321426149675848,Virginia,highway,normal,night,Poor,436,29.967,1080,1440,train,test
videos/KcWnZOH5CK8_00.mp4,rear-end,0,3.75,55,0.5619532967158869,0.6453214929045484,0.533209072051333,0.5967127863212749,0.5906975213804407,0.693930199487822,Virginia,highway,normal,night,Poor,79,5.333,720,960,train,test
videos/Nn10f6awuTk_00.mp4,rear-end,0,10.700000000000001,160,0.7119795193315155,0.4991816629030199,0.6861294277517618,0.46816195672187727,0.7378296109112693,0.5302013690841625,Virginia,highway,normal,day,Poor,393,26.192,1080,2400,test,test
videos/e__4RhcKov4_00.mp4,rear-end,0,9.458,142,0.7231421005301095,0.3094771639168509,0.6427906964740816,0.2627827747678061,0.8034935045861376,0.35617155306589565,Virginia,signalized_intersection,normal,day,Poor,416,29.958,720,1056,test,test
videos/jaCr2wkcYJ8_00.mp4,single,0,3.333,34,0.8608304676439318,0.2903098930608108,0.8455638892348121,0.26738129614175166,0.8760970460530516,0.31323848997986986,Virginia,highway,normal,night,Very_Poor,300,29.958,720,960,test,test
videos/bw6JUt3iQls_00.mp4,rear-end,0,4.0,59,0.2884589298974333,0.37806384564627715,0.23886235828851896,0.3494529783044493,0.33805550150634767,0.406674712988105,Virginia,highway,normal,day,Poor,448,29.917,720,960,test,test
videos/sppaLXwUokY_00.mp4,single,0,10.37,156,0.42776422531884567,0.5519771686830974,0.4046815697104714,0.5231931068398179,0.4508468809272199,0.5807612305263768,Virginia,highway,normal,day,Poor,373,24.853,1080,2400,train,test
videos/YmswRbkR2YA_00.mp4,rear-end,0,1.7919999999999998,27,0.5309927627804735,0.5988270817279482,0.5022581670858831,0.5513832629675849,0.5597273584750638,0.6462709004883116,Virginia,highway,normal,day,Poor,368,24.667,720,1280,test,test
videos/RBxSM1800xg_00.mp4,rear-end,0,3.6660000000000004,38,0.841516164439029,0.5209073151045767,0.8260250985056227,0.5022701054947194,0.8570072303724354,0.5395445247144338,Virginia,highway,normal,night,Very_Poor,294,29.040999999999997,720,960,test,test
videos/jbfxAh30dDc_00.mp4,single,0,4.375,65,0.23724272246598727,0.6241577499843376,0.2033829349950382,0.5768553824967486,0.27110250993693635,0.6714601174719266,Virginia,highway,normal,day,Fine,110,7.375,720,960,train,test
videos/YhXaFioaBfI_00.mp4,t-bone,0,28.25,423,0.22845303196046102,0.3726246729934659,0.20258497006363366,0.3525280304529049,0.25432109385728835,0.3927213155340269,Virginia,highway,normal,day,Very_Poor,448,29.917,720,960,test,test
videos/aliCOjgqdfU_00.mp4,single,0,10.541667,106,0.627588286374135,0.5432239420230535,0.6144441757082846,0.5321826261012137,0.6407323970399854,0.5542652579448932,Virginia,highway,normal,night,Very_Poor,146,14.916667,720,960,test,test
videos/BVXW2dz2OYA_00.mp4,single,0,3.375,34,0.3347272247236447,0.6060397390977422,0.3136478523743032,0.5756738626190832,0.3558065970729861,0.6364056155764013,Virginia,highway,normal,night,Poor,68,6.792,720,960,train,test
videos/sRM9RLRUYjI_00.mp4,rear-end,0,1.6660000000000004,25,0.3758113837157764,0.6936654360060666,0.3435875166206499,0.6668268933355525,0.4080352508109029,0.7205039786765807,Virginia,highway,normal,day,Poor,343,22.866,1080,1440,test,test
videos/TvOF9UpguyM_00.mp4,single,1,4.208,62,0.6132066098307829,0.6027692105581266,0.590864057176643,0.5747521284553739,0.6355491624849227,0.6307862926608794,Virginia,highway,normal,night,Poor,448,29.917,720,960,train,test
videos/zKzNUiaoHZI_00.mp4,single,0,6.625,99,0.839605718209103,0.4209123231419939,0.816854048972209,0.3996870155206697,0.862357387445997,0.44213763076331813,Virginia,highway,normal,night,Poor,143,9.583,720,960,train,test
videos/HFgLNfSjd6g_00.mp4,single,0,2.583,38,0.46857043851155966,0.8684931369950257,0.4265910839860428,0.8108115036683726,0.5105497930370765,0.9261747703216787,Virginia,grade_separated_intersection,normal,night,Poor,87,5.833,720,960,train,test
videos/YyJF_uXryNs_00.mp4,single,0,6.042,90,0.2437704740482799,0.26918164088011526,0.23011127698442174,0.25516523515460804,0.25742967111213805,0.2831980466056225,Virginia,highway,normal,day,Very_Poor,306,20.458,720,960,test,test
videos/YyJF_uXryNs_01.mp4,single,0,7.540999999999999,113,0.1482285181267394,0.5190079192872401,0.1259588934895065,0.48968386313429585,0.1704981427639723,0.5483319754401843,Virginia,highway,normal,day,Very_Poor,123,8.208,720,960,test,test
videos/EpkEvZLzKko_00.mp4,single,0,3.292,49,0.4200995964643198,0.19017053563289765,0.39499387933558033,0.16928887765313144,0.4452053135930593,0.21105219361266386,Virginia,signalized_intersection,normal,day,Poor,449,29.958,720,960,test,test
videos/vXrwMyoMA4c_00.mp4,sideswipe,0,3.467,52,0.06084204671165626,0.25479078286894036,0.03293858298162604,0.23297465832575978,0.08874551044168648,0.2766069074121209,Virginia,tunnel,normal,day,Poor,259,25.067,1080,1920,test,test
videos/9VsL3A3PJ1Q_00.mp4,single,0,3.167,47,0.5931061997542366,0.25535638183712894,0.5137541337379579,0.19881563473714933,0.6724582657705153,0.3118971289371086,Virginia,tunnel,normal,day,Poor,101,9.0,1080,1920,test,test
videos/W1hVOBEgpJA_00.mp4,sideswipe,0,6.6209999999999996,100,0.5522248858325512,0.5110788046975807,0.5397312784326641,0.4940751333788105,0.5647184932324384,0.5280824760163509,Virginia,highway,normal,day,Very_Poor,375,24.975,1080,2400,test,test
videos/mz-y5-ksDA8_00.mp4,single,0,3.866,58,0.6907984299506381,0.5361104340865939,0.6800422728559479,0.5263204613978398,0.7015545870453284,0.5459004067753478,Virginia,highway,normal,day,Very_Poor,398,26.5,1080,1920,test,test
videos/BGxp7NOV0AQ_00.mp4,t-bone,0,4.208,63,0.5571041027920015,0.6757721625297016,0.4364577307639896,0.6159241090858814,0.6777504748200134,0.7356202159735219,Virginia,signalized_intersection,normal,night,Poor,415,29.958,720,960,test,test
videos/4j9OcguWbcA_00.mp4,single,0,5.067,75,0.4528630238983813,0.7225330224146013,0.416512318891716,0.69332088075173,0.4892137289050466,0.7517451640774725,Virginia,highway,normal,night,Very_Poor,447,30.033,1080,1440,test,test
videos/mgl0K0RP_y8_00.mp4,single,0,4.133,62,0.6006952346823414,0.8109761455542417,0.5740177238633856,0.7855334315728203,0.6273727455012973,0.8364188595356631,Virginia,highway,normal,night,Very_Poor,450,30.033,1080,1440,test,test
videos/SvX1Ifafid0_00.mp4,sideswipe,0,2.375,35,0.14913206300646684,0.593714574899221,0.10423440038668257,0.5575482036215034,0.1940297256262511,0.6298809461769385,Virginia,highway,normal,day,Fine,336,22.458333,720,960,train,test
videos/IrzdCEl72lc_00.mp4,sideswipe,0,2.125,31,0.5345043207173187,0.3858031755376294,0.46429455358141797,0.2570112994499528,0.6047140878532193,0.5145950516253059,Virginia,highway,rain,day,Very_Poor,109,7.333,720,960,test,test
videos/DU2mJPGb3ys_00.mp4,sideswipe,0,5.699999999999999,85,0.49169740751937574,0.2612619681675117,0.4753494827835648,0.24859724633487656,0.5080453322551867,0.27392669000014674,Virginia,grade_separated_intersection,normal,day,Very_Poor,319,21.5,1080,1440,test,test
videos/Gi1LR7ikvBo_00.mp4,sideswipe,0,3.083,46,0.157241929693339,0.49829446847944736,0.1129497357894555,0.4610343851593303,0.20153412359722248,0.5355545517995643,Virginia,highway,normal,day,Very_Poor,550,29.958,720,960,test,test
videos/Zq0TjWFlXQI_00.mp4,sideswipe,0,3.25,48,0.7324977197826403,0.42713923907353324,0.7101092063696658,0.4038785423743716,0.7548862331956148,0.45039993577269494,Virginia,highway,normal,day,Fine,449,29.958333,720,960,train,test
videos/mTYWjKznhOY_00.mp4,single,0,4.542,68,0.09601318700193626,0.6413239152940504,0.06106580639134715,0.6090572219185544,0.13096056761252536,0.6735906086695465,Virginia,highway,normal,day,Poor,449,29.958,720,960,train,test
videos/ifCSaYvb0JA_00.mp4,t-bone,0,6.959,104,0.5408851493809947,0.5138644847028276,0.5167625594284434,0.4880451554818272,0.5650077393335462,0.5396838139238281,Virginia,highway,normal,day,Very_Poor,356,23.75,720,960,test,test
videos/pS8q0o3ygtI_00.mp4,t-bone,0,1.6669999999999998,25,0.6902925617474598,0.33257447209623137,0.6715704833467802,0.31646850992132114,0.7090146401481395,0.34868043427114165,Virginia,highway,normal,night,Very_Poor,118,7.875,720,960,test,test
videos/sja7nF8p6tw_00.mp4,rear-end,0,13.25,132,0.41692535500773653,0.39328884979172096,0.3966430161980125,0.37674437969763874,0.43720769381746055,0.4098333198858031,Virginia,highway,normal,day,Poor,299,29.958333,720,960,test,test
videos/82garGyvexA_00.mp4,head-on,0,5.767,85,0.22857712102809458,0.3053664925860047,0.21049268371830157,0.2868233952294175,0.24666155833788755,0.32390958994259184,Virginia,city_street,normal,day,Very_Poor,101,7.533,1080,1320,test,test
videos/WbLH4FMzHeo_00.mp4,single,0,7.708,115,0.6023999630383627,0.4479602106638696,0.578258387104539,0.4305039140106213,0.6265415389721866,0.4654165073171178,Virginia,highway,normal,night,Very_Poor,237,15.833,720,960,test,test
videos/PD-N1gMJNXg_00.mp4,sideswipe,0,6.625,99,0.8368818319286453,0.22422995876502314,0.8275039689974177,0.21472825463483453,0.846259694859873,0.23373166289521174,Virginia,highway,normal,day,Very_Poor,415,27.666667,720,960,test,test
videos/6MBstMRZV9g_00.mp4,head-on,0,4.042,60,0.8002230807285223,0.6269082702606746,0.6004461614570447,0.4233963390479571,1.0,0.8304202014733922,Virginia,signalized_intersection,normal,night,Poor,447,29.958,720,960,test,test
videos/nRLaHoFoa8s_00.mp4,t-bone,0,7.333,88,0.19933223545178547,0.4540746206618493,0.02876800607127987,0.29797852676261183,0.36989646483229105,0.6101707145610867,Virginia,signalized_intersection,rain,night,Poor,288,29.667,720,960,test,test
videos/DHG33zf-bkk_00.mp4,single,0,5.375,80,0.1993006567580614,0.7950238381292122,0.16833989029227928,0.755573555507723,0.23026142322384355,0.8344741207507014,Virginia,highway,normal,night,Poor,437,29.958,720,960,train,test
videos/MRyEislt23s_00.mp4,single,0,9.958,150,0.582327253328021,0.4291800549474711,0.5656455274073223,0.414594089419338,0.5990089792487197,0.44376602047560415,Virginia,highway,normal,night,Very_Poor,369,24.542,720,960,test,test
videos/FFkOuMBHngY_00.mp4,single,0,1.833333,27,0.6231457694817208,0.5375308186146379,0.6020943581486652,0.5042681802974803,0.6441971808147766,0.5707934569317954,Virginia,highway,normal,night,Fine,448,29.916666,720,960,train,test
videos/jiOupTjSods_00.mp4,single,1,8.133,122,0.7557058988661639,0.30217685374994085,0.7199701325850111,0.2789913427350953,0.7914416651473167,0.3253623647647864,Virginia,highway,normal,day,Very_Poor,398,26.533,1080,1440,test,test
videos/7O4STdn35L0_00.mp4,sideswipe,1,4.208,63,0.19376399408711664,0.22965398809358248,0.12702487896763034,0.16753165662620362,0.26050310920660297,0.29177631956096134,Virginia,signalized_intersection,normal,day,Fine,89,7.667,720,960,test,test
videos/gtKsxCrjJ2Q_00.mp4,single,0,6.958,70,0.38174950844615974,0.5819225794678974,0.34569498199097853,0.5562428841053421,0.417804034901341,0.6076022748304527,Virginia,highway,normal,day,Poor,300,29.958,720,960,train,test
videos/QbTAfMWdSN0_00.mp4,t-bone,0,8.583,128,0.3947563621118055,0.5248460035678482,0.33421763866658316,0.4769110504797785,0.4552950855570278,0.5727809566559178,Virginia,signalized_intersection,normal,day,Fine,429,29.75,720,960,test,test
videos/TSHPa6dU_yo_00.mp4,t-bone,0,6.25,94,0.6165362196606812,0.49642235526861844,0.5933150543952049,0.46713105070154964,0.6397573849261575,0.5257136598356873,Virginia,simple_intersection,normal,day,Poor,434,29.917,720,960,test,test
videos/uwi_3_tL3us_00.mp4,single,0,3.067,46,0.48525913617587263,0.6938289209630679,0.4661742631921868,0.663824451291418,0.5043440091595585,0.723833390634718,Virginia,highway,normal,night,Poor,92,6.133,1080,1920,train,test
videos/EAXHuVGCmSA_00.mp4,single,0,5.041666,75,0.5619000185266094,0.4204087226201654,0.5390745298164656,0.40459739313893084,0.5847255072367532,0.43622005210139986,Virginia,highway,rain,day,Fine,449,29.958333,720,960,train,test
videos/PYeSHbpGyn4_00.mp4,single,0,10.917,163,0.6251075362713121,0.3863413289653821,0.5983741275522575,0.368097718236558,0.6518409449903667,0.4045849396942062,Virginia,highway,rain,day,Poor,251,16.792,720,960,test,test
videos/C7fGGRaVtJs_00.mp4,single,0,3.542,53,0.2445277672804456,0.4028088478028108,0.21517055593834394,0.37466362801723235,0.27388497862254724,0.4309540675883892,Virginia,highway,rain,day,Poor,98,6.542,720,1280,test,test
videos/FImmtvW8KUI_00.mp4,single,0,5.708333,85,0.7506065994793459,0.3735296954182239,0.7391318355837029,0.3607239609653216,0.762081363374989,0.3863354298711262,Virginia,highway,rain,day,Poor,400,26.916666,720,960,test,test
videos/5bxGXH9wjOs_00.mp4,single,0,3.208,48,0.22550179078653387,0.16724270240670364,0.21382120768229243,0.15182942708333436,0.23718237389077534,0.1826559777300729,Virginia,highway,snow,day,Poor,132,8.792,720,960,test,test
videos/5bxGXH9wjOs_01.mp4,single,0,3.0410000000000004,46,0.6253653496174789,0.6764165079420225,0.5530684857156984,0.6176971508335622,0.6976622135192593,0.7351358650504827,Virginia,highway,snow,day,Poor,348,23.458,720,960,test,test
videos/9Pfq8OtTeQA_00.mp4,single,0,4.708,70,0.45978270356275114,0.5307066169205386,0.427123025479279,0.5073808326347514,0.4924423816462233,0.5540324012063256,Virginia,highway,rain,night,Poor,104,6.958,720,960,train,test
videos/LDFzVFnuKIg_00.mp4,single,0,3.667,52,0.6608411695252541,0.6248628166231767,0.6395059889956889,0.6074599045698017,0.6821763500548191,0.6422657286765515,Virginia,highway,normal,night,Very_Poor,445,30.0,1080,1920,test,test
videos/ZZM8_m1ngcc_00.mp4,single,0,3.083333,46,0.5804135945211963,0.5266047508152703,0.5603927721609233,0.5103433931588202,0.6004344168814694,0.5428661084717205,Virginia,grade_separated_intersection,rain,day,Poor,449,29.958333,720,960,test,test
videos/kM5FhXJsyWA_00.mp4,single,0,6.800000000000001,102,0.5469358751264449,0.26079483183820745,0.5364142697850824,0.2523151675005712,0.5574574804678074,0.2692744961758437,Virginia,grade_separated_intersection,rain,day,Poor,412,27.467,1080,1440,test,test
videos/Mz3oLId8I5Y_00.mp4,single,0,2.75,41,0.6962497224068134,0.27395552828472775,0.6729403301619313,0.2558068081253303,0.7195591146516954,0.2921042484441252,Virginia,highway,rain,day,Poor,363,24.208,720,960,test,test
videos/_NywzqOXZGE_00.mp4,single,0,2.208,32,0.45092016648473443,0.5516730337833107,0.42526793967710247,0.515709879828696,0.47657239329236634,0.5876361877379253,Virginia,highway,rain,day,Poor,82,5.542,720,1280,test,test
videos/C5Vqz3BcyAs_00.mp4,single,0,5.583,83,0.9504900422361169,0.1948349838786667,0.9412865348656978,0.185897103327293,0.959693549606536,0.2037728644300404,Virginia,highway,rain,day,Poor,122,8.167,720,960,test,test
videos/nS5_c56gJKM_00.mp4,single,0,4.667,70,0.7662285888147589,0.46522788040964075,0.7427037783448807,0.45016276615053724,0.7897533992846371,0.48029299466874426,Virginia,highway,rain,day,Fine,449,29.958,720,960,train,test
videos/QfxL7R00yJE_00.mp4,single,0,0.9329999999999998,14,0.5219052365598226,0.3444235429057373,0.5122959391276045,0.33243827160493894,0.5315145339920406,0.35640881420653564,Virginia,highway,rain,day,Very_Poor,393,26.333,1080,1920,test,test
videos/WeNSWeu3fe4_00.mp4,single,0,1.875,28,0.18689321174785156,0.8871100386589795,0.1184765359788931,0.8340108089335091,0.25530988751681005,0.94020926838445,Virginia,grade_separated_intersection,normal,day,Poor,449,29.958,720,960,test,test
videos/rEKHRhOLjm4_00.mp4,single,0,9.443,142,0.5015097000343683,0.3251557195659427,0.48894248911770166,0.3102914097423943,0.514076910951035,0.3400200293894911,Virginia,highway,rain,day,Poor,382,25.479,1080,2400,test,test
videos/PIcPcm3xtX8_00.mp4,single,0,4.5,65,0.5570040021671799,0.42605775195744483,0.5262848444008064,0.40085808896180625,0.5877231599335535,0.4512574149530834,Virginia,highway,rain,night,Very_Poor,104,7.125,720,960,test,test
videos/6z5WuGfCv1U_00.mp4,single,0,1.3330000000000002,21,0.3674673912405868,0.5913241276228299,0.35637193467881995,0.5819971506880156,0.37856284780235366,0.6006511045576443,Virginia,highway,rain,day,Very_Poor,394,26.208,720,960,test,test
videos/2CilSgyYnK0_00.mp4,single,0,2.733,40,0.5953960806041865,0.8199462607208732,0.5645901658303671,0.7769446476235203,0.6262019953780058,0.8629478738182261,Virginia,highway,rain,day,Poor,447,30.0,1080,1920,test,test
videos/ov4h43VcSuQ_00.mp4,single,0,4.25,63,0.4210827449645541,0.6746656657369474,0.36594611404369365,0.636960875944606,0.47621937588541463,0.7123704555292888,Virginia,highway,rain,day,Poor,449,29.958,720,960,test,test
videos/gmz3d4kegRk_00.mp4,single,0,7.156,106,0.5297724960783496,0.23629520523865866,0.5221812571730935,0.2246868391492564,0.5373637349836058,0.24790357132806093,Virginia,highway,normal,day,Very_Poor,378,25.471,1080,2400,test,test
videos/VXFyQ2zekTg_00.mp4,sideswipe,0,2.934,43,0.5218450812367128,0.5197429033460622,0.500913091846505,0.5014853310958451,0.5427770706269206,0.5380004755962793,Virginia,grade_separated_intersection,normal,day,Poor,70,4.734,1080,1920,test,test
videos/d0uvO8FDM6U_00.mp4,single,0,4.792,48,0.5131484237086789,0.4914039796963009,0.49803540947799047,0.4811592712980049,0.5282614379393673,0.501648688094597,Virginia,highway,normal,day,Poor,88,8.792,720,960,train,test
videos/_wf9h2X_uU0_00.mp4,sideswipe,0,2.917,40,0.4624071104205181,0.5233344336134628,0.4468789615901187,0.5100665889714879,0.47793525925091745,0.5366022782554376,Virginia,highway,normal,day,Very_Poor,66,4.667,720,960,test,test
videos/Gg9E2AQBMpM_00.mp4,t-bone,0,6.916667,103,0.6736968933632397,0.7728978951684764,0.6482824425653462,0.751753421695747,0.6991113441611333,0.7940423686412057,Virginia,highway,snow,day,Very_Poor,448,29.916667,720,960,test,test
videos/o5neAPqmNm8_00.mp4,single,0,8.633,71,0.524229050415098,0.6269401252020594,0.4962466325182448,0.5977787373304524,0.5522114683119512,0.6561015130736664,Virginia,highway,normal,night,Very_Poor,167,20.5,1080,1620,test,test
videos/uD3kjTme_dU_00.mp4,single,0,6.0,89,0.38122938134870876,0.7830683642982001,0.36180847741230887,0.7567050886477185,0.4006502852851087,0.8094316399486817,Virginia,highway,normal,day,Poor,127,8.542,720,960,train,test
videos/uD3kjTme_dU_01.mp4,single,0,1.5830000000000002,24,0.3891566055114386,0.895118563631007,0.35117937738332583,0.8600611514963828,0.42713383363955143,0.930175975765631,Virginia,highway,normal,day,Poor,45,3.0,720,960,train,test
videos/gRuYZISmQ3k_00.mp4,single,0,9.058824000000001,136,0.366612000177465,0.2652708949921687,0.3499376180830834,0.24569179520654577,0.3832863822718466,0.28484999477779166,Virginia,highway,normal,night,Very_Poor,444,29.647059,1080,2400,test,test
videos/c2lwfGKeaQU_00.mp4,single,0,1.46,22,0.616274319465115,0.47786655697220765,0.5562551953749315,0.4110795382651079,0.6762934435552986,0.5446535756793074,Virginia,highway,normal,night,Very_Poor,354,25.333,1080,2400,test,test
videos/Sv7nUzdTUDo_00.mp4,single,0,7.625,114,0.32764819686877067,0.6792596162502669,0.3169840964682195,0.6631426828039153,0.33831229726932177,0.6953765496966186,Virginia,highway,normal,day,Poor,344,23.0,1080,2400,train,test
videos/RHwcGsU3d08_00.mp4,sideswipe,0,5.458333,82,0.4074548329390726,0.5513403593601331,0.3537263648358703,0.5047479542645794,0.4611833010422749,0.597932764455687,Virginia,highway,rain,day,Fine,449,29.958333,720,960,train,test
videos/HjA3G2yYrNg_00.mp4,single,0,4.6,68,0.4140319364044157,0.6010566662117981,0.3987161353785868,0.5859783817304931,0.42934773743024457,0.6161349506931031,Virginia,grade_separated_intersection,normal,day,Poor,225,15.067,1080,1920,test,test
videos/kR4rLZ7ANAQ_00.mp4,t-bone,0,5.583,83,0.49391347782634637,0.21735753793614349,0.4764343722568204,0.20424407705940617,0.5113925833958723,0.23047099881288077,Virginia,grade_separated_intersection,normal,day,Poor,124,8.333,720,960,test,test
videos/Tx7F-6IsLCU_00.mp4,sideswipe,0,3.8,57,0.8176266118594852,0.7698899629791783,0.7329857485654789,0.7130985768464283,0.9022674751534914,0.8266813491119284,Virginia,highway,rain,day,Poor,222,14.8,1080,1920,test,test
videos/ZQ4epUNXIYU_00.mp4,single,0,4.375,65,0.6027035458399963,0.2685439645064308,0.572777238835474,0.24484714159837292,0.6326298528445187,0.2922407874144887,Virginia,highway,rain,day,Poor,449,29.958,720,960,test,test
videos/DksclwuFCXI_00.mp4,single,1,4.916665999999999,73,0.32357095954592474,0.48811906846852054,0.29529091196908563,0.46447592959420947,0.3518510071227638,0.5117622073428316,Virginia,highway,normal,day,Poor,381,25.625,720,960,train,test
videos/7sPi12elNPc_00.mp4,sideswipe,0,2.167,32,0.4392570440718292,0.9574621289621947,0.3849320815510443,0.9149242579243896,0.49358200659261414,1.0,Virginia,highway,normal,day,Poor,337,22.5,720,1280,test,test
videos/BX8gqiZIIHs_00.mp4,single,0,7.2,107,0.5278762803902655,0.4550428017303574,0.5165359944397835,0.4414344317406513,0.5392165663407474,0.46865117172006354,Virginia,highway,normal,day,Poor,146,9.8,1080,1920,train,test
videos/CIN6BgkbMDQ_00.mp4,single,0,8.902,133,0.45033684754961445,0.48840100105914563,0.43286595470935024,0.4687317988785702,0.4678077403898786,0.5080702032397211,Virginia,grade_separated_intersection,normal,day,Poor,438,29.391000000000002,1080,2400,test,test
videos/CftpplTN-Qc_00.mp4,t-bone,0,3.875,27,0.4352889203529805,0.35766730338316977,0.372201558926785,0.31589435330590476,0.498376281779176,0.3994402534604348,Virginia,signalized_intersection,normal,night,Poor,209,29.875,720,960,test,test
videos/qWlYogH_23M_00.mp4,head-on,0,2.875,43,0.6858459389747812,0.6609121216610885,0.5876684475055501,0.5762569004920638,0.7840234304440122,0.7455673428301132,Virginia,signalized_intersection,normal,night,Poor,449,29.958,720,960,test,test
videos/pVzWMPYJOrI_00.mp4,single,0,3.958333,48,0.6569884419188294,0.28685938820429846,0.6405025930881404,0.26890160320224116,0.6734742907495186,0.3048171732063557,Virginia,highway,normal,night,Poor,93,8.125,720,960,train,test
videos/R9u_i3M7YYA_00.mp4,single,0,5.433,81,0.9388367128031172,0.3800398204644484,0.9166779512761455,0.3620533841332866,0.9609954743300888,0.39802625679561027,Virginia,highway,normal,day,Poor,371,24.767,1080,1920,train,test
videos/RKxTyn2z-QQ_00.mp4,single,0,5.708,85,0.2304428817397517,0.5869230462611101,0.2068678039355291,0.5703843501285814,0.2540179595439743,0.603461742393639,Virginia,highway,normal,night,Very_Poor,449,29.958,720,960,test,test
videos/D6jE82ExHv4_00.mp4,single,0,3.208,32,0.9034325640505715,0.6802991490675262,0.8613737668701535,0.6387252462516336,0.9454913612309894,0.7218730518834188,Virginia,highway,normal,night,Very_Poor,48,4.792,720,960,test,test
videos/D6jE82ExHv4_01.mp4,single,0,1.375,14,0.8074653610590105,0.32072194401375365,0.7933427257789756,0.30500398733274947,0.8215879963390453,0.33643990069475777,Virginia,highway,normal,night,Very_Poor,233,24.458,720,960,test,test
videos/MenTH2yFi6c_00.mp4,single,0,4.333,65,0.7158850056871351,0.4056696725948571,0.6935831464746911,0.38932550561790374,0.7381868648995792,0.4220138395718104,Virginia,grade_separated_intersection,normal,day,Poor,448,30.0,720,960,test,test
videos/h9vCRW9MVKI_00.mp4,single,0,7.208,108,0.7410390942132419,0.2168952602420564,0.7252848838119671,0.20480331529000959,0.7567933046145167,0.22898720519410323,Virginia,highway,normal,day,Very_Poor,449,29.958,720,960,test,test
videos/F40LX7-M7xc_00.mp4,t-bone,0,4.083,61,0.4682989995690573,0.4114846708437514,0.3453753260656444,0.3446105913863709,0.5912226730724702,0.47835875030113195,Virginia,signalized_intersection,normal,day,Poor,402,28.208,720,960,test,test
videos/_KmJLS_TJKY_00.mp4,t-bone,0,4.166667,62,0.3740821585886194,0.17347922784250783,0.3249469401928094,0.1401109550786394,0.4232173769844293,0.20684750060637624,Virginia,signalized_intersection,normal,day,Poor,447,29.958333,720,960,test,test
videos/8jfM1_kqjuY_00.mp4,t-bone,1,12.433,62,0.505616938078107,0.5339961529036303,0.437242428838718,0.5108311273437064,0.5739914473174961,0.5571611784635542,Virginia,simple_intersection,normal,day,Very_Poor,149,29.833,1080,1584,test,test
videos/32Ou4XKEmgs_00.mp4,single,0,1.875,28,0.36712095209887063,0.606149908147246,0.33198538012283496,0.5697085722511701,0.4022565240749063,0.6425912440433219,Virginia,highway,normal,day,Fine,343,23.042,720,960,train,test
videos/NxY_zN9UWqA_00.mp4,single,0,8.792,131,0.24104246976507776,0.5963811393653675,0.21343369274040797,0.5753935905866389,0.26865124678974756,0.6173686881440963,Virginia,highway,normal,day,Poor,449,29.958,720,960,train,test
videos/YP7fpPBpqis_00.mp4,single,0,5.367,80,0.23110271880283423,0.7152624692167406,0.21215437856399402,0.6853055069567993,0.2500510590416744,0.7452194314766821,Virginia,grade_separated_intersection,normal,night,Poor,377,25.167,1080,1440,train,test
videos/ufVELUluHJE_00.mp4,single,0,3.833,57,0.47030325807282863,0.3012797843616878,0.446952746383079,0.28384966044094107,0.49365376976257824,0.31870990828243456,Virginia,highway,normal,day,Poor,240,16.033,1080,1440,train,test
videos/jBUe4pPfIEg_00.mp4,single,0,14.458,217,0.3591195626474101,0.23955973205194436,0.3461609719321144,0.2246434777147257,0.37207815336270567,0.254475986389163,Virginia,signalized_intersection,normal,day,Fine,449,29.958,720,960,test,test
videos/HMh6V4MXD38_00.mp4,single,0,6.625,99,0.5655673826576475,0.6115299165036436,0.5275023526108555,0.5622131475575501,0.6036324127044395,0.6608466854497372,Virginia,highway,normal,day,Poor,234,15.666667,720,960,train,test
videos/uC7g8msxRak_00.mp4,rear-end,0,6.625,99,0.5930028296249772,0.8337019163002584,0.37734275237521114,0.6674038326005167,0.8086629068747432,1.0,Virginia,highway,normal,day,Fine,354,23.625,720,960,train,test
videos/LrMyR9M_g3I_00.mp4,single,0,3.875,57,0.3205809519146322,0.3601510903719941,0.2997755223088809,0.343649825227481,0.3413863815203835,0.37665235551650716,Virginia,highway,normal,day,Poor,448,29.917,720,960,train,test
videos/3Jiii8dJ4UY_00.mp4,single,0,5.167,52,0.14384815111477786,0.34619778743509977,0.12116870420702211,0.32719225177764166,0.1665275980225336,0.3652033230925579,Virginia,highway,normal,day,Poor,300,29.958,720,960,train,test
videos/mEEMZBZHIrc_00.mp4,single,0,13.328999999999999,197,0.3923250782802812,0.33785169329123843,0.3717478613906615,0.314927722443164,0.4129022951699009,0.36077566413931283,Virginia,highway,normal,day,Poor,437,29.907,1080,2400,train,test
videos/QE6eIgOY5v8_00.mp4,single,0,1.4580000000000002,22,0.22781155941688824,0.38986303951927326,0.20128444047124516,0.3629580399986042,0.2543386783625313,0.4167680390399423,Virginia,highway,normal,night,Very_Poor,66,4.416,720,960,test,test
videos/yaP_9SJBWUg_00.mp4,single,0,26.960266,412,0.4070743487150087,0.2889704908391772,0.33279856278185016,0.24226049116074996,0.4813501346481672,0.33568049051760446,World,parking_lot,normal,night,Fine,458,30.363666000000002,720,1280,test,train
videos/-dqVECYKOk4_00.mp4,single,0,6.667,44,0.0292339441525769,0.20459919085767986,0.01227922048044042,0.18396698324910782,0.04618866782471338,0.22523139846625193,Virginia,signalized_intersection,snow,night,Poor,409,26.542,720,960,test,test
videos/THjJUsS8MXk_00.mp4,rear-end,0,7.0,105,0.3150371332284153,0.661181564107808,0.27333429604577386,0.5922927719219236,0.35673997041105676,0.7300703562936924,Virginia,highway,rain,night,Very_Poor,450,30.067,1080,1620,train,test
videos/wVHxOW_jAvo_00.mp4,rear-end,0,5.416667,81,0.8084846200056994,0.2372774578062591,0.7889145559625262,0.21013085677886584,0.8280546840488726,0.2644240588336524,Virginia,grade_separated_intersection,normal,day,Poor,342,22.791666999999997,720,960,test,test
videos/yA0g2eWjmNs_00.mp4,single,0,4.875,72,0.4555715800425405,0.3201122203178742,0.4345373388733909,0.3009492423978869,0.4766058212116901,0.33927519823786145,Virginia,highway,normal,night,Poor,448,29.917,720,960,train,test
videos/FGZ7r8JC1MY_00.mp4,single,0,6.958,104,0.682175458633856,0.2437472685135676,0.6670934966160398,0.22966550523472135,0.6972574206516722,0.25782903179241384,Virginia,highway,normal,night,Poor,283,18.875,720,960,train,test
videos/YkJBdoMtBfU_00.mp4,single,0,3.733,55,0.3345052937079332,0.48834649565364213,0.31679829253435826,0.47163386576998123,0.3522122948815081,0.505059125537303,Virginia,grade_separated_intersection,normal,night,Very_Poor,105,7.067,1080,1920,test,test
videos/YkJBdoMtBfU_01.mp4,single,0,2.0,30,0.28777464136481334,0.6251782158845018,0.2621931511536243,0.6040860721468944,0.3133561315760024,0.6462703596221094,Virginia,grade_separated_intersection,normal,night,Very_Poor,363,24.2,1080,1920,test,test
videos/y-yIv_dFHuc_00.mp4,single,0,5.572,84,0.47580496763363433,0.43876674942287447,0.460415773550906,0.41245811182656283,0.4911941617163626,0.4650753870191861,Virginia,highway,normal,night,Very_Poor,114,7.562,1080,1728,test,test
videos/x7R33QUiHHM_00.mp4,rear-end,0,7.125,105,0.20282101327525703,0.36199969846893343,0.17081972625106673,0.33873780064560816,0.2348223002994473,0.3852615962922587,Virginia,highway,normal,night,Very_Poor,446,30.0,720,960,test,test
videos/Ok6RsksG3fY_00.mp4,single,0,24.0,347,0.3823694696490716,0.12385265637474277,0.36911436286189125,0.11307211814636065,0.39562457643625193,0.1346331946031249,Virginia,highway,normal,night,Very_Poor,405,29.917,720,960,test,test
videos/xBSWuwJElBc_00.mp4,sideswipe,0,11.916667,178,0.7458705537471275,0.39646446317078277,0.7118609525360714,0.36256263143267525,0.7798801549581835,0.4303662949088903,Virginia,signalized_intersection,normal,day,Poor,189,12.666667,720,960,test,test
videos/w-oDFvzkC8o_00.mp4,t-bone,0,7.023,105,0.4417805456483687,0.29834903203673635,0.41960984695487286,0.2674162358505391,0.4639512443418646,0.32928182822293356,Virginia,highway,normal,day,Poor,377,25.219,384,854,test,test
videos/aP-xY6fjndg_00.mp4,t-bone,1,6.034,70,0.3481463770746837,0.40012563686501795,0.23709521925555918,0.26674296691310007,0.45919753489380827,0.5335083068169358,World,simple_intersection,rain,day,Fine,316,29.95,352,640,test,train
videos/1ySfr7IZBs8_00.mp4,single,0,0.8330000000000002,12,0.6045737263970778,0.5636675337760624,0.5872626466964694,0.5501822044707818,0.6218848060976863,0.577152863081343,Virginia,grade_separated_intersection,normal,night,Very_Poor,359,24.040999999999997,720,1280,test,test
videos/0jlyeLcFLVc_00.mp4,single,0,3.4029999999999996,85,0.838281013575872,0.33808277722775815,0.7712740549716696,0.2751252485915431,0.9052879721800745,0.4010403058639732,World,highway,normal,day,Good,647,25.792,1080,1920,test,train
videos/kkwEN_zBCx8_00.mp4,t-bone,0,6.0,134,0.7804651129572152,0.11999592659294173,0.6920157623987886,0.03484606944747566,0.8689144635156418,0.20514578373840778,World,city_street,normal,day,Good,366,15.9,1080,1920,test,train
videos/kkwEN_zBCx8_01.mp4,rear-end,0,3.633333,71,0.5703790639133263,0.5410420832961543,0.3545027046889632,0.26565393534750303,0.7862554231376894,0.8164302312448056,World,city_street,normal,day,Excellent,139,6.966667,1080,1920,test,train
videos/kkwEN_zBCx8_02.mp4,t-bone,0,4.933333,115,0.5470181636449679,0.30990629740053777,0.46610263156598847,0.26384202165636395,0.6279336957239473,0.3559705731447116,World,parking_lot,normal,day,Fine,219,13.333333,1080,1920,test,train
videos/nbSL1Tri9gc_00.mp4,single,1,1.566,39,0.8189192960909764,0.3787086528068172,0.7923296050354129,0.3479314323800854,0.8455089871465399,0.409485873233549,World,tunnel,normal,night,Poor,163,5.733,720,1280,test,train
videos/h7MY4vNQ2Ak_00.mp4,t-bone,0,5.654,85,0.5350143643879661,0.4816486988830817,0.5188797192958166,0.45362005002304756,0.5511490094801158,0.5096773477431158,Virginia,simple_intersection,normal,day,Poor,441,29.934,1080,2400,test,test
videos/IlublX9hlVc_00.mp4,t-bone,0,5.5,82,0.3463309452442297,0.31691285286977844,0.2734144298443836,0.2612561466395467,0.41924746064407575,0.3725695591000102,Virginia,signalized_intersection,normal,day,Fine,447,29.958,720,960,test,test
videos/fcJD3Xt4zzA_00.mp4,t-bone,0,3.292,49,0.5379213662758642,0.49944972339021576,0.3117612340325094,0.370534275908949,0.7640814985192189,0.6283651708714826,Virginia,signalized_intersection,normal,day,Poor,448,29.958,720,960,test,test
videos/5caUHPE480M_00.mp4,head-on,1,7.72,192,0.3825738522329172,0.306653484028548,0.3317674904923923,0.27888025356278184,0.433380213973442,0.3344267144943141,World,highway,normal,night,Poor,660,26.52,720,1280,test,train
videos/eilpGahN9JI_00.mp4,rear-end,0,4.292,64,0.9084917910661463,0.5681138695895436,0.8535251431234249,0.5183596626631344,0.9634584390088676,0.6178680765159529,Florida,grade_separated_intersection,normal,night,Very_Poor,449,29.958,720,1080,test,test
videos/EJodW3XFdU4_00.mp4,t-bone,0,4.76,119,0.7870321619562579,0.6989975998343612,0.6542921557138872,0.579938377179446,0.9197721681986286,0.8180568224892762,Florida,signalized_intersection,normal,day,Fine,750,30.0,720,1280,test,test
videos/JvLt2kMm3Qs_00.mp4,sideswipe,0,4.125,61,0.7594529690363705,0.542839669541703,0.7409331324667775,0.5293735308679481,0.7779728056059635,0.5563058082154578,Florida,highway,normal,day,Poor,100,6.708,720,1280,test,test
videos/qfCt6R_rTMY_00.mp4,rear-end,0,6.25,93,0.9406602358214198,0.7081680562049322,0.8951600290396089,0.6502614176090303,0.9861604426032308,0.7660746948008341,Florida,highway,normal,day,Poor,449,29.958,720,1080,test,test
videos/u4lFhg1C20o_00.mp4,single,0,2.833,57,0.9474383557650035,0.6343799797178644,0.9227632687203394,0.6099166571421156,0.9721134428096675,0.6588433022936131,Florida,grade_separated_intersection,normal,day,Poor,542,29.967,720,1056,test,test
videos/Uc85umAPCc0_00.mp4,t-bone,0,3.4,102,0.9219474227109821,0.8919931085440862,0.8438948454219642,0.8241356819147028,1.0,0.9598505351734696,Florida,grade_separated_intersection,normal,day,Fine,893,30.0,720,960,test,test
videos/eZGqsmnXpHQ_00.mp4,sideswipe,0,2.367,71,0.8932132595556259,0.27367441133515563,0.8732579327754617,0.26190353843698244,0.9131685863357902,0.2854452842333288,Florida,highway,normal,day,Poor,271,9.033999999999999,720,960,test,test
videos/jzIahqK1XpM_00.mp4,t-bone,0,4.44,110,0.3443351819402688,0.32756657696732006,0.32397837740231095,0.3101693026054911,0.3646919864782266,0.3449638513291491,Florida,signalized_intersection,normal,day,Fine,746,29.96,720,1056,test,test
videos/7ufiKhY4D_Y_00.mp4,single,0,11.833,354,0.5463190801257911,0.49727488766229183,0.5219651222156643,0.4828643707406661,0.570673038035918,0.5116854045839175,Florida,highway,rain,day,Fine,891,29.967,720,960,test,test
videos/vcN-clDH2A8_00.mp4,rear-end,0,7.733,231,0.5866387697715785,0.34535614080054133,0.559626007700542,0.3190375052768628,0.6136515318426149,0.3716747763242198,Florida,signalized_intersection,normal,day,Poor,898,29.967,720,960,test,test
videos/R29vBQmDFq4_00.mp4,single,0,6.267,161,0.1583757547374363,0.49908128156713305,0.09973920914980354,0.45994282997609626,0.21701230032506902,0.5382197331581698,New_York,highway,rain,night,Poor,642,30.0,720,1056,test,test
videos/oXHq9qN7jyk_00.mp4,t-bone,0,1.708,25,0.23052895877099444,0.6825525360562812,0.1517209068601623,0.6172452517508991,0.30933701068182656,0.7478598203616633,Florida,highway,normal,day,Fine,448,29.958,720,1080,test,test
videos/dI-ueIMSLZQ_00.mp4,rear-end,0,4.233,127,0.5569598355430647,0.31088713278902225,0.5370069001470805,0.2936534567312829,0.5769127709390489,0.3281208088467616,Florida,highway,normal,night,Very_Poor,899,29.967,720,1280,test,test
videos/aPenMcX0LNY_00.mp4,single,0,2.5999999999999996,78,0.47869170116032633,0.24868150556772864,0.4620767434195969,0.2294418755582186,0.4953066589010558,0.2679211355772387,Florida,highway,normal,day,Poor,785,26.167,720,900,test,test
videos/PI75_k43UTI_00.mp4,rear-end,0,2.76,55,0.3182843801952334,0.5362020170988797,0.30036156721209956,0.5202084838974937,0.3362071931783673,0.5521955503002658,Florida,highway,normal,day,Poor,193,9.64,720,1056,test,test
videos/QeZz4_zmy1I_00.mp4,rear-end,0,1.4169999999999998,14,0.1503845990306204,0.735227480187717,0.09497582021385778,0.6933060257523148,0.205793377847383,0.7771489346231192,Florida,highway,normal,night,Fine,215,21.5,720,1056,train,test
videos/pcT3Lr767_M_00.mp4,rear-end,0,3.5330000000000004,106,0.3940721854173206,0.2229825043882375,0.3215389744094143,0.16957741963687178,0.46660539642522686,0.2763875891396032,Florida,highway,normal,day,Fine,527,17.567,720,1056,test,test
videos/6rvo5STkUPw_00.mp4,t-bone,0,3.867,116,0.7504901747571135,0.7239552239273086,0.648051949121374,0.643252199386211,0.852928400392853,0.8046582484684063,Florida,grade_separated_intersection,normal,day,Good,892,29.967,720,960,test,test
videos/gzu1NnmXMuY_00.mp4,single,0,7.833,97,0.26096235656048417,0.41276649197865845,0.23342242195498164,0.39162974483050916,0.28850229116598664,0.4339032391268078,Florida,highway,normal,night,Very_Poor,202,14.933,720,960,test,test
videos/X0SCL-_zJ3o_00.mp4,single,0,7.433,222,0.33061278435745733,0.31835392404035345,0.30760234499233136,0.2998364828350296,0.35362322372258337,0.33687136524567735,Florida,highway,rain,day,Poor,894,29.967,720,1056,test,test
videos/fxiCDDZx2YM_00.mp4,single,0,4.259,114,0.5997990864395597,0.7440173963443903,0.5736614631911294,0.7208080871385383,0.6259367096879899,0.7672267055502423,Florida,highway,rain,day,Poor,799,30.0,720,1280,test,test
videos/jrbryXS0w74_00.mp4,single,0,2.833,84,0.7777147162891982,0.49421396674903273,0.744000230991054,0.47037603625765906,0.8114292015873426,0.5180518972404065,Florida,highway,rain,night,Poor,851,30.0,720,1280,test,test
videos/Urin3yuptr8_00.mp4,single,0,3.5,70,0.9598403447177735,0.34976800941524877,0.9196806894355468,0.3135476535721603,1.0,0.3859883652583373,Florida,highway,rain,day,Good,676,29.967,720,1080,test,test
videos/rJaAl_YfQiM_00.mp4,single,0,9.7,284,0.24794010851820317,0.3420693294224293,0.23179137820981738,0.32944170054668453,0.26408883882658896,0.35469695829817405,Florida,highway,rain,day,Very_Poor,852,29.967,720,960,test,test
videos/H6DKiF_kwIs_00.mp4,single,0,1.0000000000000002,15,0.5155183437968285,0.2650860557562362,0.5021570954027308,0.25207244332912404,0.5288795921909263,0.2780996681833484,Florida,highway,normal,day,Very_Poor,423,28.209000000000003,720,1080,test,test
videos/kbpb8IGOAP0_00.mp4,single,0,6.458,96,0.44355203488166095,0.7273910960482897,0.4087867986090611,0.7060298632587353,0.47831727115426087,0.7487523288378439,Florida,highway,normal,day,Poor,448,29.917,720,1056,test,test
videos/2dgMA7afLFc_00.mp4,single,0,8.104,226,0.7988413261444384,0.45557016893093094,0.7708685459089959,0.43702326012407955,0.8268141063798808,0.4741170777377824,Florida,highway,rain,night,Very_Poor,644,23.794,720,1280,test,test
videos/zDgcljcRR8A_00.mp4,single,0,6.333,190,0.14152182260377427,0.32313857189734485,0.13101365981867363,0.31428714554398357,0.15202998538887488,0.3319899982507061,Florida,highway,normal,night,Poor,704,29.967,720,1080,test,test
videos/KfSjYfTH-H4_00.mp4,single,1,5.12,102,0.23592162656813562,0.311778278619752,0.21398196326321273,0.28878048742421336,0.2578612898730585,0.3347760698152906,Florida,highway,normal,night,Poor,509,29.96,720,1056,test,test
videos/1ot_Dyi6XyI_00.mp4,single,0,8.167,244,0.46208351363619493,0.43765785214616454,0.4115721303253894,0.40522197739215965,0.5125948969470004,0.47009372690016943,Florida,highway,normal,day,Very_Poor,897,29.967,720,1056,test,test
videos/llwNilbilqg_00.mp4,single,0,5.833,174,0.5630568909001937,0.25359883118716875,0.5295274518948858,0.22327042554354817,0.5965863299055016,0.2839272368307893,Florida,highway,rain,day,Fine,891,30.0,720,1280,test,test
videos/ITHSYGUkuV8_00.mp4,single,0,5.267,157,0.4300881793218859,0.34204478666993515,0.2809240834758749,0.28449174339675665,0.5792522751678969,0.39959782994311366,Florida,highway,rain,day,Fine,898,29.967,720,1280,test,test
videos/dW7rp-cXNMY_00.mp4,head-on,0,5.633,168,0.9618051657165724,0.42977204942849395,0.9236103314331447,0.39482813313505644,1.0,0.46471596572193147,Florida,signalized_intersection,normal,day,Poor,899,30.0,720,1056,test,test
videos/QSPGXxzUXVs_00.mp4,single,0,25.76,492,0.2505651069458195,0.3355437296299055,0.21685835292966563,0.3127521758358937,0.2842718609619734,0.35833528342391724,Virginia,signalized_intersection,normal,night,Fine,551,29.96,720,1056,test,test
videos/24R72DZBQ5k_00.mp4,single,1,0.5670000000000002,17,0.12360716508264588,0.5870197981563441,0.10762401071292574,0.5638405473563984,0.13959031945236602,0.6101990489562897,Florida,grade_separated_intersection,normal,night,Poor,775,25.834,720,1056,train,test
videos/9eE5_INjzaQ_00.mp4,single,1,2.367,71,0.7195000667872555,0.374263085026666,0.6853806321145002,0.33099276316021314,0.7536195014600108,0.41753340689311885,Florida,highway,rain,day,Fine,158,5.267,720,1056,test,test
videos/vii3d_HkqvY_00.mp4,single,0,8.233,246,0.36283698373446116,0.3228072447756896,0.3139786962673076,0.29072989594672993,0.4116952712016147,0.3548845936046493,Florida,highway,rain,day,Fine,338,11.3,720,1080,test,test
videos/qzOpk_d1pGU_00.mp4,single,0,6.207,179,0.306918718081702,0.3836239916794284,0.2794918849357133,0.3545205144556003,0.3343455512276907,0.41272746890325646,Florida,highway,normal,night,Poor,547,18.931,720,960,test,test
videos/3yNBYymxHys_00.mp4,single,0,6.833,205,0.5277440119992285,0.3997685806719927,0.4993502690861774,0.38253478342998265,0.5561377549122796,0.4170023779140028,Florida,highway,normal,day,Poor,892,29.967,720,1280,test,test
videos/cVil8sERLjg_00.mp4,single,0,5.3,152,0.43959992979268747,0.21683127732299506,0.4182215978701909,0.20209126216393966,0.4609782617151841,0.23157129248205044,Florida,highway,rain,day,Poor,378,12.833,720,1280,test,test
videos/kMm9K4FKQyA_00.mp4,single,0,4.931,143,0.5979554342088507,0.5217610183493918,0.5655256052714723,0.4959627978030868,0.6303852631462289,0.5475592388956969,Florida,highway,normal,night,Very_Poor,866,29.966,720,1056,test,test
videos/nKC_z-VEBfE_00.mp4,rear-end,0,7.44,185,0.6168381872655522,0.4851438183594433,0.5601130787451032,0.43751262021589393,0.673563295786001,0.5327750165029926,Florida,city_street,normal,day,Poor,705,29.96,720,880,test,test
videos/nnY1sFj3-Ag_00.mp4,single,0,1.8999999999999995,38,0.552024494484904,0.4661597566901937,0.5373855421543503,0.45748938523327487,0.5666634468154578,0.4748301281471126,Florida,highway,normal,day,Poor,558,22.933999999999997,720,1080,test,test
videos/CRFFj83OIDU_00.mp4,t-bone,0,4.44,88,0.6150552138993495,0.5413394090314665,0.5401377366952893,0.49653042047854495,0.6899726911034096,0.5861483975843881,Florida,signalized_intersection,normal,day,Good,279,15.040000000000001,720,1056,test,test
videos/l_2BO67srNo_00.mp4,t-bone,1,6.767,202,0.39095972044313604,0.43582377602808087,0.36620171367993537,0.4218292361888921,0.4157177272063367,0.4498183158672696,Florida,grade_separated_intersection,rain,day,Poor,240,8.033,720,1080,test,test
videos/M7tbQSvMe5o_00.mp4,single,0,3.167,95,0.8302565195007854,0.5989595803149882,0.7920611628024223,0.5644183652301383,0.8684518761991484,0.6335007953998381,Florida,highway,normal,day,Fine,891,29.967,720,1280,train,test
videos/FNS3OiJwL0k_00.mp4,single,0,4.767,141,0.941735918640302,0.7597132661312866,0.883471837280604,0.713894334278821,1.0,0.8055321979837522,Florida,highway,normal,day,Fine,891,29.967,720,1056,test,test
videos/X59Tadp1bjg_00.mp4,single,0,5.292,95,0.3200883113469243,0.32265598181728383,0.30014083476184666,0.3069175465101706,0.34003578793200195,0.338394417124397,Florida,highway,normal,day,Very_Poor,550,30.0,720,1056,test,test
videos/zSujHC7MOcU_00.mp4,t-bone,0,1.48,25,0.8165432528719314,0.5673239482781524,0.6330865057438628,0.44269064195961566,1.0,0.691957254596689,Florida,signalized_intersection,rain,day,Fine,706,29.96,720,1056,test,test
videos/oeRlPluv-eY_00.mp4,single,0,6.067,181,0.3185024927369736,0.356154640925014,0.30225056305197884,0.34282293007104525,0.3347544224219684,0.3694863517789827,Florida,highway,rain,day,Very_Poor,731,24.633,720,1280,test,test
videos/bDLOyLAi51k_00.mp4,single,0,7.52,150,0.37022347911215636,0.2679420602670849,0.3483388982234228,0.24933580128753488,0.3921080600008899,0.2865483192466349,Florida,grade_separated_intersection,normal,night,Poor,513,25.64,720,1056,train,test
videos/V9uox3MIVrA_00.mp4,single,1,4.567,137,0.6473188733984462,0.3936954315866842,0.612051771735514,0.3580813514561324,0.6825859750613784,0.429309511717236,Florida,highway,rain,day,Poor,896,30.0,720,1056,test,test
videos/dEINXAEIQjA_00.mp4,single,0,3.68,74,0.8125066094557435,0.5292830631973928,0.7935716146201821,0.5177995372210549,0.8314416042913049,0.5407665891737309,Florida,highway,rain,day,Poor,168,8.36,720,1056,test,test
videos/AFK28KnqDOQ_00.mp4,t-bone,0,2.44,60,0.8407165829332044,0.7221907346577664,0.7381041203578509,0.6120958486373529,0.9433290455085578,0.8322856206781799,Florida,signalized_intersection,normal,day,Fine,93,3.76,720,1280,test,test
videos/Mujpcz6MX4g_00.mp4,t-bone,0,4.767,143,0.7379955638749651,0.7280959555436434,0.6004052032309757,0.6507015340211604,0.8755859245189546,0.8054903770661264,Florida,grade_separated_intersection,normal,day,Fine,892,29.967,720,960,test,test
videos/HYr1QeHHFkI_00.mp4,sideswipe,0,4.367,130,0.04555211052683975,0.13205242940384232,0.0,0.028318560883555482,0.0911042210536795,0.23578629792412914,Florida,highway,normal,day,Good,892,29.967,720,1080,train,test
videos/_SK-OKBNWj0_00.mp4,single,0,16.0,259,0.8297731361192452,0.5714956435680627,0.8050204153495453,0.5357540149322757,0.8545258568889451,0.6072372722038498,Florida,grade_separated_intersection,rain,day,Very_Poor,367,22.7,720,1056,test,test
videos/0jCQy-BZ1uw_00.mp4,sideswipe,0,5.4,162,0.4116177373113383,0.23086497437017722,0.39175661300445513,0.21400948016212593,0.43147886161822147,0.2477204685782285,Florida,grade_separated_intersection,normal,day,Fine,899,29.967,720,960,test,test
videos/UntkxMpwFSY_00.mp4,head-on,0,6.4,192,0.07579623453490096,0.7845749440520093,0.025360728824508766,0.6782248609421727,0.12623174024529316,0.8909250271618459,Florida,signalized_intersection,normal,day,Fine,854,29.967,720,1280,test,test
videos/c3B2ddiaBcQ_00.mp4,sideswipe,0,2.467,74,0.6821766742557159,0.6608442650544286,0.6254455620662593,0.6252480747357788,0.7389077864451725,0.6964404553730783,Florida,highway,rain,day,Very_Poor,865,29.967,720,1056,test,test
videos/Sm-U6h1VUYQ_00.mp4,t-bone,0,10.167,252,0.6037339091177936,0.4422546691054019,0.5364714745321222,0.4043722807565233,0.670996343703465,0.4801370574542804,Florida,signalized_intersection,normal,day,Fine,745,29.967,480,704,test,test
videos/r-k-zVvecKs_00.mp4,t-bone,0,6.083333,83,0.6101648087481853,0.33728587758769457,0.5023044660532858,0.278975794637083,0.7180251514430849,0.3955959605383062,Virginia,signalized_intersection,normal,night,Good,213,14.791666,720,960,test,test
videos/cSCM3PYMKRo_00.mp4,t-bone,0,23.023,576,0.6161120835503766,0.47976996583333353,0.2993749369692002,0.28325162075348764,0.932849230131553,0.6762883109131794,World,parking_lot,normal,day,Good,727,29.062366,720,1280,test,train
videos/cSCM3PYMKRo_01.mp4,single,0,8.675334,217,0.594143130150626,0.4786014240704221,0.2999347383746283,0.28111881085016344,0.8883515219266238,0.6760840372906808,World,parking_lot,normal,day,Good,583,23.2232,720,1280,test,train
videos/YQxqeP2Q_-M_00.mp4,single,0,17.04,197,0.614305787342033,0.21801722053306816,0.5736879275546831,0.18955340206179982,0.6549236471293828,0.24648103900433652,World,signalized_intersection,normal,night,Good,352,29.96,720,960,test,train
videos/FAEmPbAt0Wk_00.mp4,sideswipe,1,3.767,56,0.6768836843464894,0.3422309812853035,0.6201741930724688,0.29111961864722574,0.7335931756205099,0.3933423439233812,Georgia,signalized_intersection,normal,day,Poor,449,29.967,2160,3840,test,test
videos/HC89136mZXs_00.mp4,single,0,4.375,65,0.4047389666590083,0.5154101836352273,0.3805960199106887,0.48581536879510584,0.4288819134073279,0.5450049984753487,Georgia,highway,normal,day,Poor,449,29.958,720,1280,test,test
videos/UZmfc00aSSQ_00.mp4,single,0,9.851,148,0.17593392731056107,0.588355957209869,0.15048702288023783,0.5591545896538298,0.20138083174088428,0.6175573247659082,Georgia,highway,normal,day,Fine,291,19.392,1080,2400,train,test
videos/NHOOHKL_z8s_00.mp4,sideswipe,0,4.125,61,0.7616442790576781,0.39341973853426837,0.6906936862244806,0.3065217218593691,0.8325948718908757,0.4803177552091677,Georgia,signalized_intersection,normal,day,Fine,449,29.958333,720,1280,test,test
videos/dbIlU1q8lfM_00.mp4,t-bone,0,3.708333,55,0.69150749317547,0.43824755460150805,0.5405343996335319,0.28373955070602885,0.8424805867174081,0.5927555584969872,Georgia,signalized_intersection,normal,day,Fine,449,29.958333,720,1280,test,test
videos/u3KPKXc9A1c_00.mp4,head-on,0,4.75,71,0.19179964056854384,0.5609060449757808,0.10209497412023723,0.48971736149311523,0.2815043070168505,0.6320947284584463,Georgia,signalized_intersection,normal,day,Fine,448,30.0,720,1280,test,test
videos/fFxTIUK_Ju0_00.mp4,t-bone,0,4.0,59,0.44847959006968924,0.457757862561423,0.34653245475449046,0.37888764818614984,0.550426725384888,0.5366280769366961,Georgia,signalized_intersection,normal,night,Good,448,29.916666,720,1280,test,test
videos/fd3l6Z3OSXE_00.mp4,t-bone,0,6.291666,94,0.2629655391701343,0.5580053179399471,0.15878423530583585,0.474106986790964,0.36714684303443285,0.6419036490889303,Georgia,signalized_intersection,normal,night,Good,442,29.958333,720,1280,test,test
videos/jriayW0n33c_00.mp4,t-bone,0,6.833333,102,0.4315223458041499,0.4498046833152111,0.3638161024527695,0.4121394583865679,0.49922858915553026,0.48746990824385433,Georgia,signalized_intersection,normal,night,Fine,447,29.958333,720,1280,test,test
videos/iiBMFJqcrGY_00.mp4,single,0,7.067,106,0.41378352487536163,0.4825202229383918,0.37781981225064765,0.45578388497307837,0.4497472375000756,0.5092565609037053,Georgia,highway,rain,day,Poor,450,30.0,1080,1920,test,test
videos/3AvjUT91bJA_00.mp4,t-bone,0,2.416666,36,0.1970554407554251,0.5809516848583957,0.10090931366702686,0.49309553886016855,0.29320156784382334,0.6688078308566228,Georgia,signalized_intersection,normal,day,Good,449,29.958333,720,1280,test,test
videos/ssoscEvTTLc_00.mp4,sideswipe,0,3.8339999999999996,58,0.6609789646878408,0.14577326664516183,0.6453284028793906,0.1295358341934481,0.676629526496291,0.16201069909687552,Georgia,highway,normal,night,Poor,90,5.959,720,1056,test,test
videos/WagIvmw1jcI_00.mp4,sideswipe,0,5.0,74,0.46882367279420006,0.3136019574427859,0.4192076630464636,0.2567901984590654,0.5184396825419365,0.3704137164265064,Georgia,highway,normal,day,Fine,123,8.25,720,1280,train,test
videos/WagIvmw1jcI_01.mp4,single,0,2.3333329999999997,35,0.14254703588473394,0.8053257772657634,0.10901055199404652,0.7289656231138468,0.1760835197754214,0.8816859314176799,Georgia,highway,normal,day,Fine,66,4.375,720,1280,train,test
videos/tJlFR_bbD6s_00.mp4,rear-end,1,3.458,51,0.43166552339924025,0.3827169100817573,0.4110495096984006,0.35780621648399136,0.45228153710007984,0.4076276036795232,Georgia,highway,normal,night,Poor,218,14.583,720,1280,train,test
videos/NbRmwSIXDzw_00.mp4,t-bone,1,3.5,52,0.836633821328481,0.7928592657461886,0.7296355183919274,0.727509584780093,0.9436321242650345,0.8582089467122842,Georgia,signalized_intersection,normal,day,Good,429,29.916666,720,1280,test,test
videos/joRCqlk5sSA_00.mp4,t-bone,0,7.791666,117,0.7558723435758052,0.2956664678867351,0.6290631941052349,0.2261497803368987,0.8826814930463754,0.3651831554365715,Georgia,signalized_intersection,normal,day,Good,449,29.958333,720,1280,test,test
videos/Sb3SaOYjrrs_00.mp4,t-bone,0,2.083333,31,0.33666976573496965,0.516882544708871,0.23242103062655417,0.3978326000151675,0.4409185008433852,0.6359324894025744,Georgia,signalized_intersection,normal,night,Good,449,29.958333,720,1280,test,test
videos/Xy3P5EhdZ7k_00.mp4,t-bone,0,6.8068,94,0.6689126883629342,0.7090802918834476,0.5915157757482196,0.651593388070666,0.7463096009776488,0.7665671956962291,Georgia,signalized_intersection,normal,night,Poor,412,29.896533,270,480,test,test
videos/xCSV8hDQPDo_00.mp4,single,0,2.3,34,0.6774471375958162,0.507421311411817,0.64667633405213,0.4863500600772315,0.7082179411395024,0.5284925627464025,Georgia,highway,normal,night,Very_Poor,449,30.1,1080,1584,test,test
videos/9eOu-gdsJD4_00.mp4,head-on,0,4.791666,72,0.17945502122243273,0.6112313893814808,0.0,0.44425772207754627,0.35891004244486546,0.7782050566854153,Georgia,signalized_intersection,normal,night,Fine,287,29.958333,720,1280,test,test
videos/_75B7Y8QaX0_00.mp4,sideswipe,0,2.25,36,0.49497557624778143,0.8519634413087648,0.43181991919984314,0.7912076442132367,0.5581312332957197,0.9127192384042928,Georgia,highway,normal,night,Fine,195,12.208333,720,1280,train,test
videos/klHFoVQo--8_00.mp4,single,1,4.2669999999999995,63,0.4486136298645165,0.6669674654001402,0.4394059199109099,0.654723105196476,0.4578213398181232,0.6792118256038043,Georgia,highway,normal,night,Very_Poor,107,7.199999999999999,1080,1920,test,test
videos/ja62cRF2tbQ_00.mp4,rear-end,0,0.8333339999999998,12,0.5007203236001817,0.35950687707148365,0.48551229534577756,0.34011548951780074,0.5159283518545859,0.37889826462516657,Virginia,highway,normal,day,Poor,413,27.583334,720,1280,test,test
videos/QGE0dV-iaSY_00.mp4,rear-end,0,3.8,57,0.5379406296565185,0.266515366128711,0.4924287589177507,0.23016768276774213,0.5834525003952863,0.3028630494896799,Georgia,highway,rain,night,Poor,80,5.333,1080,1920,test,test
videos/NeOMWr9b_7I_00.mp4,rear-end,0,0.7330000000000005,11,0.4292804182145041,0.625822241192374,0.4059720232958928,0.6081507149888278,0.45258881313311533,0.64349376739592,Georgia,highway,normal,day,Very_Poor,350,23.333,1080,1584,test,test
videos/XPErIB4xgYg_00.mp4,rear-end,0,7.208333,108,0.6449657031040734,0.32384722836897784,0.5796107345387862,0.25755464386247523,0.7103206716693606,0.3901398128754804,Georgia,highway,normal,night,Fine,212,14.166666,720,1280,train,test
videos/IjYlfr_dwaE_00.mp4,rear-end,0,9.75,146,0.964703839967396,0.4201237842811448,0.93642007383585,0.3935279701128349,0.992987606098942,0.44671959844945464,Georgia,signalized_intersection,normal,night,Fine,183,12.25,720,1280,test,test
videos/G4QrIWuvNoM_00.mp4,rear-end,0,4.542,67,0.6693742584683209,0.32487154179999267,0.6271995070729602,0.2939437061588284,0.7115490098636816,0.35579937744115697,Georgia,highway,normal,night,Poor,214,14.333,720,1280,test,test
videos/1jCpA4y5NHY_00.mp4,rear-end,0,3.7,55,0.7050185117331327,0.8172986111011022,0.6352324964145951,0.6726298319096533,0.7748045270516702,0.9619673902925513,Georgia,highway,normal,day,Fine,448,29.967,1080,1920,train,test
videos/5CNGhR8vBBk_00.mp4,rear-end,0,5.033,75,0.3054144424961459,0.44526228189535866,0.2725654635384283,0.3887572991232227,0.33826342145386357,0.5017672646674946,Georgia,highway,normal,day,Fine,449,29.967,1080,1920,test,test
videos/WouBHgQJBM4_00.mp4,rear-end,0,3.458,51,0.8785221766425674,0.8078352387221466,0.7640530936646163,0.6813216501087187,0.9929912596205185,0.9343488273355745,Georgia,signalized_intersection,normal,day,Good,448,29.917,720,1280,test,test
videos/SUjTl7OifoA_00.mp4,rear-end,0,4.3,64,0.699124176284023,0.41559093941195924,0.6393471224111203,0.349760469659356,0.7589012301569256,0.4814214091645625,Georgia,highway,normal,night,Very_Poor,448,29.967,1080,1920,test,test
videos/ZyHloKpLTDs_00.mp4,rear-end,1,6.533,196,0.7553798566715806,0.2784620027052288,0.7198519202600905,0.2448794829869903,0.7909077930830708,0.31204452242346736,Georgia,highway,normal,day,Good,900,30.0,1080,1920,train,test
videos/tmv5qTrk8H4_00.mp4,rear-end,0,2.958333,44,0.4821519217538416,0.43326954265067685,0.4369244259968411,0.3788445514826873,0.527379417510842,0.48769453381866645,Georgia,highway,normal,day,Poor,125,8.375,720,1280,test,test
videos/6Wt8Y2Z1dkc_00.mp4,single,1,3.917,58,0.8506913911783169,0.45717207906665935,0.8344635324421612,0.4321471157510797,0.8669192499144728,0.48219704238223904,Georgia,highway,normal,day,Poor,448,29.917,720,1280,test,test
videos/dO_jtPluv5Q_00.mp4,single,0,3.0500000000000003,45,0.8042772751631457,0.41703779697591237,0.7944498321394909,0.3999991032400645,0.8141047181868006,0.43407649071176024,Georgia,highway,normal,day,Poor,374,25.214000000000002,384,854,test,test
videos/lRcaIAGppGs_00.mp4,single,1,2.25,33,0.4839003759064966,0.8923795467470301,0.4256606152029822,0.8424502146180379,0.5421401366100109,0.9423088788760222,Georgia,highway,normal,day,Fine,448,29.917,720,1280,train,test
videos/R9r3my7Q7po_00.mp4,t-bone,0,7.466666,112,0.3622975910904257,0.6721867549212355,0.2562425109954372,0.5335990444845569,0.46835267118541424,0.8107744653579141,Georgia,signalized_intersection,normal,night,Fine,421,30.333333,270,480,test,test
videos/QaJHRtPAQRE_00.mp4,sideswipe,0,6.199999999999999,36,0.2906891918962395,0.855907306532874,0.09825803268164464,0.7208699505331795,0.48312035111083435,0.9909446625325685,Georgia,signalized_intersection,normal,day,Good,324,30.0,270,480,test,test
videos/oCp56IFmInU_00.mp4,t-bone,0,5.75,86,0.5025359758796464,0.9399470614479146,0.4275700056316869,0.8808720693151895,0.577501946127606,0.9990220535806397,Georgia,signalized_intersection,normal,night,Fine,449,29.916666,720,1280,test,test
videos/pyL525xZdfw_00.mp4,sideswipe,0,3.75,56,0.4165015462132385,0.6845171617603045,0.36398467975247384,0.5966395337233703,0.4690184126740031,0.7723947897972386,Georgia,highway,rain,day,Poor,138,9.25,720,1056,test,test
videos/HQSjoUe8M8U_00.mp4,single,0,5.375,80,0.6812140210275557,0.4275646343653038,0.6624323244698,0.4121623498700055,0.6999957175853112,0.442966918860602,Georgia,highway,normal,night,Poor,449,29.958333,720,1280,test,test
videos/U46ElqUKa_4_00.mp4,single,0,1.533,46,0.5093063415401806,0.26223824549485,0.5012731701445154,0.2519195692478869,0.5173395129358457,0.2725569217418131,Georgia,highway,normal,night,Fine,813,27.1,1080,1920,train,test
videos/C5OJEzm0dio_00.mp4,single,0,5.791666,86,0.23271082638476437,0.550566388610823,0.21543976598941347,0.5040747627230538,0.2499818867801153,0.5970580144985922,Georgia,highway,normal,day,Fine,132,8.833333,720,1280,train,test
videos/mh2N02NQ-bQ_00.mp4,single,0,9.042,135,0.8735552661954022,0.2946876079190352,0.8051046222798945,0.2500534862939764,0.9420059101109098,0.339321729544094,Georgia,signalized_intersection,normal,night,Poor,447,29.958,720,1280,test,test
videos/zWKHAyNKlF4_00.mp4,t-bone,0,13.1,196,0.896424041522631,0.6736450318106131,0.793084586245085,0.5658764986732472,0.9997634968001768,0.781413564947979,Georgia,highway,rain,night,Poor,450,30.033,1080,1920,test,test
videos/2wWw4MidlLY_00.mp4,t-bone,0,3.2,47,0.37798076005891734,0.7105625571299898,0.290180534545124,0.6233755503635312,0.46578098557271075,0.7977495638964486,Georgia,signalized_intersection,normal,day,Fine,447,30.0,1080,1920,test,test
videos/mD8Lu8KAoYc_00.mp4,t-bone,0,2.666666,40,0.5897034768688367,0.4504443000010455,0.5186223979289276,0.39814220392983557,0.6607845558087457,0.5027463960722555,Georgia,signalized_intersection,normal,day,Good,67,4.458333,720,1280,test,test
videos/J4QZ5vJy-3E_00.mp4,head-on,0,6.0,90,0.5366917400577601,0.37423090333883324,0.3392848381109014,0.25680935933139437,0.7340986420046188,0.49165244734627206,Georgia,signalized_intersection,normal,day,Excellent,297,29.416666,720,1280,test,test
videos/gACmlFi5x0A_00.mp4,single,0,3.733,55,0.4061581595281229,0.22279742897340774,0.39187877296374724,0.20139791963687134,0.42043754609249856,0.24419693830994413,Georgia,highway,rain,day,Poor,377,25.2,1080,1920,test,test
videos/Rsl5cRsKZQ8_00.mp4,rear-end,0,5.233,78,0.3877210053123087,0.7228900217892738,0.3545456977970566,0.6516293363829688,0.42089631282756074,0.7941507071955787,Georgia,highway,normal,day,Fine,232,15.5,1080,1584,test,test
videos/hQJqYD_MpRw_00.mp4,t-bone,0,4.75,71,0.7466435475533757,0.6902462687580544,0.4941626696899012,0.38904461943351953,0.9991244254168501,0.9914479180825891,Georgia,signalized_intersection,normal,day,Good,528,29.958,720,1280,test,test
videos/P74ieG--On8_00.mp4,single,0,4.634,70,0.8470318981521248,0.5665015244087697,0.8292598389654359,0.5323497693860876,0.8648039573388138,0.6006532794314516,Georgia,highway,normal,day,Fine,234,15.53,1080,2400,train,test
videos/oiF_zB8j6MM_00.mp4,single,0,7.233,108,0.23690643450141663,0.41126281753963334,0.22165894441560155,0.38778829299912904,0.25215392458723174,0.4347373420801376,Georgia,highway,normal,day,Poor,449,29.967,1080,1920,test,test
videos/-z1jK6UwRec_00.mp4,single,0,8.167,122,0.44793053865104027,0.2835162138942341,0.43317444334683347,0.2586794503221081,0.46268663395524706,0.30835297746636015,Georgia,highway,normal,day,Poor,448,29.917,720,960,test,test
videos/K4we-6FhePo_00.mp4,sideswipe,0,3.867,58,0.5813274707051836,0.7555952926961096,0.5156588373136174,0.6526746166463117,0.64699610409675,0.8585159687459076,Georgia,highway,normal,day,Poor,450,30.0,1080,1920,test,test
videos/dPXXrFXPqGc_00.mp4,sideswipe,0,2.333,20,0.730825441049743,0.737570001162476,0.6199089305241794,0.5808698324397896,0.8417419515753067,0.8942701698851622,Georgia,signalized_intersection,normal,day,Good,225,16.292,720,1280,test,test
videos/MXO-t9vukaM_00.mp4,t-bone,0,2.791666,41,0.3239218705102322,0.26357866078342884,0.29844245659305246,0.24610017739989196,0.3494012844274119,0.28105714416696576,Georgia,highway,rain,day,Fine,56,3.791666,720,1280,test,test
videos/dCV66Y9tV1s_00.mp4,single,0,6.034,90,0.3939870602162475,0.15708984211803173,0.3850934922733371,0.14546322458852193,0.40288062815915787,0.16871645964754153,Georgia,highway,rain,day,Very_Poor,410,27.367,1080,1920,test,test
videos/idAIp622PoY_00.mp4,single,0,3.433,43,0.32007968038301227,0.13621682788251702,0.308745917717317,0.11989432977221487,0.33141344304870746,0.15253932599281916,Georgia,tunnel,normal,night,Poor,323,25.0,1080,1920,test,test
videos/o51jfgj-KEA_00.mp4,t-bone,0,4.667,70,0.5451650613543163,0.8279458366394427,0.4014000605493261,0.6583371789252109,0.6889300621593065,0.9975544943536744,Georgia,signalized_intersection,normal,day,Good,449,29.917,720,1280,test,test
videos/Xdpsr1GVl4U_00.mp4,t-bone,0,5.708,85,0.6190388117721921,0.7795581928900118,0.4678939303284621,0.5703367544914154,0.7701836932159221,0.9887796312886082,Georgia,signalized_intersection,normal,night,Fine,415,30.042,720,1056,test,test
videos/-_J5xdxCZZU_00.mp4,t-bone,0,4.0,60,0.37992982451297075,0.37305450256261313,0.3298664653739015,0.3295369088099076,0.42999318365204003,0.41657209631531866,Georgia,signalized_intersection,normal,day,Poor,140,9.583333,720,1280,test,test
videos/aMOOElIYyiU_00.mp4,rear-end,0,3.083333,46,0.7088045950946413,0.6644516107540599,0.6416044871578833,0.5655817107807151,0.7760047030313995,0.7633215107274046,Georgia,highway,normal,day,Excellent,449,29.958333,720,1280,train,test
videos/oc1DL7vLskc_00.mp4,head-on,0,4.233,63,0.37724188091304334,0.9160081507496063,0.2967793094894672,0.8368433314675263,0.45770445233661944,0.9951729700316864,Georgia,signalized_intersection,normal,night,Poor,448,29.967,1080,1920,test,test
videos/Ej9_uEsIejA_00.mp4,t-bone,1,3.292,49,0.36524544044823865,0.39580849808424073,0.31079543996038317,0.3452880978763645,0.4196954409360941,0.44632889829211697,Georgia,signalized_intersection,normal,day,Fine,414,29.958,720,1280,test,test
videos/9j0swlmm6eg_00.mp4,single,0,2.7,40,0.20206696929650322,0.6723920933984417,0.16617236697409604,0.6200972430921096,0.2379615716189104,0.724686943704774,Georgia,highway,normal,night,Poor,449,29.967,1080,1920,test,test
videos/OcSiHrgFRNs_00.mp4,single,0,23.4,379,0.49467696150174917,0.540491238124951,0.3327526075429811,0.3687815591581486,0.6566013154605173,0.7122009170917535,World,city_street,normal,day,Fine,451,30.12,240,320,test,train
videos/6rWXOsN-MDM_00.mp4,sideswipe,0,19.64,491,0.48311757606409944,0.5057451503358258,0.3842819462560944,0.42498812601764163,0.5819532058721045,0.58650217465401,World,signalized_intersection,normal,day,Good,750,30.0,1080,1920,test,train
videos/FKB8WfghbV0_00.mp4,rear-end,1,4.433,66,0.37250683903623016,0.35549467747676,0.3133208908852457,0.3051875529726147,0.4316927871872146,0.4058018019809054,Virginia,signalized_intersection,normal,day,Poor,442,30.067,1080,1440,test,test
videos/Dupsb1RMpXM_00.mp4,rear-end,0,3.8,57,0.4493960820321302,0.5103392669101856,0.36088663216897837,0.4484004091116506,0.5379055318952821,0.5722781247087205,Virginia,highway,normal,night,Poor,339,23.0,1080,1620,train,test
videos/YWFPaOR1CZc_00.mp4,rear-end,0,2.8660000000000005,41,0.09154708911366692,0.6446789433227224,0.0006893948356411818,0.522679636984715,0.18240478339169267,0.7666782496607297,Tennessee,highway,normal,night,Very_Poor,368,24.666,1080,1440,test,test
videos/L821I_3rs6Y_00.mp4,single,0,3.867,53,0.6024817864119141,0.35519639898348343,0.5780826704239066,0.33677645323197325,0.6268809023999216,0.37361634473499356,Tennessee,highway,normal,night,Poor,328,25.533,1080,1620,train,test
videos/1hJlpaZsYa8_00.mp4,sideswipe,1,5.734,88,0.20450094400874919,0.2148133986589174,0.18046833094783526,0.19925853171177246,0.22853355706966308,0.23036826560606238,Virginia,signalized_intersection,normal,day,Poor,158,10.0,1080,1440,test,test
videos/J4EFIegLA-I_00.mp4,head-on,0,4.867,73,0.4607648205018542,0.37687180590373154,0.3313714774710366,0.2982297210132115,0.5901581635326718,0.4555138907942516,Virginia,signalized_intersection,normal,night,Poor,448,30.0,1080,1440,test,test
videos/fLdSFP_8PJ4_00.mp4,head-on,0,4.367,25,0.5242343826341127,0.6378390671406058,0.30479798227356864,0.5665398564998483,0.7436707829946567,0.7091382777813634,Virginia,signalized_intersection,normal,night,Fine,308,29.967,1080,1440,test,test
videos/knWz2A2w3Ts_00.mp4,t-bone,0,3.167,48,0.8941451834615588,0.8545763560817636,0.7882904573455713,0.7508672465568283,0.9999999095775461,0.958285465606699,Virginia,signalized_intersection,normal,day,Poor,450,29.967,1080,1440,test,test
videos/vWus0so2b0w_00.mp4,t-bone,0,7.667,215,0.6377127245370554,0.2800531140231764,0.2754254490741108,0.16069152580580773,1.0,0.39941470224054504,World,signalized_intersection,normal,day,Fine,519,18.633,480,564,test,train
videos/typL5MlQdQU_00.mp4,t-bone,0,10.7,213,0.8106074285269907,0.495436378638353,0.7555210413457877,0.4353564351862935,0.8656938157081938,0.5555163220904125,World,signalized_intersection,normal,night,Poor,595,30.0,1080,1920,test,train
videos/91JpOFnaiD4_00.mp4,head-on,0,2.583,38,0.6757686214969882,0.6730179002614132,0.5613279206915397,0.5699077870474175,0.7902093223024369,0.7761280134754088,Virginia,signalized_intersection,rain,night,Very_Poor,178,11.917,720,960,test,test
videos/Zt2cNzpQIZc_00.mp4,sideswipe,1,3.64,91,0.4091120375798061,0.3765123992244231,0.3006016009658143,0.1739589984019173,0.5176224741937978,0.5790658000469289,World,signalized_intersection,normal,day,Good,174,6.96,1080,1920,test,train
videos/1D0KxP4drTU_00.mp4,single,0,8.1081,187,0.5497392746497562,0.27638278778327663,0.4418389831215077,0.1774728523666886,0.6576395661780049,0.3752927231998647,World,city_street,snow,night,Excellent,326,13.947267,1080,1920,test,train
videos/5TdEe3ikbEM_00.mp4,sideswipe,0,4.9,121,0.19582280672493557,0.35712062132865563,0.127246859802398,0.30642582824833275,0.2643987536474731,0.40781541440897845,World,city_street,normal,day,Good,224,8.983333,1080,1920,test,train
videos/5TdEe3ikbEM_01.mp4,single,0,0.633334,16,0.7031820141585428,0.7705322188848882,0.6318548242925033,0.7175382132601167,0.7745092040245822,0.8235262245096596,World,highway,normal,day,Excellent,217,8.083333999999999,1080,1920,test,train
videos/zz0qZ-sSCbY_00.mp4,single,0,4.359999999999999,80,0.5403145555666504,0.5194036892763458,0.4308883388438201,0.40746490777548366,0.6497407722894807,0.6313424707772081,World,city_street,snow,day,Good,161,8.72,1080,1920,test,train
videos/CLxtkUlDwYs_00.mp4,sideswipe,0,10.071,147,0.6692656474254199,0.1858302537575936,0.6573379708064926,0.17153288842719233,0.6811933240443473,0.20012761908799487,Virginia,grade_separated_intersection,normal,day,Very_Poor,221,15.013,1080,2400,test,test
videos/D7D-zT4wxC4_00.mp4,sideswipe,0,3.333,50,0.5325395498608074,0.34814554688839255,0.5179423941777137,0.33112162241182147,0.5471367055439013,0.36516947136496364,Virginia,grade_separated_intersection,normal,night,Very_Poor,221,14.733,1080,1620,test,test
videos/S4pRVJ-We44_00.mp4,sideswipe,0,9.715,146,0.6742049567322217,0.7960151936432804,0.6430011061647385,0.7466035127938002,0.7054088072997049,0.8454268744927605,Virginia,highway,normal,night,Very_Poor,220,14.647,384,854,test,test
videos/mM1mhT8o578_00.mp4,sideswipe,0,4.333,64,0.633567195371898,0.5802775091733099,0.6127654502665009,0.545858891937468,0.6543689404772951,0.6146961264091518,Virginia,highway,normal,day,Poor,449,30.1,1080,1440,test,test
videos/Dum9n19ZHYk_00.mp4,rear-end,0,1.9139999999999997,29,0.5986364597443483,0.4599637775773603,0.5913699352910442,0.43857001300630594,0.6059029841976523,0.4813575421484147,Virginia,highway,normal,day,Very_Poor,217,14.446,1080,2400,test,test
videos/neRsGdCvROM_00.mp4,sideswipe,0,12.615,189,0.6414267309776163,0.3002145006063989,0.6268461188521042,0.2750383870209376,0.6560073431031282,0.3253906141918603,Virginia,highway,normal,day,Very_Poor,413,27.933,1080,2400,test,test
videos/QQ3MyzcyOL4_00.mp4,t-bone,0,5.1,76,0.4659930651870762,0.35296338977498826,0.37311211774137654,0.2859810938145439,0.5588740126327759,0.4199456857354326,Virginia,signalized_intersection,normal,night,Poor,373,25.233,1080,1584,test,test
videos/EEYAqpWdNAE_00.mp4,t-bone,0,2.0,30,0.688010147627634,0.23508259806968052,0.60502471707488,0.1581315209692952,0.770995578180388,0.3120336751700658,Virginia,signalized_intersection,normal,night,Poor,400,27.875,720,960,test,test
videos/Ex8VtDfLq8M_00.mp4,sideswipe,1,2.433,36,0.5914177697818097,0.38769311865623707,0.5749568322304232,0.3743227422021195,0.6078787073331964,0.40106349511035466,Virginia,highway,normal,day,Very_Poor,154,10.3,1080,1440,test,test
videos/OlkuOuXVfQ8_00.mp4,single,0,10.867,162,0.7175181727939184,0.1656433858989209,0.6842211914062502,0.12983699845679014,0.7508151541815866,0.20144977334105163,Iowa,highway,rain,day,Fine,432,30.0,1080,1920,test,test
videos/BFN3VYJ9ARs_00.mp4,rear-end,0,6.867,177,0.514265351769931,0.6503738665323097,0.43985846513275656,0.52086064386994,0.5886722384071056,0.7798870891946793,Iowa,highway,normal,day,Fine,601,25.333,1080,1920,test,test
videos/JmRMCNbbhOY_00.mp4,t-bone,0,6.8,141,0.4891150206489291,0.5622700262944885,0.4688982948103652,0.5405129087833593,0.5093317464874929,0.5840271438056177,Iowa,highway,snow,day,Fine,571,27.8,1080,1920,test,test
videos/iQbsvy9KGC8_00.mp4,sideswipe,0,7.533,113,0.20642250408898566,0.2804140337829868,0.17974327194201706,0.24166220776845268,0.2331017362359543,0.3191658597975209,Iowa,grade_separated_intersection,normal,day,Good,197,13.233,1080,1920,test,test
videos/-PpBteU0p3Q_00.mp4,single,0,3.292,49,0.548058448372652,0.22386014724720343,0.5238311364880299,0.20439980545690173,0.5722857602572741,0.24332048903750514,Iowa,highway,normal,day,Fine,449,29.958,720,1280,test,test
videos/ozCjkCKp6DQ_00.mp4,t-bone,1,7.133,63,0.5826379018257866,0.5031686286456791,0.5159931991098052,0.47556229895264635,0.6492826045417679,0.5307749583387119,Iowa,simple_intersection,normal,day,Fine,212,24.3,1080,1440,test,test
videos/oocg-wnFMDE_00.mp4,sideswipe,0,6.917,103,0.189238629677169,0.13970126859566906,0.17268018125019183,0.10373937459680156,0.20579707810414619,0.17566316259453657,Iowa,highway,normal,day,Poor,448,29.958,720,1280,test,test
videos/Zw3DbNY6ZpE_00.mp4,t-bone,1,5.267,60,0.4892767983939532,0.37878299319614867,0.4560080936008856,0.35453011932738576,0.5225455031870209,0.40303586706491157,Iowa,simple_intersection,normal,day,Poor,365,29.967,1080,1920,test,test
videos/g1vKgJ9RN8c_00.mp4,single,0,6.500000000000001,98,0.6287824397418184,0.3520498752329494,0.6154694655550504,0.32350223309772724,0.6420954139285863,0.38059751736817155,Iowa,highway,normal,day,Very_Poor,136,9.033999999999999,1080,1920,test,test
videos/NJvjYUBWAc0_00.mp4,single,0,6.154,89,0.6266104186228785,0.5066301569307288,0.6005403025146293,0.4639859865071969,0.6526805347311275,0.5492743273542607,Iowa,highway,normal,day,Fine,367,25.16,384,854,test,test
videos/CpBPz9n7_Rg_00.mp4,single,0,4.458,64,0.5260400442320396,0.5774188261811215,0.5049881968064,0.5365275269885371,0.5470918916576792,0.6183101253737059,Iowa,highway,normal,night,Fine,370,25.0,720,1280,train,test
videos/3wK_g1985p4_00.mp4,rear-end,0,10.7,154,0.47829657509244516,0.3226387617201431,0.44267619143398257,0.29076669128727967,0.5139169587509078,0.35451083215300655,Iowa,highway,normal,day,Fine,420,29.967,1080,1920,test,test
videos/AOlLjNQ2vu4_00.mp4,rear-end,0,7.375,110,0.7702645694704064,0.352429096832264,0.75822246812133,0.33775255432158924,0.782306670819483,0.3671056393429387,Iowa,highway,normal,night,Poor,446,29.917,720,1280,test,test
videos/3dIt2gBnS7o_00.mp4,rear-end,0,7.125,93,0.6655433483977047,0.6962108735905905,0.6399342334423456,0.6469558269755478,0.6911524633530637,0.7454659202056334,Iowa,highway,normal,day,Fine,266,23.75,720,1280,test,test
videos/w_4-UPeU_zc_00.mp4,single,0,8.049000000000001,113,0.38935867987451644,0.7330875537807534,0.37295591535964706,0.7040381076887671,0.4057614443893858,0.7621369998727398,Iowa,highway,normal,day,Poor,349,25.489,1080,2400,test,test
videos/Uf-KkS36dZg_00.mp4,single,0,4.083,61,0.3157005910720936,0.5887194149002073,0.2682895345116644,0.5432931622547181,0.36311164763252274,0.6341456675456963,Iowa,highway,normal,night,Very_Poor,109,7.292,720,1280,test,test
videos/IbJBE53NXZc_00.mp4,single,0,6.625,99,0.08442335271691709,0.6166836683613921,0.05375182080974715,0.5860134009262302,0.11509488462408701,0.6473539357965541,Iowa,highway,normal,night,Fine,144,10.083,720,1280,train,test
videos/W0qpYlyc-Ws_00.mp4,single,1,1.033,13,0.261632752872487,0.9650137630689601,0.22587430157021798,0.9324849268416197,0.297391204174756,0.9975425992963007,Iowa,highway,normal,day,Fine,390,29.933,1080,1920,test,test
videos/LI8ZZcRlFV8_00.mp4,sideswipe,0,1.125,17,0.6923203787437463,0.3103881909047539,0.6674465887341777,0.2941800305461348,0.7171941687533149,0.326596351263373,Iowa,highway,snow,night,Poor,75,5.083,720,1280,test,test
videos/9AnFK85qRjM_00.mp4,sideswipe,0,6.917,103,0.41521315282755367,0.27854624819948537,0.3860450084017439,0.2624722898280719,0.4443812972533635,0.2946202065708988,Iowa,highway,normal,day,Fine,138,9.25,720,1280,test,test
videos/0J5lP1YbTHc_00.mp4,single,0,3.3,46,0.7552794434078309,0.3422464355348073,0.7268136559178433,0.3182913374606476,0.7837452308978186,0.36620153360896707,Iowa,highway,normal,night,Poor,419,29.933,1080,1920,test,test
videos/zjHAkzyXOCg_00.mp4,single,0,4.767,67,0.5986960201779494,0.468798222798516,0.5864699210449819,0.4527635011762874,0.610922119310917,0.48483294442074465,Iowa,highway,rain,day,Poor,435,29.967,1080,1920,test,test
videos/lfQuoQHfc4k_00.mp4,sideswipe,0,2.767,41,0.6503218451928764,0.3050298718795367,0.6272063767599566,0.2801714915405087,0.6734373136257962,0.3298882522185646,Iowa,highway,normal,day,Poor,83,5.567,1080,1920,test,test
videos/JM2EUK2Odg8_00.mp4,single,0,1.0329999999999995,16,0.4619498794219301,0.30616273242951425,0.4507851337939554,0.2890836857431095,0.47311462504990487,0.323241779115919,Iowa,highway,normal,night,Fine,79,5.366,1080,1920,test,test
videos/oWLWFTK4QdU_00.mp4,single,0,5.633,141,0.6829186545787183,0.27343617343668947,0.661100144843141,0.256623546404591,0.7047371643142956,0.290248800468788,Iowa,highway,snow,night,Fine,242,9.667,1080,1920,test,test
videos/oWLWFTK4QdU_01.mp4,sideswipe,0,7.699999999999999,193,0.8267802510224285,0.22589645338279252,0.81457981546099,0.20845144481570654,0.8389806865838668,0.24334146194987852,Iowa,highway,snow,night,Fine,255,10.2,1080,1920,test,test
videos/oWLWFTK4QdU_02.mp4,single,0,1.466000000000001,38,0.8441979297312603,0.3184435517423694,0.8329583563872929,0.29786599838623407,0.8554375030752277,0.3390211050985047,Iowa,highway,snow,night,Fine,187,7.433,1080,1920,test,test
videos/WyJmpozauFo_00.mp4,single,0,3.6,53,0.5330819514017455,0.2594864414874766,0.50989441635317,0.2424165744561513,0.5562694864503209,0.276556308518802,Iowa,highway,normal,day,Poor,108,7.267,1080,1584,test,test
videos/fbkRjY737QE_00.mp4,single,0,3.833,57,0.4515384796612151,0.35390874030279695,0.43894865791669135,0.3426743004844748,0.46412830140573885,0.36514318012111907,Iowa,highway,normal,day,Poor,449,29.958,720,1280,test,test
videos/XOIVTT7Fn9U_00.mp4,single,0,5.625,84,0.5461385656447568,0.3069489650799613,0.5327168262555919,0.2918284891476745,0.5595603050339217,0.3220694410122481,Iowa,highway,normal,day,Very_Poor,347,29.958,720,1280,test,test
videos/5ZHUJ6AwHGA_00.mp4,single,0,6.042,90,0.08982480387503007,0.444773339499544,0.04084786195586124,0.40765541707378616,0.1388017457941989,0.4818912619253019,Iowa,highway,snow,night,Poor,224,15.125,720,1280,test,test
videos/vrkLno9PSfU_00.mp4,single,0,5.333,79,0.4857353555725033,0.18130073054732387,0.44023402719395033,0.1473313484726257,0.5312366839510563,0.2152701126220221,Iowa,grade_separated_intersection,normal,day,Fine,449,30.0,1080,1920,test,test
videos/Vtp5G_Z5BZQ_00.mp4,single,0,3.067,41,0.1412279590117641,0.29679694825591907,0.09265462793422077,0.2554535979297231,0.1898012900893074,0.33814029858211503,Iowa,grade_separated_intersection,rain,night,Poor,86,6.2,1080,1920,test,test
videos/Vtp5G_Z5BZQ_01.mp4,single,0,1.9669999999999996,27,0.2652169169019917,0.5367799401338473,0.17767281748975405,0.38905949662129286,0.35276101631422924,0.6845003836464019,Iowa,grade_separated_intersection,rain,night,Poor,64,4.5329999999999995,1080,1920,test,test
videos/mRbMWblAmzo_00.mp4,single,0,8.64,215,0.7564768029295853,0.5495585801224998,0.6609583304693601,0.4157125607545244,0.8519952753898105,0.6834045994904753,Iowa,highway,rain,night,Excellent,748,29.96,1080,1920,test,test
videos/3Gc1wi2Qp4g_00.mp4,single,0,6.333,40,0.8549825014629302,0.20523334517891073,0.8158988608606161,0.1712547048963149,0.8940661420652443,0.23921198546150654,Iowa,highway,snow,day,Poor,195,29.967,1080,1920,test,test
videos/cF1M5Rhn8Zs_00.mp4,single,0,3.4,50,0.32299328548483197,0.23444640351478713,0.3024955265108212,0.21307076262894245,0.3434910444588427,0.25582204440063183,Iowa,highway,normal,night,Very_Poor,133,9.033,1080,1920,test,test
videos/rDkG2tN8W8o_00.mp4,single,0,9.789473999999998,145,0.3689388448241953,0.4112505387261065,0.3552544503053526,0.39286964776216377,0.38262323934303805,0.4296314296900492,Virginia,highway,rain,day,Very_Poor,381,25.452631999999998,384,854,test,test
videos/hHLYbcQzL0U_00.mp4,single,0,5.708,85,0.7258005530966658,0.24693997811388085,0.702311866150962,0.22861220483426695,0.7492892400423695,0.2652677513934948,Virginia,highway,normal,day,Poor,118,7.875,720,960,train,test
videos/F8PPMv46IQk_00.mp4,sideswipe,1,9.367,190,0.5562264089885955,0.06364399355518119,0.4046100196886783,0.0,0.7078427982885127,0.12728798711036238,World,city_street,normal,day,Good,340,16.467,1080,1920,test,train
videos/p-Tdocrz9HI_00.mp4,single,0,14.5,217,0.4794945273824641,0.6013703521893028,0.4484319096185045,0.5827276728856023,0.5105571451464237,0.6200130314930031,Kansas,highway,snow,night,Fine,386,25.767,1080,1920,test,test
videos/kUsZnGYhevs_00.mp4,rear-end,0,4.767,71,0.20897468275817438,0.30807834960328645,0.2013194444444448,0.2919936945408951,0.21662992107190399,0.3241630046656778,Kansas,highway,normal,day,Poor,79,5.3,1080,1920,test,test
videos/9P_vAk9ZExI_00.mp4,single,1,2.533,37,0.5976512555189647,0.4160659655719372,0.5683512178445562,0.38621501977585254,0.6269512931933732,0.4459169113680218,Kansas,grade_separated_intersection,normal,night,Fine,449,30.033,1080,1920,test,test
videos/vtXjJLurYMY_00.mp4,t-bone,0,5.5,82,0.5156865747882052,0.45724178066180754,0.48837716511657664,0.4218469099406107,0.5429959844598339,0.4926366513830044,Kansas,grade_separated_intersection,normal,day,Fine,298,19.9,1080,1920,test,test
videos/UCNyjybsbiU_00.mp4,single,0,2.5,37,0.3298815148030897,0.6507390918986473,0.22835409407831547,0.5729584354118608,0.43140893552786397,0.7285197483854338,Kansas,grade_separated_intersection,normal,day,Good,381,25.433333,1080,1920,train,test
videos/x7yDzEf3TxM_00.mp4,single,0,4.833,72,0.45893741038214575,0.567700783921118,0.4352507542730576,0.5434637702519012,0.48262406649123385,0.5919377975903348,Kansas,grade_separated_intersection,rain,day,Fine,449,29.967,1080,1920,test,test
videos/BGXx55xRiic_00.mp4,sideswipe,0,5.767,86,0.21671560107915883,0.405883277468302,0.19987242343224557,0.38688764958918975,0.23355877872607209,0.4248789053474142,Kansas,highway,normal,day,Fine,449,29.967,1080,1920,test,test
videos/jsh--BYn0pc_00.mp4,single,0,6.133,92,0.7742851163485956,0.5823312847926636,0.7446781094926721,0.5591793633701698,0.8038921232045192,0.6054832062151575,Kansas,highway,snow,day,Good,173,11.533000000000001,1080,1920,test,test
videos/ggSUG42G9YE_00.mp4,single,1,2.633,39,0.4874856564778721,0.8100856314949632,0.4429255652546791,0.7748327620650085,0.5320457477010652,0.8453385009249179,Kansas,highway,normal,day,Fine,450,29.967,1080,1920,test,test
videos/qCDsyJKE1MA_00.mp4,rear-end,0,5.267,78,0.4484613745798283,0.5923269210196804,0.3821823042213175,0.5408809227525114,0.5147404449383391,0.6437729192868494,Kansas,highway,normal,night,Fine,449,30.0,1080,1920,test,test
videos/AjhYRdkLdRc_00.mp4,rear-end,0,2.6999999999999997,40,0.4229915953304754,0.3829555332639184,0.3962795533550099,0.3592768294505125,0.44970363730594093,0.4066342370773243,Kansas,highway,normal,day,Fine,393,26.233999999999998,1080,1920,test,test
videos/nHKTuIJZA1U_00.mp4,single,0,3.2910000000000004,49,0.8270723062953818,0.30115191082155457,0.8208814898867687,0.2919840334755278,0.8332631227039948,0.31031978816758127,Kansas,grade_separated_intersection,normal,day,Poor,87,5.875,720,1280,test,test
videos/nKz4V0ajOgc_00.mp4,rear-end,0,9.917,148,0.2571459276646157,0.5348335401832435,0.23136975950154884,0.4871992904907007,0.2829220958276826,0.5824677898757862,Kansas,highway,normal,night,Poor,449,29.958,720,1280,test,test
videos/N8kPF4qITIM_00.mp4,rear-end,0,4.833333,72,0.6583084078180652,0.4900353288104068,0.6443246840011934,0.4728794879885678,0.6722921316349371,0.5071911696322458,Kansas,highway,normal,night,Poor,283,18.916666,720,1280,test,test
videos/xwp9G0TuTUk_00.mp4,single,0,7.167,107,0.5104411385092924,0.49895880736709264,0.49175847995240674,0.47624318196733467,0.5291237970661781,0.5216744327668505,Kansas,highway,snow,night,Poor,449,29.967,1080,1920,test,test
videos/uGvzo8mRSSo_00.mp4,single,0,4.4,84,0.481113224000141,0.6153781798915843,0.4703624585290255,0.599037236924015,0.4918639894712565,0.6317191228591537,Kansas,grade_separated_intersection,normal,night,Poor,567,30.0,1080,1920,test,test
videos/Ov8CuX37yeo_00.mp4,single,0,4.067,122,0.3390439777751624,0.35295065298368467,0.32722778533279523,0.3383139591390666,0.3508601702175295,0.3675873468283027,Kansas,highway,normal,day,Fine,656,21.867,1080,1920,test,test
videos/1yWbvi0K6Eg_00.mp4,single,0,3.583,53,0.4260444073473122,0.7020305954195856,0.39612602255695323,0.6790816309234077,0.45596279213767116,0.7249795599157635,Kansas,grade_separated_intersection,rain,night,Poor,273,18.25,720,1280,test,test
videos/EyZo7F2P35A_00.mp4,single,0,4.567,68,0.20574749050017577,0.3417448070089828,0.18697355871806626,0.32420064419390576,0.22452142228228525,0.35928896982405983,Kansas,highway,rain,day,Good,449,29.967,1080,1920,test,test
videos/yTkouPWrmpU_00.mp4,single,0,2.0000000000000004,30,0.6367416709396883,0.41815989262199094,0.615740362349012,0.40281195486157084,0.6577429795303645,0.433507830382411,Kansas,highway,rain,day,Fine,408,27.2,1080,1920,test,test
videos/pnV5RLCskPI_00.mp4,single,0,5.0,74,0.7706338260522885,0.7149725840798915,0.7481129407485595,0.6994394647080944,0.7931547113560176,0.7305057034516885,Kansas,highway,snow,night,Fine,449,30.0,1080,1920,test,test
videos/x4jVejiZNsI_00.mp4,single,0,1.733,26,0.6676961105107496,0.6480904361011055,0.6244130778646634,0.6143145871102981,0.7109791431568359,0.6818662850919129,Kansas,grade_separated_intersection,snow,day,Fine,450,30.0,1080,1920,test,test
videos/_Etcfb7cUH8_00.mp4,t-bone,0,7.667,115,0.4180381307639277,0.686301108137529,0.37147823099423694,0.6495270165168736,0.46459803053361853,0.7230751997581845,Kansas,grade_separated_intersection,normal,day,Fine,449,29.958,720,1280,test,test
videos/SWAI7FYPhjc_00.mp4,single,0,3.625,48,0.49522646296822026,0.5939641326691256,0.47119679529607766,0.5757109162325773,0.5192561306403628,0.6122173491056738,Kansas,grade_separated_intersection,rain,night,Poor,414,29.958,720,1280,test,test
videos/GI1-kjZaEWM_00.mp4,single,0,6.866667,103,0.7398662744696936,0.3828300527126121,0.7155398056109953,0.36877293403862,0.7641927433283917,0.39688717138660423,Kansas,highway,snow,night,Good,375,25.6,1080,1920,test,test
videos/5mrzzNJQOug_00.mp4,single,1,2.366667,35,0.5018862841646032,0.7246213598449927,0.4828397335407551,0.7078615894706812,0.5209328347884514,0.7413811302193041,Kansas,grade_separated_intersection,snow,night,Poor,449,29.966667,1080,1920,test,test
videos/ue2PvUTPXTs_00.mp4,rear-end,0,4.042,60,0.33274267028763704,0.5925067816775671,0.3055127676465418,0.5677860790242667,0.35997257292873236,0.6172274843308675,Kansas,highway,normal,day,Fine,309,20.625,720,1280,test,test
videos/FOPldt8txP4_00.mp4,single,0,6.067,91,0.4181594379512925,0.7095610136215154,0.3749756182488154,0.658219164056975,0.46134325765376966,0.7609028631860557,Kansas,grade_separated_intersection,rain,day,Good,450,30.0,1080,1920,test,test
videos/FDjxbPaxmho_00.mp4,single,0,5.433,81,0.5146188060240066,0.45347243496362155,0.48511671595225797,0.43275665462480994,0.5441208960957552,0.47418821530243316,Kansas,highway,snow,night,Fine,449,29.967,1080,1920,test,test
videos/SH93O7eHV08_00.mp4,single,0,11.228,166,0.7185218290191171,0.5713641015744011,0.6832885066739445,0.5293171620326701,0.7537551513642896,0.6134110411161322,Kansas,grade_separated_intersection,normal,night,Fine,293,20.291,480,854,test,test
videos/MvV_hkztDqE_00.mp4,t-bone,0,7.208,108,0.33275362532512764,0.40621511909722796,0.3098531917205619,0.38015094236868324,0.35565405892969343,0.4322792958257727,Kansas,highway,normal,day,Good,449,29.917,720,1280,test,test
videos/HGediRhCK14_00.mp4,rear-end,0,5.433,83,0.45740195342785595,0.5464211969815114,0.42220641911630735,0.5085349139748135,0.4925974877394045,0.5843074799882091,Kansas,highway,normal,night,Fine,400,25.833,1080,1920,test,test
videos/2IY6PpDm85k_00.mp4,t-bone,1,1.5419999999999998,24,0.288516630134059,0.9564706971999136,0.2158517325785482,0.9129413943998272,0.36118152768956974,1.0,Kansas,signalized_intersection,normal,night,Fine,317,21.084000000000003,720,1280,test,test
videos/Th2EbZpLkrk_00.mp4,rear-end,0,6.534000000000001,98,0.7147255086442812,0.3788666327843503,0.6897053339404888,0.34496269455342954,0.7397456833480736,0.412770571015271,Kansas,highway,normal,day,Fine,450,25.567,1080,1920,test,test
videos/5ZYWhoVVLGI_00.mp4,single,0,8.433,126,0.47867290465758494,0.39624059812062545,0.45444172388295734,0.3755776867223305,0.5029040854322125,0.4169035095189204,Kansas,highway,normal,day,Fine,380,25.367,1080,1920,test,test
videos/IrdhgFvZE1Y_00.mp4,single,0,3.933,58,0.42551292967047233,0.5074721902324447,0.3744098829628131,0.4661417745780359,0.4766159763781316,0.5488026058868535,Kansas,highway,snow,night,Poor,134,9.0,1080,1920,test,test
videos/0Kh7K1ftejg_00.mp4,single,0,0.6000000000000001,9,0.5411186329414277,0.572571585425709,0.5309457637292421,0.5604678804181659,0.5512915021536132,0.584675290433252,Kansas,highway,normal,day,Fine,35,2.3329999999999997,1080,1920,test,test
videos/qdHRfSReZ0w_00.mp4,single,0,2.634,38,0.4392044476898614,0.35590749071468536,0.42394693566065295,0.34264010338954926,0.45446195971906983,0.36917487803982146,Kansas,grade_separated_intersection,rain,night,Poor,104,7.033999999999999,1080,1920,test,test
videos/0sxbjc7SAZA_00.mp4,single,0,5.433,81,0.279975440980211,0.47058754199986597,0.265510569882896,0.4599384950524668,0.294440312077526,0.48123658894726506,Kansas,grade_separated_intersection,rain,day,Fine,449,29.967,1080,1920,test,test
videos/egyW5DsK8BQ_00.mp4,single,0,3.917,57,0.2641414555465545,0.5584102733992449,0.24560772173279352,0.536565824614535,0.28267518936031544,0.5802547221839547,Louisiana,highway,normal,night,Poor,189,12.792,720,1280,test,test
videos/A6Ut8jw-oLs_00.mp4,t-bone,0,4.416666,65,0.9414246544788336,0.44609687679110055,0.8828495354553174,0.37138441690434926,0.9999997735023498,0.5208093366778519,Louisiana,signalized_intersection,normal,day,Good,447,29.958333,720,1280,test,test
videos/6Xd4Xk76ylQ_00.mp4,sideswipe,0,1.833333,27,0.3915151113213384,0.8931830075505416,0.3368383269352327,0.8234264021557061,0.4461918957074442,0.9629396129453771,Louisiana,grade_separated_intersection,normal,day,Good,449,29.958333,720,1056,test,test
videos/Qbgh3C8ew2o_00.mp4,t-bone,0,5.271933,79,0.374608842717291,0.5661271212057108,0.3049422902681951,0.49804549392972347,0.4442753951663869,0.6342087484816982,Louisiana,signalized_intersection,normal,night,Good,449,29.963267000000002,240,352,test,test
videos/P7BOK9E4kS8_00.mp4,sideswipe,0,6.958333,104,0.353150887659828,0.5109029106711112,0.32084098308730474,0.46798666262588656,0.38546079223235125,0.5538191587163358,Louisiana,highway,normal,day,Good,449,29.958333,720,1056,train,test
videos/Cu3dl1ABN2k_00.mp4,head-on,0,3.7541900000000004,56,0.4578681351003075,0.6781056968105392,0.2634815091652637,0.506162668784019,0.6522547610353513,0.8500487248370594,Louisiana,signalized_intersection,normal,day,Good,342,24.0,240,352,test,test
videos/ed96OpSybeQ_00.mp4,t-bone,0,6.740067,100,0.43996310707319275,0.7970468616640536,0.2824709520627294,0.6548818630285117,0.5974552620836562,0.9392118602995955,Louisiana,signalized_intersection,normal,day,Fine,446,30.2302,240,352,test,test
videos/W1YnYuUFxwg_00.mp4,t-bone,0,7.125,106,0.39999692380244556,0.4456930158012815,0.31440806821446204,0.3832311763175152,0.485585779390429,0.5081548552850479,Louisiana,signalized_intersection,normal,day,Good,387,29.958333,720,1056,test,test
videos/MQI5ApNNZPI_00.mp4,rear-end,0,3.743733,112,0.30024664865313183,0.5573865615890958,0.21785131818668524,0.48033412422212723,0.3826419791195784,0.6344389989560644,Louisiana,highway,normal,day,Fine,855,30.050139,480,640,test,test
videos/k9lZ453AVO8_00.mp4,rear-end,0,4.25,64,0.7931327206039371,0.8240588507905575,0.7434637537171821,0.7427288356845515,0.8428016874906922,0.9053888658965636,Louisiana,signalized_intersection,normal,night,Fine,398,26.75,720,1056,test,test
videos/JDc09Tn1tR8_00.mp4,rear-end,0,4.25,63,0.36707928169996673,0.6864386030576322,0.34567905043750424,0.6550748447977311,0.3884795129624292,0.717802361317533,Louisiana,highway,normal,day,Poor,448,29.917,720,1056,test,test
videos/a3T2DygvH4w_00.mp4,single,0,5.167,77,0.9042451891478587,0.5893684555254932,0.8491249038190896,0.5551977906551134,0.9593654744766278,0.623539120395873,Louisiana,grade_separated_intersection,normal,day,Poor,449,29.958,720,1280,test,test
videos/7KAkcOyPqkw_00.mp4,single,0,5.5,82,0.47753022531513145,0.3905328924429653,0.45326696878609596,0.3742044282125116,0.5017934818441669,0.406861356673419,Louisiana,highway,normal,night,Poor,109,7.292,720,1280,test,test
videos/2UWHJTklurQ_00.mp4,single,0,1.583,24,0.49365990001931503,0.4704842200272247,0.47168502982770805,0.4454261359655633,0.515634770210922,0.49554230408888605,Louisiana,grade_separated_intersection,normal,night,Poor,169,11.667,720,1056,test,test
videos/i09Z9tesnac_00.mp4,single,0,3.208,47,0.6847111758337159,0.5253444033417201,0.6657889990620757,0.5007260935619107,0.703633352605356,0.5499627131215296,Louisiana,highway,normal,day,Poor,447,29.917,720,1056,test,test
videos/T5396f4sJ5w_00.mp4,rear-end,0,12.25,129,0.5443079206076539,0.5565473034646777,0.5305318630704976,0.5419031509646663,0.5580839781448101,0.5711914559646891,Louisiana,highway,normal,day,Poor,172,16.083,720,1056,test,test
videos/r_Ca7EkJDdg_00.mp4,single,0,4.375,65,0.4487661073719383,0.29469514582738154,0.4310000085799604,0.2823027426087669,0.46653220616391616,0.3070875490459962,Louisiana,highway,rain,day,Fine,176,11.791666,720,1056,test,test
videos/8j-qfY6_Bxg_00.mp4,sideswipe,0,3.958333,59,0.18382029712900033,0.38559178675367367,0.09644312330089744,0.253361669493364,0.2711974709571032,0.5178219040139833,Louisiana,signalized_intersection,normal,night,Fine,199,13.291666,720,1056,test,test
videos/iKpoAkiKqjw_00.mp4,single,0,2.766666,34,0.4341447843566333,0.5058576971178717,0.4199830723566382,0.49470658739676615,0.44830649635662845,0.5170088068389771,Louisiana,highway,normal,day,Excellent,60,4.5,1080,1920,test,test
videos/OdgIl355A80_00.mp4,rear-end,0,4.583333,69,0.3457458512721976,0.4343485061608059,0.25674876015958004,0.3720176462077427,0.4347429423848152,0.4966793661138691,Louisiana,highway,normal,night,Good,106,7.041666,720,1056,train,test
videos/hAaMPL2ieyE_00.mp4,single,0,2.625,39,0.11336172462480718,0.5941341708216143,0.07682553950500619,0.5556432983968821,0.14989790974460818,0.6326250432463465,Louisiana,highway,normal,day,Poor,447,29.917,720,1280,test,test
videos/9KTcbXYyzWI_00.mp4,single,0,4.833333,72,0.4406181154428906,0.2831160627909298,0.42430362810263617,0.2718098046001564,0.456932602783145,0.2944223209817033,Louisiana,grade_separated_intersection,normal,night,Poor,448,29.916666,720,1056,test,test
videos/4RAe_LEFTTU_00.mp4,single,1,9.25,138,0.3468676891958463,0.527489972743439,0.3095539119403062,0.5072635319317551,0.3841814664513865,0.5477164135551229,Louisiana,highway,normal,day,Poor,446,29.958333,720,960,test,test
videos/gnyMlVu3LzY_00.mp4,sideswipe,1,1.3330000000000002,20,0.39126039408027125,0.34724311980521716,0.3708824084151458,0.3171798902933822,0.41163837974539663,0.37730634931705215,Louisiana,highway,normal,day,Poor,404,26.958,720,1056,test,test
videos/vPWarRX_sVI_00.mp4,single,0,8.0,120,0.5748992622097572,0.3209963340816515,0.5623025507682184,0.3052394130419661,0.5874959736512959,0.3367532551213369,Louisiana,highway,normal,night,Poor,449,29.958333,720,1056,test,test
videos/ntjBOrqvD6Q_00.mp4,single,0,4.166666,125,0.7529841120761369,0.347537792132968,0.7086568731179863,0.3223251881699037,0.7973113510342874,0.3727503960960323,Louisiana,highway,rain,day,Poor,899,29.966666,720,1056,test,test
videos/_5e--tkpUck_00.mp4,sideswipe,0,4.0,59,0.3792995946598714,0.7131746887801662,0.33201336077641513,0.6569024950059117,0.42658582854332766,0.7694468825544206,Louisiana,highway,normal,day,Fine,447,29.958,720,1056,test,test
videos/xsX4nrMR0ds_00.mp4,single,1,8.667,127,0.609562865636463,0.2924036422195959,0.5812224809891748,0.2731069467785885,0.6379032502837512,0.3117003376606034,Louisiana,highway,snow,day,Poor,402,29.958,720,1056,test,test
videos/3oxYxwfTwro_00.mp4,t-bone,1,3.36,82,0.5224957701354864,0.38425657986034656,0.3887003658231094,0.28494533219037266,0.6562911744478634,0.48356782753032046,World,signalized_intersection,normal,day,Fine,156,6.32,480,656,test,train
videos/6yQNWmpmUPk_00.mp4,sideswipe,0,9.0,252,0.6673649162248138,0.49751237205932936,0.6441062790908735,0.4736348976088878,0.690623553358754,0.5213898465097709,Maryland,highway,normal,day,Poor,871,29.666999999999998,1080,2400,test,test
videos/J19P9fWUj2U_00.mp4,sideswipe,0,6.583,99,0.33729491511218535,0.5360554589688377,0.2635454159293328,0.43572151853106195,0.41104441429503785,0.6363893994066134,Maryland,highway,rain,day,Poor,449,29.917,720,1056,test,test
videos/8ZzJdjQi-aM_00.mp4,rear-end,0,6.24138,173,0.2571493372102032,0.49652285387241035,0.22888527038929155,0.4671739515785214,0.28541340403111487,0.5258717561662993,Maryland,highway,normal,day,Fine,210,7.620690000000001,720,960,test,test
videos/vqIPnFuQ22c_00.mp4,rear-end,0,4.267,128,0.5059851141947422,0.5401477702296116,0.4662618482661502,0.436880859500636,0.5457083801233343,0.6434146809585871,Maryland,highway,snow,day,Poor,900,30.0,1080,1440,test,test
videos/yD3Q70U-bD4_00.mp4,single,0,2.766666,83,0.8470395031461746,0.5241472981174604,0.8230765138717743,0.5096230289394027,0.8710024924205748,0.5386715672955182,Virginia,grade_separated_intersection,normal,night,Very_Poor,897,29.966666,720,960,test,test
videos/RokQ01Hx_Fg_00.mp4,sideswipe,0,4.267,127,0.7878949265762903,0.4912054358022706,0.7632136255836044,0.43928022554209406,0.8125762275689763,0.5431306460624472,Maryland,highway,normal,day,Poor,898,29.967,720,960,test,test
videos/6fIB4cD0IrE_00.mp4,rear-end,0,3.8000000000000007,114,0.5789415612972312,0.6822562918398123,0.5264030079171063,0.6387045353264722,0.6314801146773561,0.7258080483531525,Maryland,highway,normal,night,Poor,766,25.534,720,960,test,test
videos/yWyxEWTof1A_00.mp4,rear-end,0,2.0329999999999995,41,0.17964836623079666,0.3853794382645131,0.15846921735692315,0.3617551398576889,0.2008275151046702,0.40900373667133727,Maryland,highway,normal,night,Very_Poor,469,21.0,720,960,test,test
videos/_Bm8NYVbTN4_00.mp4,sideswipe,0,4.667,70,0.5829734185573787,0.4759085809235688,0.554261365165696,0.4508491236305838,0.6116854719490614,0.5009680382165538,Maryland,highway,normal,day,Very_Poor,448,29.958,720,1056,test,test
videos/coukijt9MpI_00.mp4,sideswipe,0,0.6329999999999991,19,0.38067605051487086,0.40841411396876776,0.3581188908965499,0.3933185309263317,0.40323321013319174,0.42350969701120383,Maryland,highway,normal,day,Poor,644,21.467,720,960,test,test
videos/kgfitHjT3cs_00.mp4,rear-end,0,6.458,96,0.3498810438438187,0.8162259317920665,0.22019209593693603,0.6708554121740311,0.4795699917507013,0.9615964514101019,Maryland,highway,normal,day,Poor,444,29.917,720,1056,test,test
videos/jopSKVpAIos_00.mp4,rear-end,0,4.542,68,0.8233670779813497,0.8135608767608784,0.6467341559626993,0.6754093500791921,1.0,0.9517124034425647,Maryland,highway,normal,day,Poor,436,29.875,720,1056,test,test
videos/QrKQoabj12w_00.mp4,sideswipe,1,5.375,80,0.7592446057457942,0.4786180408548826,0.7059373763943149,0.458633290608157,0.8125518350972736,0.4986027911016082,Maryland,highway,normal,day,Poor,449,29.958,720,960,test,test
videos/neosg71VJkY_00.mp4,rear-end,0,4.9,64,0.37175159782318523,0.5336899585222952,0.3408178894910781,0.5080531601436167,0.4026853061552923,0.5593267569009736,Maryland,highway,rain,day,Poor,393,30.1,1080,1440,test,test
videos/5uh8-3q51uI_00.mp4,rear-end,0,5.866666,176,0.16253942998256213,0.5411471057960684,0.12443496090429877,0.492673855567837,0.2006438990608255,0.5896203560242999,Maryland,highway,normal,day,Fine,899,29.966666,720,960,test,test
videos/udxjyNtNiV4_00.mp4,single,0,2.833,85,0.21216357114587842,0.8433102174599971,0.15791343811899436,0.808336962036513,0.26641370417276244,0.8782834728834814,Maryland,highway,rain,day,Very_Poor,899,29.967,720,960,test,test
videos/cZkJ009T8mU_00.mp4,t-bone,0,4.266666000000001,128,0.7166368334686402,0.4435187758760351,0.6857678988878421,0.42324471390590035,0.7475057680494381,0.46379283784616987,Maryland,highway,rain,day,Poor,899,29.966666,720,960,test,test
videos/DZBg6CcIi6Y_00.mp4,single,0,18.5,555,0.24112670425432303,0.51493552443167,0.22946154268075816,0.5011174944830027,0.25279186582788793,0.5287535543803372,Maryland,grade_separated_intersection,normal,day,Poor,900,30.066667,1080,1440,test,test
videos/cYwpWiiwZro_00.mp4,single,0,5.4,161,0.7963698582418312,0.6766083920339436,0.7126567322530865,0.6007716049382716,0.8800829842305758,0.7524451791296155,Maryland,city_street,normal,night,Good,899,30.0,1080,1620,test,test
videos/wQ0jtlL3tbA_00.mp4,single,0,2.5999999999999996,77,0.6010035003074623,0.7405778399427777,0.5646098224733004,0.7125657584939601,0.6373971781416243,0.7685899213915953,Maryland,highway,normal,day,Poor,898,29.966666,720,960,test,test
videos/aw8RbjIaKKA_00.mp4,single,0,15.667,470,0.6207756114688967,0.7615538167000617,0.5732529085993889,0.7282668558424675,0.6682983143384045,0.7948407775576559,Maryland,highway,normal,night,Very_Poor,900,30.0,480,640,test,test
videos/NXGMpjaYFsw_00.mp4,single,1,7.1,212,0.46086116356548024,0.4809032392329321,0.4185370977904452,0.44224202260915835,0.5031852293405153,0.5195644558567059,Maryland,highway,normal,day,Poor,898,29.967,720,960,test,test
videos/iAsAPYpjkS8_00.mp4,single,0,2.733,81,0.8142619828120211,0.9540446520196909,0.7750243514973079,0.9096453495160159,0.8534996141267344,0.9984439545233659,Maryland,highway,normal,night,Very_Poor,874,29.967,720,960,test,test
videos/y7FiOf3tpnk_00.mp4,single,0,10.625,159,0.7258760423460886,0.37286086285279857,0.7053584260395681,0.35947754341695043,0.7463936586526092,0.3862441822886467,Maryland,highway,normal,day,Poor,430,29.875,720,1056,test,test
videos/l1_qLRlQw8U_00.mp4,single,1,7.708,78,0.1679034691637393,0.5127704872262047,0.14818744118460297,0.49569069833356416,0.18761949714287562,0.529850276118845,Virginia,highway,normal,night,Very_Poor,300,29.875,720,960,test,test
videos/iKor62WhYgc_00.mp4,t-bone,0,3.417,51,0.25946427371063185,0.728809635184667,0.0026738867941288745,0.5105473586698904,0.5162546606271349,0.9470719116994436,Virginia,signalized_intersection,normal,day,Fine,306,29.958,720,960,test,test
videos/5GV2ouD2_hA_00.mp4,t-bone,0,11.086,167,0.4506572339236954,0.33964571036071123,0.4420908973717622,0.32501339453701694,0.45922357047562856,0.35427802618440546,Virginia,highway,normal,night,Very_Poor,341,29.387999999999998,1080,2400,test,test
videos/k88wOc1q7kI_00.mp4,t-bone,0,6.708,101,0.5868617084270176,0.3455750421677294,0.4667014036555871,0.28034981722054775,0.7070220131984482,0.4108002671149111,Virginia,signalized_intersection,normal,day,Poor,357,29.833,720,960,test,test
videos/42g5gRbzYhY_00.mp4,single,0,7.3666670000000005,221,0.04749973912554438,0.7829074858331165,0.0002274850174845922,0.7285369696926569,0.09477199323360416,0.8372780019735762,Unknown,grade_separated_intersection,snow,day,Fine,293,9.766667,720,1080,test,train
videos/42g5gRbzYhY_01.mp4,single,0,4.733333,142,0.23557913044606654,0.5665926536099753,0.21676667792694276,0.534380188259937,0.2543915829651903,0.5988051189600136,Unknown,grade_separated_intersection,snow,day,Fine,284,9.466667,720,1080,test,train
videos/x8GY43DccAs_00.mp4,sideswipe,0,9.767,293,0.4447655326069506,0.36180720180712533,0.4213035438974611,0.3314122723044635,0.4682275213164401,0.3922021313097872,Minnesota,highway,normal,day,Fine,618,20.6,384,854,test,test
videos/unTKXNwIN1A_00.mp4,sideswipe,0,1.967,58,0.8703622201636988,0.48952392555681323,0.813750471627271,0.4467554565638676,0.9269739687001266,0.5322923945497589,Minnesota,grade_separated_intersection,normal,day,Fine,772,25.767,1080,1620,test,test
videos/oGQRRhrK2LA_00.mp4,sideswipe,0,3.7,111,0.60325668748613,0.3257152921423554,0.5856344954468353,0.31260710974539047,0.6208788795254246,0.33882347453932027,Minnesota,signalized_intersection,normal,day,Poor,469,15.633,1080,1620,test,test
videos/SA_ZC0qlqdg_00.mp4,sideswipe,0,5.7,128,0.9284729157323005,0.5305664468721334,0.856945831464601,0.4113665423589512,1.0,0.6497663513853156,Minnesota,signalized_intersection,normal,day,Good,522,24.533,1080,1620,test,test
videos/lj2jsTChFEo_00.mp4,single,1,6.533,195,0.20554216499751451,0.8961162567052918,0.14826411288823382,0.8345548566830799,0.2628202171067952,0.9576776567275037,Minnesota,highway,normal,night,Poor,794,27.667,1080,1620,train,test
videos/aLrHglJ_H6o_00.mp4,single,0,6.067,180,0.15431520895196738,0.38997828474696306,0.13653024869353836,0.37543238769953663,0.17210016921039636,0.4045241817943895,Minnesota,highway,rain,night,Fine,210,7.067,2160,3240,test,test
videos/yd7QK62ESfM_00.mp4,t-bone,0,2.0,40,0.8818151780400666,0.6643145562001166,0.7636303560801332,0.4527333647778831,1.0,0.87589574762235,Minnesota,signalized_intersection,normal,day,Good,880,30.0,1080,1620,test,test
videos/7jr-TzLKTrU_00.mp4,rear-end,0,1.6,48,0.023328008910755357,0.30210859412991004,0.0,0.24892540338985833,0.046656017821510715,0.3552917848699617,Minnesota,signalized_intersection,snow,day,Fine,452,15.3,720,1080,test,test
videos/rk8CtIpbG5w_00.mp4,single,0,7.0,203,0.33936151994215036,0.5063767788072326,0.30446976794207253,0.46612862732527155,0.3742532719422281,0.5466249302891937,Minnesota,highway,normal,day,Excellent,892,29.966666,720,1080,train,test
videos/pyq3j3CobZ0_00.mp4,sideswipe,0,3.466666,103,0.7747923172299388,0.3363302887367055,0.7546915731620736,0.3162323286851326,0.794893061297804,0.3564282487882784,Minnesota,grade_separated_intersection,normal,day,Poor,288,9.633332999999999,720,1080,test,test
videos/Y3OQspLTLok_00.mp4,rear-end,0,4.133333,123,0.41582705619077276,0.577072867272358,0.3546469292580645,0.5039590463319545,0.47700718312348106,0.6501866882127615,Minnesota,grade_separated_intersection,normal,day,Good,898,29.966666,720,1080,train,test
videos/64ZEWTQY7SY_00.mp4,rear-end,0,3.333,99,0.6190912579628596,0.3880730570782366,0.5902223482101553,0.36572338807115845,0.6479601677155638,0.4104227260853147,Minnesota,highway,normal,night,Poor,899,30.133,720,1080,train,test
videos/tmZqFNBoF-E_00.mp4,sideswipe,0,1.467,43,0.08039263201788012,0.22593976455642673,0.006399278681520728,0.17700299568977815,0.1543859853542395,0.27487653342307533,Minnesota,signalized_intersection,normal,day,Good,618,30.0,1080,1620,test,test
videos/7ZCKQq8C3X0_00.mp4,single,0,4.133333,123,0.47326822036913097,0.37747779052267727,0.4502989852429841,0.3619668900874625,0.49623745549527787,0.392988690957892,Minnesota,highway,normal,day,Fine,898,29.966666,720,1080,train,test
videos/soihnyrvZms_00.mp4,rear-end,0,2.4670000000000005,74,0.7409613205184058,0.6948243384714736,0.6848739626085177,0.6144308954391262,0.797048678428294,0.775217781503821,Minnesota,grade_separated_intersection,snow,night,Fine,497,16.567,720,1080,test,test
videos/6wS8Dv8-S8s_00.mp4,rear-end,0,21.233333000000002,637,0.6010601563105553,0.8071878916396255,0.5011396170143604,0.6273618664088746,0.7009806956067504,0.9870139168703763,Minnesota,grade_separated_intersection,normal,day,Excellent,899,29.966666,720,1080,test,test
videos/m33jiO8xGLk_00.mp4,rear-end,0,9.867,295,0.19618185102977082,0.2693813611727047,0.1726648407851373,0.24989220025514375,0.2196988612744043,0.2888705220902657,Minnesota,highway,normal,night,Poor,899,30.067,1080,1620,test,test
videos/9XfMq4ikGTU_00.mp4,rear-end,0,5.8333330000000005,174,0.13993950631813956,0.4964018938072682,0.08418932266597073,0.44831750446702434,0.19568968997030842,0.544486283147512,Minnesota,grade_separated_intersection,normal,day,Good,883,29.966666,720,1080,train,test
videos/_-XReeuhpiE_00.mp4,single,1,2.767,83,0.46100473202688846,0.36121405768604975,0.43030105863968676,0.33432620658931717,0.49170840541409017,0.3881019087827823,Minnesota,highway,snow,day,Fine,695,29.967,720,1080,test,test
videos/vR3sZ1IxPAo_00.mp4,single,0,8.8,263,0.2764070500995009,0.428561990073585,0.23305902465966405,0.40339110079877166,0.31975507553933774,0.45373287934839823,Minnesota,highway,rain,day,Fine,458,15.3,2160,3240,test,test
videos/vR3sZ1IxPAo_01.mp4,single,0,9.15,274,0.3894842473113981,0.177921880980333,0.36039039272217127,0.1625114384679886,0.4185781019006249,0.19333232349267745,Minnesota,highway,rain,day,Fine,439,14.65,2160,3240,test,test
videos/3gFe7GtkEPk_00.mp4,single,0,12.1,363,0.27441104669697636,0.19103283452424685,0.24510146308088554,0.17355637254460007,0.30372063031306723,0.2085092965038936,Virginia,highway,normal,night,Poor,600,20.0,2160,3240,train,test
videos/ao3VuM_p4_8_00.mp4,single,0,1.4340000000000002,42,0.945849453681193,0.4544793251786775,0.9247805614141811,0.44169807987513093,0.966918345948205,0.467260570482224,Minnesota,grade_separated_intersection,normal,night,Fine,754,25.200000000000003,1080,1620,train,test
videos/-T_E4YhtjyE_00.mp4,single,0,3.8,113,0.36604469201802514,0.39568057824504244,0.34723336024951523,0.3836078979939977,0.38485602378653505,0.40775325849608723,Minnesota,highway,normal,night,Poor,898,29.966666,720,1080,train,test
videos/QfHs3610Fw4_00.mp4,sideswipe,0,3.3333329999999997,99,0.6306850951705102,0.5109536605810823,0.6011756875497504,0.4898566651107238,0.66019450279127,0.5320506560514408,Minnesota,highway,normal,day,Fine,898,29.966666,720,1080,test,test
videos/75qRY47mjfQ_00.mp4,t-bone,0,5.2,149,0.12576449531916267,0.5781322638932553,0.00013141396604938273,0.48960132682319896,0.25139757667227597,0.6666632009633118,Minnesota,signalized_intersection,normal,night,Fine,886,30.133,720,1080,test,test
videos/TPVutn4rHsU_00.mp4,single,1,2.933,88,0.25401987554898203,0.7900761702087389,0.22060258428307492,0.7485016271598112,0.2874371668148892,0.8316507132576665,Minnesota,grade_separated_intersection,normal,day,Fine,899,29.967,720,1080,test,test
videos/6CW7HogT0ZA_00.mp4,single,0,2.766666,83,0.057401149653786954,0.41257928264005084,0.03164662346066226,0.39449253168340204,0.08315567584691165,0.43066603359669964,Minnesota,grade_separated_intersection,snow,night,Fine,389,12.966666000000002,720,1080,test,test
videos/vC6P5GxfX-Q_00.mp4,single,1,5.033,150,0.5151338163144457,0.2921463154196912,0.4954586756153929,0.27676036670315657,0.5348089570134983,0.30753226413622586,Minnesota,highway,normal,day,Fine,898,29.967,1080,1620,train,test
videos/obqvQOIyzL4_00.mp4,single,0,9.899999999999999,296,0.4390121962762704,0.22609956353765914,0.4035192197802515,0.20679897004268374,0.4745051727722894,0.2454001570326345,Minnesota,highway,normal,night,Poor,898,29.966666,720,1080,train,test
videos/ob6zKCT1SGE_00.mp4,single,0,5.699999999999999,171,0.8776205173784415,0.15851049451944374,0.8584617691037283,0.14592767043341828,0.8967792656531547,0.1710933186054692,Minnesota,grade_separated_intersection,normal,day,Poor,795,26.5,720,1080,test,test
videos/QnEqrBCB7Ak_00.mp4,t-bone,1,3.466666,103,0.37793060871074996,0.6520152914386426,0.22736961493153138,0.5412927393677415,0.5284916024899685,0.7627378435095435,Minnesota,signalized_intersection,normal,day,Excellent,898,29.966666,720,1080,test,test
videos/v45DbbZotgI_00.mp4,single,0,3.867,116,0.9020454200637131,0.24879222692175862,0.8850083151233198,0.2230146976905526,0.9190825250041065,0.27456975615296464,Minnesota,highway,normal,night,Poor,899,29.967,720,1080,test,test
videos/ZQOzzKybkTA_00.mp4,single,0,11.333333,322,0.41287843547603764,0.6378713796285276,0.3885799460398018,0.6118735615746531,0.43717692491227356,0.663869197682402,Minnesota,grade_separated_intersection,normal,night,Fine,881,29.966666,720,1080,train,test
videos/Vh13EbZJAiA_00.mp4,single,0,15.1,453,0.18817837441726953,0.144486564291826,0.17346540256442983,0.13187293599191355,0.20289134627010927,0.15710019259173844,Minnesota,grade_separated_intersection,normal,night,Fine,778,25.933,1080,1620,train,test
videos/GtL1Onu28Iw_00.mp4,single,0,9.033332999999999,270,0.4407436222743807,0.17981465895740156,0.41449427952932266,0.16106366227217794,0.46699296501943866,0.19856565564262516,Minnesota,highway,normal,night,Poor,312,11.533332999999999,720,1080,test,test
videos/BY9XdpYwLto_00.mp4,single,0,2.467,31,0.5774064180258867,0.5070585226977707,0.521909836506399,0.4531512104955872,0.6329029995453744,0.5609658348999543,Minnesota,signalized_intersection,normal,night,Good,275,29.967,1080,1620,test,test
videos/cHJRsctghpY_00.mp4,t-bone,0,4.367,131,0.3552403854961016,0.38534127704241616,0.2563331163178913,0.28245560242359247,0.45414765467431184,0.4882269516612398,Minnesota,signalized_intersection,normal,night,Fine,900,30.0,1080,1620,test,test
videos/aD4MQN4ZM18_00.mp4,t-bone,1,4.5,135,0.2708104574982495,0.3800109169286206,0.17623322954904896,0.3019317334965948,0.36538768544745004,0.4580901003606464,Minnesota,signalized_intersection,normal,day,Fine,174,6.067,720,1080,test,test
videos/6eUG-Pp36_s_00.mp4,head-on,0,11.267000000000001,338,0.5556268857481533,0.6675436106635786,0.4095436443996702,0.5141631846857295,0.7017101270966365,0.8209240366414275,Minnesota,signalized_intersection,normal,day,Good,523,20.067,384,854,test,test
videos/ZkHzHo_PvIM_00.mp4,t-bone,0,4.033,120,0.28196036844730993,0.2257246501526124,0.19866905868373114,0.1770974145512282,0.3652516782108887,0.27435188575399655,Minnesota,signalized_intersection,normal,night,Poor,553,25.6,1080,1620,test,test
videos/9tBAfjjPEkw_00.mp4,t-bone,0,4.567,136,0.7433018086485436,0.3505337471558418,0.6425121554688596,0.26550308265256356,0.8440914618282275,0.43556441165912,Minnesota,signalized_intersection,normal,day,Good,736,25.233,1080,1920,test,test
videos/GbIQab3ECjI_00.mp4,t-bone,0,6.3,113,0.47792603622498314,0.2688401268628757,0.39945580628020794,0.20578537808923225,0.5563962661697583,0.3318948756365191,Minnesota,signalized_intersection,normal,night,Fine,512,29.9,1080,1350,test,test
videos/DTPQZJzsoXY_00.mp4,rear-end,0,3.2669999999999995,98,0.1076882251821189,0.19848096994473624,0.07988819725719566,0.17981718817518919,0.13548825310704216,0.21714475171428332,Minnesota,grade_separated_intersection,normal,day,Fine,128,4.2669999999999995,720,1080,test,test
videos/Pjuu3TEEonY_00.mp4,single,0,4.6,137,0.19541927678283527,0.16654444174937227,0.16621944332621044,0.14945525798146622,0.22461911023946013,0.18363362551727833,Minnesota,grade_separated_intersection,snow,day,Fine,271,10.533,1080,1620,test,test
videos/swjfOB7CzTM_00.mp4,t-bone,0,9.333,260,0.6638700523712779,0.48907014663198556,0.600961204200646,0.4571097817157733,0.7267789005419099,0.5210305115481978,Minnesota,highway,normal,night,Poor,831,30.0,1080,1620,test,test
videos/aTlLIoo3nCE_00.mp4,single,0,2.967,89,0.24624386706120274,0.45220895842566067,0.21883007718199426,0.4242468333931154,0.2736576569404112,0.48017108345820597,Minnesota,highway,normal,day,Fine,621,20.7,1080,1620,train,test
videos/wSuWfSgwKZU_00.mp4,t-bone,0,4.067,121,0.5651501064891683,0.3602171045578567,0.5402478854548297,0.3422967248676747,0.5900523275235069,0.3781374842480388,Minnesota,highway,rain,night,Very_Poor,138,4.634,1080,1620,test,test
videos/Mk3DdsuI71U_00.mp4,t-bone,0,7.3333330000000005,220,0.2987687569313662,0.3262287311927918,0.27977956436432433,0.3108216135989205,0.317757949498408,0.34163584878666303,Minnesota,highway,snow,day,Poor,899,29.966666,720,1080,test,test
videos/mmEiKiU-ZLs_00.mp4,single,0,5.833,115,0.25951224266213246,0.30285867933671173,0.23686884813578443,0.2747948860192655,0.2821556371884805,0.33092247265415803,Minnesota,highway,normal,night,Poor,598,29.967,1080,1620,test,test
videos/gKNkwyn6a-o_00.mp4,t-bone,0,4.766667,142,0.7572920522031287,0.438298461875246,0.6861926519382797,0.3808776825348048,0.8283914524679776,0.4957192412156872,Minnesota,signalized_intersection,normal,day,Good,563,20.066667,1080,1920,test,test
videos/1koo-2ZTC9U_00.mp4,single,0,3.733,111,0.6131421585954866,0.23484346702799164,0.5945954413537936,0.22350203794489915,0.6316888758371795,0.24618489611108416,Minnesota,highway,normal,night,Very_Poor,461,15.433,1080,1620,test,test
videos/Cfot7TRlxAQ_00.mp4,head-on,0,5.300000000000001,149,0.8721059073762079,0.12783069122423918,0.8360562343366246,0.11152707181446697,0.9081555804157913,0.14413431063401136,Minnesota,signalized_intersection,snow,day,Poor,171,6.200000000000001,1080,1620,test,test
videos/at2_tQSDlKg_00.mp4,sideswipe,0,1.4000000000000001,42,0.9209260691949898,0.43445763454946734,0.8870928854543016,0.4067555326665359,0.9547592529356779,0.46215973643239877,Minnesota,grade_separated_intersection,normal,night,Fine,899,29.966666,720,1080,test,test
videos/jzFOvz-C9q0_00.mp4,sideswipe,0,5.166667,155,0.6718554723836851,0.23330309246045663,0.6421551076754098,0.21210821095769883,0.7015558370919605,0.25449797396321444,Minnesota,highway,normal,night,Poor,823,27.433332999999998,720,1080,train,test
videos/wJBN4-qBBWI_00.mp4,single,0,6.033,180,0.29485014816780397,0.3519117233119723,0.23302278788247197,0.3147250430836142,0.35667750845313595,0.3890984035403304,Minnesota,highway,normal,night,Poor,899,30.067,1080,1920,test,test
videos/CuKoIfFdF_U_00.mp4,t-bone,0,5.8,125,0.6772093965534128,0.5181531440471647,0.46699788901459,0.40398945814610704,0.8874209040922357,0.6323168299482224,Minnesota,signalized_intersection,normal,night,Good,829,30.0,1080,1620,test,test
videos/LosVYAhNYlY_00.mp4,t-bone,0,3.667,109,0.1926953543106192,0.2484489358866978,0.12286045189033319,0.19708000406871837,0.26253025673090524,0.2998178677046772,Minnesota,signalized_intersection,snow,day,Poor,198,7.467,720,1080,test,test
videos/tAGibqigAx0_00.mp4,head-on,0,4.0,120,0.6413576125051934,0.34437934806015763,0.5458491317695989,0.23374183022969008,0.7368660932407878,0.4550168658906252,Minnesota,signalized_intersection,normal,day,Good,900,30.1,720,1080,test,test
videos/W5YikE19nkc_00.mp4,t-bone,0,6.467,193,0.4561519229143519,0.11376718128796996,0.41171505196320096,0.09055928239250916,0.5005887938655028,0.13697508018343077,Minnesota,signalized_intersection,normal,day,Poor,899,30.1,1080,1620,test,test
videos/n4SC6GEp99A_00.mp4,t-bone,0,5.1,152,0.7331918674913956,0.5918300596515247,0.5976302192245635,0.41001605758915105,0.8687535157582278,0.7736440617138983,Minnesota,signalized_intersection,normal,day,Good,794,30.0,1080,1620,test,test
videos/QmNsR_29zIs_00.mp4,t-bone,0,14.467,406,0.6983296187853087,0.2772527673445219,0.6290857338200431,0.2055602689957831,0.7675735037505744,0.34894526569326073,Minnesota,signalized_intersection,normal,night,Poor,730,25.633,1080,1620,test,test
videos/0a405keDKpc_00.mp4,t-bone,0,9.033,271,0.1045402332548541,0.7289684471927242,0.0,0.5952337860904601,0.2090804665097082,0.8627031082949885,Minnesota,signalized_intersection,rain,night,Poor,900,30.067,1080,1620,test,test
videos/XGmx0mhtM_A_00.mp4,t-bone,0,6.433,189,0.7560130374023208,0.629217387466669,0.627177275647352,0.42809086751882647,0.8848487991572895,0.8303439074145116,Minnesota,signalized_intersection,normal,night,Very_Poor,702,29.967,720,1080,test,test
videos/hgm6sQUl8Yg_00.mp4,single,0,1.333,39,0.2933442048656627,0.6158121678152415,0.2669138940886945,0.5781750902032686,0.31977451564263093,0.6534492454272143,Minnesota,highway,normal,day,Poor,755,25.2,1080,1620,test,test
videos/WgD4Rf1J8P4_00.mp4,t-bone,0,6.633,199,0.7549851427809164,0.7630393676732268,0.5989849891377547,0.5974631282235648,0.9109852964240783,0.9286156071228886,Minnesota,signalized_intersection,normal,night,Poor,829,30.0,1080,1620,test,test
videos/7Q6tqECKuVw_00.mp4,single,0,8.167,245,0.15480353214851686,0.49303530487565644,0.12338258708122798,0.4614441633635461,0.18622447721580573,0.5246264463877668,Minnesota,highway,rain,day,Poor,879,29.967,720,1080,test,test
videos/bMFK3B5qPiE_00.mp4,single,0,5.666666,170,0.49681417220892965,0.6012848653435278,0.48094605112819744,0.5856729704543728,0.5126822932896619,0.6168967602326827,Minnesota,highway,normal,day,Poor,899,29.966666,720,1080,test,test
videos/9BbYjDDO59w_00.mp4,sideswipe,0,1.5670000000000002,46,0.07725655599467429,0.4747600545658959,0.02770981582037731,0.4287282327908582,0.12680329616897126,0.5207918763409335,Minnesota,highway,snow,night,Poor,112,3.7669999999999995,1080,1620,test,test
videos/r_hzgvP7sJg_00.mp4,t-bone,0,5.4,99,0.32772469189965203,0.2308733260239091,0.24941836811957216,0.18848335576682176,0.4060310156797319,0.2732632962809964,Minnesota,signalized_intersection,normal,day,Good,833,30.0,1080,1620,test,test
videos/rqXj43PDmBw_00.mp4,single,0,14.267,428,0.7177602268926555,0.17901228709215375,0.699500693877538,0.16483116304708867,0.7360197599077731,0.19319341113721883,Minnesota,highway,snow,night,Very_Poor,693,23.133,720,1080,test,test
videos/T1g7fA6Ad-g_00.mp4,single,0,3.4,102,0.024699610667087545,0.3345164692533972,0.007685243215645915,0.3146442336831968,0.04171397811852918,0.35438870482359763,Minnesota,highway,normal,day,Poor,757,25.233,1080,1620,test,test
videos/7FzkwCUqP1Y_00.mp4,t-bone,0,6.233,165,0.6366519521203011,0.4162070016122178,0.5994655312694229,0.38513246740467644,0.6738383729711793,0.4472815358197592,Minnesota,simple_intersection,normal,day,Fine,852,29.567,1080,2400,test,test
videos/Ly7szYRjMdw_00.mp4,single,0,5.733,172,0.6503286765949928,0.4226056720713803,0.6283354043104984,0.4012908156820439,0.6723219488794873,0.44392052846071667,Minnesota,highway,snow,night,Poor,326,14.733,1080,1620,test,test
videos/jPM0jwxK2W8_00.mp4,single,0,1.7,39,0.5464256095301007,0.11143641865791644,0.5021568705919991,0.0785333848281004,0.5906943484682022,0.14433945248773247,Minnesota,signalized_intersection,snow,night,Fine,322,30.133,720,1080,test,test
videos/9nmufil1vvo_00.mp4,t-bone,0,5.067,149,0.793667608080239,0.29927249516415316,0.6674897432990846,0.24103571855885597,0.9198454728613932,0.35750927176945035,Minnesota,signalized_intersection,normal,day,Good,442,14.933,1080,1620,test,test
videos/bUn3nfDgLEs_00.mp4,head-on,0,5.167,155,0.28806217522663546,0.8971883810578768,0.140339092647206,0.7945323719981052,0.435785257806065,0.9998443901176484,Mississippi,signalized_intersection,normal,day,Fine,897,29.967,720,880,test,test
videos/4geYk_miUzo_00.mp4,rear-end,0,2.9333329999999997,88,0.9669322506605436,0.34073437940508455,0.933864501321087,0.31331589050745506,1.0,0.368152868302714,Mississippi,highway,normal,day,Poor,892,29.966666,720,960,test,test
videos/4Bde0lYQ4mg_00.mp4,t-bone,0,2.958,44,0.340876171637045,0.5672038059505242,0.21725679845302362,0.5170091217015448,0.4644955448210663,0.6173984901995035,Mississippi,signalized_intersection,normal,night,Poor,449,29.958,720,880,test,test
videos/0PrAtifCwjg_00.mp4,head-on,0,4.6,137,0.4101947271165882,0.6962826262808763,0.33650474837713845,0.584096345550043,0.483884705856038,0.8084689070117098,Mississippi,signalized_intersection,normal,day,Poor,731,29.967,720,880,test,test
videos/xUocvk0m-mc_00.mp4,single,0,7.633,228,0.30238813052172775,0.29961180215632677,0.2628202714161441,0.2618157334901694,0.34195598962731133,0.33740787082248413,Mississippi,grade_separated_intersection,normal,day,Poor,898,29.967,720,880,test,test
videos/jNzHFeCP2DU_00.mp4,t-bone,0,3.44,86,0.7054297228291213,0.8654074551288806,0.45448625193486736,0.7322876204470435,0.9563731937233751,0.9985272898107176,Mississippi,signalized_intersection,normal,day,Good,168,6.72,720,900,test,test
videos/jhkWGmAajmE_00.mp4,single,0,5.872,88,0.37920398043500025,0.18907856763487355,0.3713871970626645,0.1781924371919925,0.387020763807336,0.1999646980777546,Virginia,highway,normal,day,Poor,376,25.054000000000002,384,854,train,test
videos/gpRtEfxMkYc_00.mp4,t-bone,0,4.833,72,0.5852355748240801,0.22210224879494556,0.5719299469623227,0.2130912312699096,0.5985412026858373,0.23111326631998155,Virginia,highway,rain,day,Very_Poor,449,29.958,720,960,test,test
videos/R69Y-qYAuis_00.mp4,sideswipe,0,5.667,84,0.5343789992976231,0.45573928442314876,0.48223233267722965,0.4078046283173282,0.5865256659180166,0.5036739405289693,Virginia,highway,normal,day,Poor,448,29.917,720,1280,test,test
videos/ZTLYOhzf8Jw_00.mp4,rear-end,0,4.733,70,0.5029859234925178,0.5119317220982991,0.46020536352252556,0.4627686968225101,0.5457664834625101,0.5610947473740879,Virginia,highway,rain,night,Poor,308,20.6,1080,1920,train,test
videos/QX2MmlSq2AQ_00.mp4,sideswipe,0,2.3670000000000004,35,0.5947536087768719,0.6166948385874682,0.5737967064920699,0.5914970775503757,0.6157105110616737,0.6418925996245608,New_York,highway,normal,day,Very_Poor,404,26.967,1080,1584,test,test
videos/Ns30XeulhHo_00.mp4,single,0,6.52,119,0.5314576154903409,0.6464045211137356,0.5013719395375067,0.5753215156099815,0.561543291443175,0.7174875266174897,World,tunnel,normal,day,Poor,152,7.84,1080,1920,test,train
videos/Ns30XeulhHo_01.mp4,sideswipe,0,0.12000000000000001,3,0.6584362657468799,0.6533579352162762,0.4910054406073066,0.30904736097421687,0.825867090886453,0.9976685094583354,World,tunnel,normal,day,Fine,85,3.88,1080,1920,test,train
videos/Ns30XeulhHo_02.mp4,single,0,1.4,31,0.4124229788866878,0.2511157482126223,0.30313577140931736,0.16839807794008602,0.5217101863640582,0.3338334184851585,World,tunnel,normal,day,Poor,109,5.48,1080,1920,test,train
videos/Ns30XeulhHo_03.mp4,single,0,2.8400000000000003,69,0.48092688733839595,0.18307206071174137,0.41950596583456495,0.13731276790178898,0.542347808842227,0.22883135352169376,World,tunnel,normal,day,Poor,168,7.159999999999999,1080,1920,test,train
videos/Ns30XeulhHo_04.mp4,rear-end,0,3.36,42,0.5999146199555004,0.0951759490342606,0.5458509528835028,0.03515424368648989,0.653978287027498,0.1551976543820313,World,tunnel,normal,day,Fine,73,5.84,1080,1920,test,train
videos/Ns30XeulhHo_05.mp4,single,0,3.24,66,0.5608046983482913,0.024747120370644544,0.5445145539343496,0.0052162923188495405,0.5770948427622329,0.044277948422439546,World,tunnel,normal,day,Poor,92,4.6,1080,1920,test,train
videos/IOxe9lyfZRA_00.mp4,single,1,4.125,63,0.4270992788897452,0.4433367389487751,0.4187864693089506,0.43329115807964214,0.4354120884705398,0.45338231981790816,Nevada,highway,normal,day,Very_Poor,100,6.639,384,854,test,test
videos/dQ0ao_Yu7II_00.mp4,sideswipe,1,2.1,62,0.2499822422610377,0.4916835262113042,0.2277959390279095,0.47401189852845493,0.2721685454941659,0.5093551538941534,Nevada,highway,normal,day,Good,752,25.1,1080,1920,test,test
videos/6oymx7wBmjw_00.mp4,t-bone,0,8.6086,149,0.6001914795418846,0.20801856704440524,0.5248941064699684,0.13786809203284656,0.6754888526138008,0.27816904205596393,World,signalized_intersection,snow,day,Good,243,14.014,720,1280,test,train
videos/6oymx7wBmjw_01.mp4,t-bone,0,3.2032,47,0.792933326127176,0.35330238306045536,0.7349716294173949,0.31458231839482137,0.8508950228369571,0.3920224477260894,World,signalized_intersection,normal,day,Good,59,4.004,720,1280,test,train
videos/6oymx7wBmjw_02.mp4,t-bone,0,1.067733,11,0.6214922099852933,0.32423909441900056,0.5678548143598704,0.28114665852308635,0.6751296056107161,0.3673315303149147,World,signalized_intersection,normal,day,Good,45,3.269933,720,1280,test,train
videos/6oymx7wBmjw_03.mp4,t-bone,0,1.634967,41,0.221795379888552,0.336324318560385,0.16879066856113384,0.2965273326420612,0.27480009121597015,0.3761213044787088,World,simple_intersection,snow,night,Fine,225,8.942267,720,1280,test,train
videos/6oymx7wBmjw_04.mp4,t-bone,0,5.372033999999999,111,0.7789837893316662,0.31532058842447996,0.6997460320624441,0.2695224750274595,0.8582215466008885,0.3611187018215004,World,signalized_intersection,snow,day,Good,301,14.1141,720,1280,test,train
videos/cZo9DI6DSIY_00.mp4,head-on,0,4.237567,85,0.2598336152585607,0.22017532390533925,0.10252832899038442,0.07215132426998665,0.417138901526737,0.36819932354069185,World,signalized_intersection,snow,day,Good,224,11.177833,720,1280,test,train
videos/cZo9DI6DSIY_01.mp4,sideswipe,0,6.272933999999999,129,0.2547476549136841,0.6044120160352227,0.14183272614557343,0.4559131364164765,0.3676625836817948,0.7529108956539688,World,signalized_intersection,snow,night,Good,549,26.8268,720,1280,test,train
videos/cZo9DI6DSIY_02.mp4,rear-end,0,15.782434,315,0.6002397745018205,0.4403507742890265,0.43786405855074406,1.4015480324074076e-05,0.762615490452897,0.880687533097729,World,city_street,snow,night,Good,501,24.9249,720,1280,test,train
videos/cZo9DI6DSIY_03.mp4,t-bone,0,3.636967,91,0.5248820470342856,0.6936768116663985,0.48987168771459294,0.6424047804017097,0.5598924063539783,0.7449488429310872,World,signalized_intersection,snow,night,Fine,244,9.776432999999999,720,1280,test,train
videos/nGzSLxoFILc_00.mp4,t-bone,1,2.836167,54,0.3977182506967232,0.2500051415121536,0.2631057164544932,0.1450526106048983,0.5323307849389531,0.3549576724194089,World,signalized_intersection,normal,day,Fine,117,5.472133,720,1280,test,train
videos/jvM9Js5f9dI_00.mp4,rear-end,0,9.875,148,0.5557742319668437,0.5362100352937799,0.5424334679198386,0.5110012813086904,0.5691149960138489,0.5614187892788693,New_York,highway,normal,day,Poor,318,21.208,720,1280,test,test
videos/p1ibbi6Pljw_00.mp4,sideswipe,1,6.125,92,0.15722058881783052,0.566666416359753,0.0936986518328979,0.5206818246510305,0.22074252580276316,0.6126510080684755,New_York,highway,normal,day,Fine,453,29.958,720,1280,test,test
videos/9jZ67_1d5nU_00.mp4,single,0,6.267,184,0.7889369856869721,0.5096515431462464,0.7789207210410628,0.5002024787652469,0.7989532503328813,0.5191006075272458,New_York,highway,normal,day,Fine,304,10.333,720,1280,test,test
videos/O0_rWZB5-xM_00.mp4,single,0,3.292,49,0.7790566699359636,0.5288119005910206,0.7638522203573739,0.5133838481394891,0.7942611195145531,0.5442399530425519,New_York,grade_separated_intersection,rain,day,Poor,449,29.958,720,1280,test,test
videos/Lm_u8Ey-588_00.mp4,t-bone,0,4.4,120,0.9233806045505528,0.6219201038618389,0.8467615184106219,0.5708273347109677,0.9999996906904837,0.6730128730127102,New_York,signalized_intersection,normal,day,Poor,855,30.0,720,960,test,test
videos/hyZ-ZbPYabo_00.mp4,rear-end,1,7.208,107,0.4082861396621005,0.5844199655933927,0.37682569631335877,0.5493768677862455,0.4397465830108422,0.6194630634005399,New_York,signalized_intersection,normal,day,Fine,445,29.958,720,966,test,test
videos/YDret7_VHUQ_00.mp4,head-on,0,1.967,29,0.38603804719200785,0.7231324148563892,0.2934917603584026,0.6043191935121139,0.47858433402561307,0.8419456362006645,New_York,signalized_intersection,normal,day,Fine,449,29.967,1080,1584,test,test
videos/w5i2d9URq1I_00.mp4,sideswipe,0,4.083,61,0.5706431346806536,0.5253425007545038,0.53484300422483,0.48476002988499445,0.6064432651364773,0.5659249716240133,New_York,highway,rain,day,Fine,449,29.917,720,1280,test,test
videos/y6d2TfbeWFk_00.mp4,single,0,2.458,37,0.47650617946307294,0.7711186474316394,0.4478482148607606,0.7476656527362922,0.5051641440653852,0.7945716421269867,New_York,highway,normal,day,Very_Poor,450,30.0,720,1056,test,test
videos/4VVOcbvXgdE_00.mp4,sideswipe,0,3.25,32,0.35678767092838315,0.8698420128980968,0.29804363174550114,0.7704079715524123,0.41553171011126516,0.9692760542437815,New_York,highway,normal,night,Very_Poor,147,14.75,720,1080,test,test
videos/BcZnPHU8nvY_00.mp4,sideswipe,0,11.583,254,0.5494920736406639,0.6870488878872211,0.5081586167264084,0.6120699968882879,0.5908255305549193,0.7620277788861543,New_York,grade_separated_intersection,normal,day,Poor,656,29.958,720,1056,test,test
videos/meDGeTof2x0_00.mp4,rear-end,0,4.667,139,0.2477880049462,0.324688400607235,0.2324946822394234,0.3108320684695857,0.2630813276529766,0.3385447327448842,New_York,highway,normal,day,Good,898,29.967,1080,1920,train,test
videos/WXUOlgOESJ4_00.mp4,rear-end,0,22.875,341,0.4848874001362833,0.4794523623177674,0.4686888777063534,0.46317793450455663,0.5010859225662131,0.49572679013097815,New_York,highway,normal,day,Very_Poor,445,29.958,720,1280,test,test
videos/qFypaL4RVTw_00.mp4,sideswipe,0,25.032999999999998,373,0.5851993790581185,0.8886787170975272,0.4827710961221025,0.7995953132623846,0.6876276619941345,0.9777621209326697,New_York,highway,normal,night,Poor,375,25.166999999999998,1080,1440,test,test
videos/-Qt5bDJNT84_00.mp4,single,0,2.692,69,0.626627192255957,0.4138338998308625,0.6008762523731032,0.3850724848983258,0.6523781321388109,0.4425953147633992,New_York,highway,normal,day,Good,85,3.308,720,1280,train,test
videos/6AzIoSDn5Qs_00.mp4,rear-end,0,1.5839999999999996,24,0.40580745811164937,0.7590067384073134,0.3287828752550442,0.6486935613655928,0.48283204096825455,0.869319915449034,New_York,highway,normal,night,Fine,270,18.0,720,960,train,test
videos/6s2KTCCo1Hw_00.mp4,rear-end,0,6.167,92,0.5135369825306447,0.8848745218234335,0.42486704080024235,0.787483545106484,0.602206924261047,0.9822654985403831,New_York,highway,normal,day,Fine,449,29.958,720,966,test,test
videos/tSSn6ZA4cfI_00.mp4,single,1,3.25,48,0.20522542883061357,0.5818378570446932,0.19041950692352236,0.5675060398467016,0.2200313507377048,0.5961696742426849,New_York,highway,normal,day,Poor,447,29.917,720,966,test,test
videos/CJP-_jaZ3FQ_00.mp4,single,0,1.708,26,0.6985439373928268,0.5179105120733867,0.6774416425755874,0.48228088100192795,0.7196462322100662,0.5535401431448455,New_York,highway,normal,night,Fine,451,29.958,720,1280,test,test
videos/PxRDOMjsbE8_00.mp4,single,0,6.875,103,0.2237064825356369,0.8366813287241792,0.17690994651932937,0.8071386967828992,0.2705030185519445,0.8662239606654591,New_York,highway,snow,night,Poor,449,29.958,720,1056,test,test
videos/lM1uI0uKh-U_00.mp4,single,0,5.708,85,0.4194855017539266,0.7954019134091882,0.38395640809402354,0.7631354947687055,0.4550145954138297,0.8276683320496709,New_York,grade_separated_intersection,rain,day,Fine,448,29.917,720,1280,test,test
videos/ajxUuxbpAVQ_00.mp4,rear-end,0,2.583,39,0.5177414434066895,0.328052416363729,0.49104309851988875,0.308909386228149,0.5444397882934903,0.347195446499309,New_York,highway,normal,day,Poor,374,24.958,720,966,test,test
videos/H0MCccZiB3M_00.mp4,t-bone,0,3.533,102,0.14269028878535123,0.5146627463139718,0.011584928497810594,0.41882617838931047,0.27379564907289183,0.6104993142386331,New_York,signalized_intersection,normal,day,Fine,874,30.0,1080,1440,test,test
videos/GDadq8Vznvc_00.mp4,t-bone,0,6.792,101,0.7353271943864933,0.7878901253543813,0.6366070111363248,0.719205585720833,0.8340473776366618,0.8565746649879296,New_York,signalized_intersection,normal,day,Poor,441,29.958,720,960,test,test
videos/-qmYW4S3Xxo_00.mp4,t-bone,0,4.292,64,0.6415286537466733,0.5183376045996599,0.5816006881214804,0.47992911298428,0.7014566193718664,0.5567460962150398,New_York,simple_intersection,normal,day,Good,445,29.958,720,1280,test,test
videos/E7SZ9wPStb4_00.mp4,single,0,4.5,67,0.39624657449575484,0.5538384304059668,0.3773431815786865,0.5377008150851663,0.41514996741282323,0.5699760457267673,New_York,highway,normal,day,Poor,449,29.958,720,1056,test,test
videos/y-QrV0SN9V0_00.mp4,sideswipe,0,4.333,64,0.7465277455639272,0.42445273788396665,0.728775613949053,0.4051213409109188,0.7642798771788013,0.44378413485701457,New_York,highway,normal,night,Poor,218,14.625,720,1280,test,test
videos/fK7DAi8Ybvc_00.mp4,sideswipe,0,5.75,84,0.22476569788518236,0.4696382624435126,0.1988523484388452,0.45503954057811724,0.2506790473315195,0.48423698430890794,New_York,highway,normal,day,Poor,439,29.958,720,960,test,test
videos/LSiLtoXajJE_00.mp4,single,0,3.667,54,0.6321663373224442,0.45964702035547433,0.6092049895273386,0.4439133247245957,0.6551276851175499,0.475380715986353,New_York,highway,normal,day,Poor,441,30.0,1080,1448,test,test
videos/_0RDZgCKPGo_00.mp4,single,0,5.416,81,0.24945593200265437,0.7296075485773843,0.21055646506175518,0.6985072533637406,0.28835539894355355,0.7607078437910281,New_York,highway,normal,night,Poor,398,26.790999999999997,720,966,test,test
videos/BdHk9yhbB94_00.mp4,t-bone,0,3.333,49,0.12852258357610571,0.870645041141116,0.0004474032968870587,0.7425293994868045,0.25659776385532435,0.9987606827954273,New_York,signalized_intersection,normal,day,Fine,448,29.958,720,960,test,test
videos/mCR74lvVPdY_00.mp4,single,0,3.917,58,0.94217633596162,0.3710380179162712,0.905008244276381,0.33768399399893784,0.9793444276468588,0.40439204183360455,New_York,highway,normal,night,Poor,449,29.958,720,960,test,test
videos/xYbFnmG3-Og_00.mp4,t-bone,0,3.333,49,0.7084561968578725,0.7638984165538638,0.617018719839884,0.7103000369273331,0.7998936738758611,0.8174967961803944,New_York,signalized_intersection,normal,night,Poor,436,29.958,720,960,test,test
videos/FaI91W7BO04_00.mp4,t-bone,0,7.083,89,0.43427957252814087,0.4555474262677278,0.3603087714004352,0.40772538455106666,0.5082503736558465,0.503369467984389,New_York,signalized_intersection,normal,night,Poor,113,8.708,720,960,test,test
videos/lpeKVGzEaUk_00.mp4,t-bone,0,17.941,266,0.33037764832210337,0.6341108900464076,0.28735054476914856,0.5956112348198934,0.3734047518750581,0.672610545272922,New_York,highway,normal,day,Fine,442,29.947,480,640,test,test
videos/ZSgfKfHNOb8_00.mp4,single,0,6.25,94,0.2905652284282074,0.49164313912392865,0.21422741657699712,0.44144941561555695,0.3669030402794177,0.5418368626323004,New_York,highway,snow,day,Fine,409,27.25,720,1056,test,test
videos/w1jVynKgMzo_00.mp4,sideswipe,0,9.767,147,0.14973273312173835,0.5553098367182024,0.11740048587322251,0.5222931762573162,0.1820649803702542,0.5883264971790887,Virginia,highway,normal,night,Very_Poor,450,29.967,1080,1440,test,test
videos/l9KMgfV5BeU_00.mp4,t-bone,0,18.066666,504,0.7040799068347672,0.32961234952168117,0.5265213071713173,0.21917812958092275,0.8816385064982171,0.44004656946243964,World,parking_lot,normal,day,Poor,692,26.866666000000002,480,640,test,train
videos/_j_q79xO2ug_00.mp4,t-bone,0,26.25,209,0.34950034645803785,0.16787117018439876,0.14292407838145776,0.07904607190317946,0.5560766145346179,0.25669626846561805,World,parking_lot,normal,day,Excellent,696,87.5,1080,1920,test,train
videos/hzxEJZNwy6s_00.mp4,sideswipe,0,64.595744,954,0.5271371272889069,0.2425213110021934,0.2511634338633649,0.07554147826028418,0.8031108207144491,0.4095011437441026,World,parking_lot,rain,day,Excellent,1610,114.95744599999999,720,960,test,train
videos/x5XPG-uYJlM_00.mp4,t-bone,0,4.542,68,0.1854040250275596,0.37994429169752486,0.14044310317998324,0.3442631644458987,0.23036494687513595,0.41562541894915095,Virginia,highway,normal,day,Poor,449,29.958,720,960,test,test
videos/qigDKE0vaXw_00.mp4,sideswipe,0,4.389,66,0.17580636036921155,0.1735590907298434,0.1609433573992399,0.15880898246104388,0.1906693633391832,0.18830919899864293,Virginia,highway,normal,day,Poor,347,23.243,1080,2400,test,test
videos/CtYbOZdwGkY_00.mp4,single,0,2.375,35,0.3976432572046172,0.586382180610974,0.37384519278172784,0.5553278106328157,0.4214413216275065,0.6174365505891324,Virginia,highway,normal,day,Poor,449,29.958,720,960,train,test
videos/fK5Y7gMh21c_00.mp4,single,0,5.167,77,0.8450386076250775,0.26697561915684465,0.8124492223468931,0.22556897620844735,0.877627992903262,0.30838226210524194,Virginia,signalized_intersection,rain,day,Poor,88,5.917,720,960,test,test
videos/08gvKdY9xj4_00.mp4,single,0,2.5,38,0.10567883239236503,0.6293492113359,0.08928847486409808,0.6046336827177726,0.12206918992063198,0.6540647399540275,Virginia,grade_separated_intersection,normal,night,Very_Poor,450,30.0,720,1280,test,test
videos/yab6XEomWGM_00.mp4,single,0,6.292,47,0.21326668361974505,0.38776435853428537,0.19278332764333375,0.37117336702284925,0.23375003959615634,0.40435535004572154,Virginia,highway,normal,day,Poor,224,29.958,720,960,train,test
videos/YD-7Fnztg_4_00.mp4,single,0,1.667,25,0.6586644289372262,0.49193928934594844,0.6294227841034247,0.451969489653562,0.6879060737710277,0.5319090890383349,Virginia,highway,normal,day,Poor,449,29.958,720,960,train,test
videos/hQVkdwPxafw_00.mp4,single,0,8.042,80,0.6976592137446789,0.1670265277218572,0.6834597590589769,0.15625356774684052,0.7118586684303807,0.17779948769687387,Virginia,highway,normal,day,Poor,300,29.875,720,960,train,test
videos/dgWpyczEx7U_00.mp4,t-bone,0,9.292,105,0.4043628242280751,0.6421985006677906,0.34430582682291705,0.5864312065972223,0.4644198216332332,0.6979657947383591,Virginia,signalized_intersection,normal,night,Poor,415,29.958,720,960,test,test
videos/20zWZEGQ7GY_00.mp4,t-bone,0,9.583,144,0.6554477689760534,0.5562858958355315,0.6375347574340708,0.5432272661547577,0.6733607805180359,0.5693445255163052,Virginia,highway,rain,night,Poor,449,29.917,720,960,train,test
videos/TvdgqAnb3QM_00.mp4,single,0,10.125,151,0.16591406192216723,0.8486289357129471,0.0883638669426255,0.7737730384369704,0.24346425690170895,0.9234848329889238,Virginia,highway,normal,day,Fine,449,29.958,720,960,train,test
videos/zBa7uxOYBd0_00.mp4,single,0,6.5,97,0.7460555745916879,0.2690032242473799,0.7192445617410436,0.2524402271207786,0.7728665874423322,0.2855662213739811,Virginia,highway,rain,day,Poor,185,12.4,1080,1440,test,test
videos/XtJodwSF_lQ_00.mp4,single,0,11.569,116,0.7246121865251441,0.27098118977313124,0.7097288819182475,0.25499897216262035,0.7394954911320408,0.2869634073836422,Virginia,highway,rain,day,Poor,253,25.267999999999997,1080,2400,test,test
videos/xNdcRobqvsc_00.mp4,single,1,3.537,50,0.5413646111066552,0.3981944444011844,0.5290977429047538,0.36870720201468654,0.5536314793085568,0.42768168678768226,Virginia,highway,normal,day,Poor,361,24.230999999999998,1080,2400,train,test
videos/cdKTiLurgOI_00.mp4,rear-end,0,20.788,308,0.40977691338820754,0.2669502168844805,0.40001519113390765,0.2541661256221445,0.4195386356425075,0.2797343081468165,Virginia,highway,normal,day,Very_Poor,443,29.99,1080,2400,test,test
videos/x2ymyeli9Xc_00.mp4,single,0,4.666666,70,0.6599242416287052,0.6153162641198361,0.6337352831299375,0.5861094209806643,0.686113200127473,0.6445231072590079,Virginia,highway,normal,night,Fine,352,23.458333,720,960,train,test
videos/4IUmjPBj5ik_00.mp4,t-bone,1,6.56,101,0.7292458784886933,0.06790651710746302,0.6922104262880244,0.04773331818510592,0.7662813306893621,0.08807971602982012,USA,city_street,normal,day,Good,292,19.8,720,1280,test,test
videos/1Utldy8lKBo_00.mp4,single,0,5.2052,108,0.12662064893375374,0.24783519308116103,0.050802616484104605,0.18864127535569167,0.2024386813834029,0.30702911080663037,World,signalized_intersection,normal,day,Fine,146,7.007,1080,1920,test,train
videos/pB-O0UY9gM8_00.mp4,single,0,2.711042,50,0.5190378222014276,0.0595044276339787,0.4740269521626096,0.028628003023590122,0.5640486922402456,0.09038085224436729,World,tunnel,normal,day,Good,77,3.837167,1080,1920,test,train
videos/pB-O0UY9gM8_01.mp4,single,1,0.75075,18,0.4385931466845528,0.09940501502887938,0.41426208478554893,0.06697226050145903,0.46292420858355665,0.13183776955629975,World,tunnel,normal,day,Good,136,5.922583,1080,1920,test,train
videos/s80RaghtMRk_00.mp4,rear-end,0,1.3199999999999994,33,0.7804133726272025,0.32193673336145684,0.5608267452544049,0.18729604391343888,1.0,0.45657742280947483,World,signalized_intersection,snow,day,Good,65,2.7199999999999998,1080,1920,test,train
videos/s80RaghtMRk_01.mp4,rear-end,0,1.52,33,0.7806047910701623,0.32265411639109404,0.5613115763015596,0.18787313076190745,0.9998980058387651,0.4574351020202806,World,signalized_intersection,snow,day,Good,65,2.92,1080,1920,test,train
videos/s80RaghtMRk_02.mp4,rear-end,0,1.36,28,0.2263860675446398,0.3262961940435754,0.14400119141215523,0.2701527089227029,0.3087709436771244,0.38243967916444793,World,signalized_intersection,normal,day,Good,96,4.08,1080,1920,test,train
videos/s80RaghtMRk_03.mp4,sideswipe,0,2.0,39,0.6350552841851891,0.4254634931947232,0.5347906318139469,0.28178094061933323,0.7353199365564314,0.5691460457701132,World,highway,normal,day,Fine,99,4.4,1080,1920,test,train
videos/s80RaghtMRk_04.mp4,rear-end,0,1.64,24,0.7079055306379731,0.44050887211510853,0.6360116640861677,0.268774320490366,0.7797993971897786,0.6122434237398511,World,highway,normal,day,Good,138,6.4,1080,1920,test,train
videos/IQDkEcJP3rw_00.mp4,rear-end,0,1.6000000000000005,40,0.5534875650790922,0.25941495227482503,0.5276089986262655,0.21545810512394148,0.5793661315319191,0.30337179942570863,World,highway,normal,day,Poor,429,17.16,1080,1920,test,train
videos/0ThWw_efieo_00.mp4,sideswipe,1,2.1688330000000002,52,0.49268451485297815,0.3691853183356218,0.3629377739383967,0.11909471267003095,0.6224312557675596,0.6192759240012127,World,tunnel,normal,day,Fine,186,7.966291999999999,1080,1920,test,train
videos/0ThWw_efieo_01.mp4,sideswipe,1,0.875875,21,0.3580338964663983,0.06935087515289019,0.31736151892608006,0.002160773599862408,0.3987062740067166,0.13654097670591797,World,highway,normal,day,Fine,405,16.891875,1080,1920,test,train
videos/P9JZFMr8NeQ_00.mp4,single,0,17.36,862,0.30718154923238405,0.5930746870946383,0.2233661368190569,0.505826682937849,0.3909969616457112,0.6803226912514275,World,signalized_intersection,rain,day,Good,993,19.98,1080,1920,test,train
videos/5-sIe-O1b8I_00.mp4,rear-end,0,8.51,128,0.7169131251026979,0.5010502541037635,0.6953905038283347,0.45521228827112314,0.738435746377061,0.5468882199364038,Virginia,highway,rain,day,Poor,443,29.515,1080,2400,test,test
videos/-PpjzmhI_PE_00.mp4,single,1,2.2,33,0.35456413326046243,0.6182201063274817,0.3216226181984523,0.5764541701211985,0.38750564832247264,0.6599860425337648,Virginia,highway,normal,day,Poor,450,30.0,1080,1440,train,test
videos/yS19DGEwcO4_00.mp4,rear-end,0,9.875,148,0.273465220594181,0.2463979627392704,0.2549196413635703,0.2241283599346616,0.2920107998247917,0.26866756554387916,Virginia,highway,normal,night,Very_Poor,449,29.958,720,960,test,test
videos/NyKEneNoK54_00.mp4,rear-end,0,0.958,14,0.2960687682156785,0.8390669288661469,0.22800624735239694,0.7589993475377587,0.36413128907896003,0.9191345101945351,Virginia,highway,normal,night,Poor,448,30.0,720,960,train,test
videos/Vk8h0fpJgcs_00.mp4,sideswipe,0,4.866667,73,0.5953303033017878,0.3020564335782231,0.5831356976465454,0.29037289048604875,0.6075249089570302,0.3137399766703974,Virginia,highway,normal,day,Very_Poor,417,27.8,1080,1920,test,test
videos/yZNmOYWiGY0_00.mp4,sideswipe,0,3.417,47,0.16334632049587275,0.5743921554817668,0.07650631565510745,0.5144706691326527,0.25018632533663804,0.6343136418308808,Virginia,highway,normal,night,Poor,410,29.958,720,1280,train,test
videos/_DbmvhywZZ8_00.mp4,sideswipe,0,7.666667,115,0.2678740373227141,0.5982545126814355,0.2502043573643719,0.5830046085921434,0.2855437172810563,0.6135044167707275,Virginia,highway,normal,day,Poor,447,30.0,720,960,test,test
videos/bsvWhFHgta8_00.mp4,rear-end,0,5.25,78,0.33528383001024753,0.6208259969614801,0.3027203486033822,0.5906521138748615,0.3678473114171128,0.6509998800480987,Virginia,highway,normal,day,Poor,118,7.917,720,960,test,test
videos/ht0QCYJRWXc_00.mp4,sideswipe,0,1.5,23,0.22329641883565932,0.49776157272595534,0.17850818749305467,0.45773087495829096,0.26808465017826394,0.5377922704936198,Virginia,highway,normal,night,Very_Poor,393,26.167,720,960,test,test
videos/J22LBVPh5kk_00.mp4,single,0,3.625,46,0.31791386978932223,0.2389502592148136,0.28780265005818506,0.21985040516762336,0.3480250895204594,0.25805011326200383,Virginia,highway,normal,day,Poor,281,19.291667,720,960,train,test
videos/O8x8fTbKfQo_00.mp4,single,0,5.833333,58,0.3350996303700561,0.5217905512499635,0.31313378884126386,0.5060183442487658,0.35706547189884835,0.5375627582511613,Virginia,highway,normal,day,Poor,299,29.875,720,960,train,test
videos/un3zKlzQR0s_00.mp4,sideswipe,0,2.667,39,0.17142208271524073,0.3635411158134671,0.07005240129988692,0.2484582778828149,0.2727917641305945,0.47862395374411926,Virginia,tunnel,normal,day,Poor,367,29.917,720,960,test,test
videos/2xzko5Nggkc_00.mp4,sideswipe,0,2.5,37,0.3380737734598755,0.841399633083214,0.25783304041743427,0.7436044634432762,0.4183145065023167,0.9391948027231517,Virginia,highway,normal,night,Good,449,29.958333,720,960,train,test
videos/FVZu22TdJwc_00.mp4,head-on,0,2.542,32,0.4308651579159526,0.5932839790711619,0.26689098323273774,0.4505164528027519,0.5948393325991674,0.7360515053395721,Virginia,city_street,normal,night,Poor,372,29.958,720,960,test,test
videos/JsJ_gpjIH1k_00.mp4,rear-end,0,0.875,13,0.6488743650195163,0.8211784939802628,0.6079266837934629,0.7449106443459532,0.6898220462455698,0.8974463436145723,Virginia,highway,rain,day,Fine,30,2.0,720,960,train,test
videos/WcZTk9VxOJo_00.mp4,t-bone,0,2.5,37,0.4969286067965125,0.7726614001454011,0.295255150139708,0.575992704280057,0.6986020634533171,0.9693300960107452,Virginia,signalized_intersection,normal,day,Fine,449,29.958,720,960,test,test
videos/LIB4DVkk3lc_00.mp4,single,0,3.7670000000000003,56,0.1437931699222989,0.7007616907284591,0.1257374403211808,0.6763943142361123,0.16184889952341702,0.7251290672208058,Virginia,highway,normal,night,Very_Poor,360,25.3,1080,1920,test,test
videos/5ayuUyxh1aQ_00.mp4,t-bone,0,4.433,82,0.6642809901443951,0.8639191772831827,0.5415022302356975,0.7321815917304056,0.7870597500530928,0.9956567628359597,Virginia,signalized_intersection,normal,night,Fine,475,30.0,1080,1440,test,test
videos/xPNA0BFy_og_00.mp4,t-bone,0,5.367,68,0.3613049097164791,0.49061799329615774,0.30183450460286093,0.4499147690079615,0.4207753148300972,0.531321217584354,Virginia,signalized_intersection,rain,day,Poor,414,29.967,1080,1440,test,test
videos/r-fThmrFOqs_00.mp4,t-bone,0,4.75,71,0.779748289011532,0.4818231962748659,0.6199724811416767,0.39377590230634624,0.9395240968813874,0.5698704902433857,Virginia,signalized_intersection,normal,day,Fine,447,29.917,720,960,test,test
videos/QtrYFnbDjeQ_00.mp4,t-bone,1,5.708,83,0.354632523604114,0.4048481566730617,0.3232868614352299,0.38730887539566755,0.3859781857729982,0.4223874379504558,Virginia,grade_separated_intersection,normal,day,Poor,390,29.958,720,960,test,test
videos/NfK10cGdiFw_00.mp4,t-bone,0,9.992999999999999,150,0.314720236610471,0.4012762324414065,0.22346608624433684,0.32451529860801526,0.4059743869766052,0.4780371662747977,Virginia,signalized_intersection,rain,night,Poor,373,25.236,384,854,test,test
videos/emZJVcNK-q4_00.mp4,t-bone,0,8.6,129,0.7993848822727794,0.7046697649327893,0.6625798939061016,0.528154775431706,0.9361898706394572,0.8811847544338726,Virginia,signalized_intersection,normal,day,Poor,279,20.333,1080,1440,test,test
videos/A8KM8YuiYIw_00.mp4,t-bone,0,5.208,78,0.2132047722658121,0.7410649401024654,0.09817484131711972,0.6197820007158145,0.3282347032145045,0.8623478794891164,Virginia,signalized_intersection,normal,day,Poor,427,29.958,720,960,test,test
videos/BlqSYfAQSEA_00.mp4,t-bone,0,3.917,58,0.7453803727466857,0.38147955784878224,0.69445971218996,0.3290780302895259,0.7963010333034112,0.43388108540803855,Virginia,signalized_intersection,normal,day,Poor,449,29.958,720,960,test,test
videos/34Q7DXby2s4_00.mp4,t-bone,1,3.542,35,0.8515416032816348,0.3534580119476636,0.7463298770894932,0.29698003155090524,0.9567533294737763,0.40993599234442185,Virginia,signalized_intersection,normal,day,Poor,292,29.958,720,960,test,test
videos/SPC9zwYFzdI_00.mp4,t-bone,0,6.0,84,0.6486471578081576,0.5331457834511908,0.5921377017150575,0.4620327386577485,0.7051566139012578,0.6042588282446332,Seattle,signalized_intersection,normal,day,Poor,404,29.917,720,1280,test,test
videos/qkOFqDO_mL4_00.mp4,t-bone,0,3.467,51,0.5975702659492333,0.5026044813289032,0.46047334334061313,0.43987247878152697,0.7346671885578535,0.5653364838762795,Virginia,signalized_intersection,normal,day,Poor,388,26.933,1080,1440,test,test
videos/1ww7Jv5v3QA_00.mp4,t-bone,0,3.542,52,0.5059214977952355,0.4318690920378597,0.41104897750135855,0.3291004573695579,0.6007940180891126,0.5346377267061615,Virginia,signalized_intersection,normal,day,Very_Poor,429,30.0,720,960,test,test
videos/EVNMnYgWIuk_00.mp4,t-bone,0,6.375,90,0.5164243354374077,0.408447691618078,0.44255564733925895,0.3391804537784184,0.5902930235355566,0.4777149294577376,Virginia,signalized_intersection,normal,day,Poor,414,29.875,720,960,test,test
videos/_BvchcqS_KQ_00.mp4,t-bone,0,6.083,61,0.9057260238151896,0.34084635075728575,0.8227789167466268,0.28194162331525585,0.9886731308837524,0.3997510781993157,Virginia,signalized_intersection,normal,night,Poor,288,30.0,720,960,test,test
videos/w7lzIHFlSsE_00.mp4,head-on,0,4.8,78,0.6608811159755036,0.4591045754442118,0.5319895537723024,0.3744287903019624,0.7897726781787048,0.5437803605864612,Virginia,signalized_intersection,normal,day,Fine,528,30.0,1080,1440,test,test
videos/X0xzhXbBngE_00.mp4,t-bone,0,8.708,130,0.6094700431061073,0.319363139710355,0.5295429538960308,0.2554483327496697,0.6893971323161837,0.38327794667104037,Virginia,signalized_intersection,normal,day,Fine,449,30.0,720,960,test,test
videos/2W7S_-7F6S8_00.mp4,t-bone,0,4.667,70,0.4208292117590708,0.3601360870290692,0.3509634738498271,0.3169968894675936,0.49069494966831445,0.40327528459054485,Virginia,signalized_intersection,normal,day,Poor,447,29.958,720,960,test,test
videos/8sg1ollKgh4_00.mp4,t-bone,0,2.875,36,0.6796370633831139,0.31438058688684883,0.5406087371996718,0.2397773046681188,0.8186653895665561,0.38898386910557886,Virginia,signalized_intersection,normal,day,Poor,401,29.917,720,960,test,test
videos/917eW1YYvc4_00.mp4,t-bone,0,5.458,81,0.8015586636696788,0.6815183498526132,0.6031173273393576,0.4708635716421533,1.0,0.8921731280630731,Virginia,signalized_intersection,normal,day,Fine,105,7.125,720,960,test,test
videos/q0ReAwAoB6c_00.mp4,t-bone,0,9.711,146,0.3780170359072248,0.49081077027658576,0.361936405310402,0.4703117736382423,0.39409766650404765,0.5113097669149292,Virginia,grade_separated_intersection,normal,day,Very_Poor,366,25.148,384,854,test,test
videos/dpwGsUssZeE_00.mp4,t-bone,0,7.25,84,0.4638742319911731,0.8216038535530523,0.3726288360504125,0.7426239808119304,0.5551196279319337,0.9005837262941744,Virginia,signalized_intersection,normal,night,Poor,415,29.917,720,960,test,test
videos/yzLkvjtWFeI_00.mp4,t-bone,0,5.5,82,0.5876951408862112,0.5891359343186586,0.5178965993432548,0.5241646487900518,0.6574936824291677,0.6541072198472656,Virginia,signalized_intersection,normal,day,Fine,449,29.958,720,960,test,test
videos/5kZFvkKPHsc_00.mp4,t-bone,0,2.1660000000000004,32,0.5361813483717577,0.8587104701005732,0.38259230982930414,0.7662886663584965,0.6897703869142112,0.95113227384265,Virginia,signalized_intersection,normal,day,Poor,426,28.415999999999997,720,960,test,test
videos/Iu6k6jWZGZ0_00.mp4,rear-end,0,6.066666000000001,76,0.6346090002292797,0.5257196501877683,0.4502066573023814,0.19910334249975342,0.8190113431561779,0.8523359578757832,USA,city_street,normal,day,Good,420,29.933333,360,636,test,test
videos/oPHbqlp1o5k_00.mp4,sideswipe,0,3.816666,73,0.5508142469002393,0.5009755691656466,0.3956241830768489,0.3495822920915227,0.7060043107236298,0.6523688462397703,USA,city_street,snow,night,Good,332,23.966666,886,1920,test,test
videos/X09_GoSwRR0_00.mp4,t-bone,0,22.333,353,0.3425940001329303,0.3495848428147369,0.16535107278204464,0.22773030754008708,0.5198369274838159,0.4714393780893867,World,signalized_intersection,normal,night,Poor,536,29.366999999999997,1080,1920,test,train
videos/ej0GaDepmoQ_00.mp4,single,0,1.367,34,0.6786656732005752,0.28910384249423593,0.6384329916188,0.24783566364990292,0.7188983547823505,0.3303720213385689,World,city_street,normal,night,Fine,590,29.799999999999997,1080,1920,test,train
videos/LAojlJEDJ2w_00.mp4,t-bone,1,3.667,93,0.4084086744983063,0.45406584957536184,0.26094874000309226,0.26928775151293705,0.5558686089935204,0.6388439476377866,World,simple_intersection,normal,day,Excellent,760,29.9,1080,1920,test,train
videos/2U2gPpmCg_o_00.mp4,single,0,6.917,103,0.8094041326384311,0.2521356918989029,0.7930963071273279,0.23504052114841992,0.8257119581495342,0.2692308626493859,Virginia,highway,normal,night,Very_Poor,446,29.917,720,960,test,test
videos/iOQcKQHd1og_00.mp4,sideswipe,0,6.725,101,0.5435419468366437,0.39847861057446327,0.5349352163970469,0.38208232820034027,0.5521486772762405,0.41487489294858626,Virginia,highway,normal,day,Very_Poor,123,8.196,1080,2400,test,test
videos/ebEA6IpCT5w_00.mp4,sideswipe,0,9.957,150,0.3453770366231921,0.43110868863909757,0.33357471357516794,0.4175132599495993,0.3571793596712162,0.4447041173285958,Virginia,highway,normal,day,Very_Poor,443,29.509999999999998,1080,2400,test,test
videos/E56s-zfz2QE_00.mp4,rear-end,0,11.618,173,0.46585171069765896,0.4631234945503119,0.4352577942037476,0.4162631564670139,0.49644562719157026,0.5099838326336099,Virginia,highway,normal,day,Poor,373,25.012999999999998,384,854,test,test
videos/FJcKTvBI75U_00.mp4,t-bone,0,5.138467,99,0.3973682892933307,0.4279767360443489,0.24676745359349517,0.2863547243337238,0.5479691249931662,0.569598747754974,World,simple_intersection,rain,day,Good,1169,58.425033,720,1280,test,train
videos/FJcKTvBI75U_01.mp4,sideswipe,0,10.844167,262,0.45196235017000197,0.5841985987866767,0.36068931312728886,0.4584193564210375,0.5432353872127151,0.7099778411523159,World,signalized_intersection,snow,day,Good,376,15.4154,720,1280,test,train
videos/FJcKTvBI75U_02.mp4,single,0,18.5185,375,0.2860029262344139,0.5575310536918214,0.23766240590484244,0.4040098442421418,0.33434344656398546,0.7110522631415009,World,parking_lot,snow,day,Excellent,402,20.1201,720,1280,test,train
videos/O0v2MBUkTGk_00.mp4,head-on,0,6.6066,160,0.7509124648010627,0.46792210487311525,0.7045154921220852,0.3979965836210172,0.7973094374800401,0.5378476261252133,World,simple_intersection,normal,day,Fine,206,8.274933,720,1280,test,train
videos/TXZfPbiopOE_00.mp4,sideswipe,0,5.271933,127,0.6221114029852757,0.7612706116826062,0.4296053914011395,0.5639696602586515,0.8146174145694118,0.9585715631065611,World,signalized_intersection,normal,day,Good,320,13.046367,720,1280,test,train
videos/r0IIrqV5xPo_00.mp4,single,0,5.939267,148,0.6652068507460658,0.43927217339795177,0.6385684767463029,0.4199931672917593,0.6918452247458287,0.4585511795041443,World,highway,snow,day,Poor,357,14.280933,720,1280,test,train
videos/XESYC4RcqGQ_00.mp4,t-bone,0,5.238567,131,0.4329752707338355,0.5636612158166456,0.2901316770168255,0.436169467572227,0.5758188644508455,0.6911529640610642,World,simple_intersection,rain,day,Good,449,17.951266999999998,720,1280,test,train
videos/XESYC4RcqGQ_01.mp4,t-bone,0,8.441767,93,0.4407738902231067,0.47129782596128755,0.33398819648713196,0.38977322155788835,0.5475595839590814,0.5528224303646867,World,simple_intersection,snow,day,Good,165,16.4164,720,1280,test,train
videos/XESYC4RcqGQ_02.mp4,t-bone,0,3.3033,66,0.3888794841121317,0.2895000821021414,0.28108579773168524,0.20269110939843307,0.4966731704925782,0.3763090548058497,World,signalized_intersection,normal,day,Good,364,18.985633,720,1280,test,train
videos/XESYC4RcqGQ_03.mp4,t-bone,0,5.5055,110,0.3986182508952877,0.45348918101611124,0.33453428773112537,0.3848710315470616,0.46270221405945006,0.5221073304851609,World,signalized_intersection,snow,day,Fine,320,15.982633000000002,720,1280,test,train
videos/XESYC4RcqGQ_04.mp4,t-bone,0,4.170833,84,0.4334214565210895,0.4840298443807603,0.3760823904054097,0.4493855808476922,0.4907605226367693,0.5186741079138284,World,signalized_intersection,snow,day,Fine,290,14.381032999999999,720,1280,test,train
videos/OjjbNRuOJhc_00.mp4,t-bone,0,4.771433,72,0.7707733301090708,0.49708716704492795,0.7033907215182258,0.43587057930246487,0.8381559386999158,0.558303754787391,World,signalized_intersection,normal,day,Fine,103,6.9736329999999995,720,1280,test,train
videos/OjjbNRuOJhc_01.mp4,sideswipe,0,5.338667,91,0.5373245542958801,0.20066386879131423,0.48272907520022273,0.11899463995655087,0.5919200333915374,0.2823330976260776,World,signalized_intersection,normal,day,Good,290,16.383033,720,1280,test,train
videos/vOurgVV6O90_00.mp4,t-bone,0,2.1021,53,0.23581384532141547,0.22669533849026408,0.20017961598405046,0.1998625144095016,0.2714480746587805,0.25352816257102656,World,signalized_intersection,snow,night,Poor,328,13.146466,720,1280,test,train
videos/bys_qghQe0w_00.mp4,t-bone,0,3.92,87,0.5974883473871324,0.16431697998123182,0.4568028676609048,0.088950705151098,0.73817382711336,0.23968325481136565,World,city_street,rain,day,Fine,239,10.0,1080,1920,test,train
videos/bys_qghQe0w_01.mp4,rear-end,1,4.119999999999999,95,0.1688114561995587,0.34540850968334225,0.14378343235929378,0.2979660109568787,0.19383948003982363,0.3928510084098058,World,highway,normal,day,Fine,115,4.92,1080,1920,test,train
videos/bys_qghQe0w_02.mp4,t-bone,0,7.68,141,0.4126571035827147,0.1931283234335998,0.3279454090699517,0.12255563375630837,0.4973687980954777,0.2637010131108913,World,simple_intersection,normal,day,Good,200,10.6,1080,1920,test,train
videos/bys_qghQe0w_03.mp4,t-bone,0,6.8,155,0.5900084608348088,0.324477288798993,0.4881352769393838,0.2643493182484364,0.691881644730234,0.38460525934954964,World,simple_intersection,normal,day,Fine,227,10.04,1080,1920,test,train
videos/qnyC61bVCJQ_00.mp4,sideswipe,0,7.458333,112,0.6042549494028467,0.5732646436522768,0.5542959132483507,0.5299529895982282,0.6542139855573428,0.6165762977063255,Virginia,highway,normal,night,Poor,449,29.958333,720,960,train,test
videos/-gbcp_G6NAE_00.mp4,single,0,15.566666,432,0.21728469109236812,0.32326671115509154,0.17772166752317464,0.26417497815018576,0.2568477146615616,0.38235844415999726,World,parking_lot,normal,day,Good,1037,38.099999999999994,720,1280,test,train
videos/Pd6Ii4dcaUg_00.mp4,t-bone,0,6.618,99,0.5186734227312281,0.6336834006043209,0.4134470295916339,0.4914598120024825,0.6238998158708223,0.7759069892061593,Virginia,signalized_intersection,normal,day,Poor,372,24.777,1080,2400,test,test
videos/0HjhBBGQT-0_00.mp4,single,0,9.418,141,0.5261043692867771,0.5684554150572383,0.5203460157769966,0.5606391305894456,0.5318627227965574,0.5762716995250309,Virginia,highway,normal,day,Very_Poor,380,25.332,1080,2400,test,test
videos/r1fGrsOle9M_00.mp4,single,0,10.021,121,0.1212429861913295,0.24082037518437066,0.10370400033074954,0.21252339039216492,0.13878197205190948,0.26911735997657643,Virginia,tunnel,rain,day,Fine,329,29.931,1080,2400,test,test
videos/J7Biq7X1kxQ_00.mp4,single,0,1.833,26,0.2612652610806,0.28094955073490807,0.24954708101316342,0.2718690864564316,0.2729834411480365,0.29003001501338455,Virginia,highway,normal,night,Very_Poor,99,6.7,1080,1920,test,test
videos/EBUkwCDDOIU_00.mp4,rear-end,0,9.545,142,0.3378707133412283,0.30097197123075736,0.32454252396712796,0.273345535173826,0.35119890271532866,0.32859840728768874,Virginia,highway,normal,day,Poor,438,29.55,1080,2400,test,test
videos/HLK2xLUfMsM_00.mp4,single,0,9.458,142,0.3584682183717951,0.42849840413727536,0.34236920939785337,0.40826727569715077,0.37456722734573683,0.4487295325774,Virginia,highway,normal,day,Poor,218,14.5,720,960,train,test
videos/9E91OEkRB-4_00.mp4,t-bone,0,1.292,19,0.7461270633416089,0.7862199992101485,0.6007816605684927,0.6458539063573173,0.8914724661147252,0.9265860920629797,Seattle,signalized_intersection,normal,day,Good,449,29.958,720,1280,test,test
videos/1_FuS-_ctGY_00.mp4,t-bone,0,2.792,42,0.6644021578905248,0.6384689709317344,0.5448569253020461,0.5396756084406998,0.7839473904790035,0.737262333422769,Seattle,signalized_intersection,normal,day,Good,454,29.958,720,1280,test,test
videos/Ywhp-yEW60k_00.mp4,head-on,0,3.167,62,0.41645845024905814,0.2801944064717123,0.32628402908607845,0.22812162711856873,0.5066328714120378,0.33226718582485587,Seattle,signalized_intersection,normal,day,Fine,595,29.958,720,1280,test,test
videos/n_U9loEcX54_00.mp4,sideswipe,0,11.2,335,0.24352567532265842,0.24077265576773388,0.22383546646485436,0.22288592460856635,0.2632158841804625,0.25865938692690144,Seattle,signalized_intersection,normal,day,Fine,419,14.0,720,1280,test,test
videos/t1jKUTg1Qq0_00.mp4,sideswipe,0,5.035713999999999,137,0.3520139835590127,0.19166452913790366,0.31992908708813894,0.16480588878508587,0.38409888002988646,0.21852316949072145,Seattle,signalized_intersection,normal,day,Good,631,26.821428,720,1280,test,test
videos/xlwF4_7_JIs_00.mp4,t-bone,0,3.4,101,0.6524076044343354,0.604316046508422,0.6143850487177758,0.5483229759677123,0.6904301601508952,0.6603091170491316,Seattle,signalized_intersection,rain,day,Fine,899,30.0,720,1280,test,test
videos/SBTD7z4A1y8_00.mp4,head-on,0,1.6,47,0.6924588061705499,0.8451421969209509,0.5490809277181313,0.6911242544517583,0.8358366846229685,0.9991601393901436,Seattle,signalized_intersection,normal,day,Excellent,899,30.0,1080,1920,train,test
videos/4y9dRdOoEzE_00.mp4,sideswipe,0,5.633333,167,0.18034760505371772,0.30700370529166615,0.13790327503283442,0.27442019233185166,0.22279193507460104,0.33958721825148064,Seattle,signalized_intersection,normal,day,Excellent,739,24.833333,720,1080,test,test
videos/poiJgI2OE-w_00.mp4,sideswipe,1,9.866665999999999,296,0.5591146019860801,0.36909722657677296,0.5220551695855357,0.33256847265119327,0.5961740343866245,0.40562598050235266,Seattle,signalized_intersection,rain,night,Fine,873,30.0,480,854,test,test
videos/pYs0DHkGyec_00.mp4,single,0,2.958,38,0.7477496265194437,0.1397169587977049,0.7272298599328139,0.10987626085995578,0.7682693931060736,0.16955765673545406,Seattle,signalized_intersection,normal,night,Poor,241,29.958,720,1280,test,test
videos/UjwqemSQkbQ_00.mp4,sideswipe,0,2.76,69,0.6216285995648436,0.7425546109818348,0.5871869911388553,0.6888398816331759,0.656070207990832,0.7962693403304937,Seattle,city_street,normal,day,Good,547,25.28,720,1280,test,test
videos/PAStSUrr8h0_00.mp4,t-bone,0,1.8330000000000002,37,0.7115209887314089,0.3045902272913058,0.5922906816255439,0.19518330542989165,0.830751295837274,0.41399714915271996,Seattle,signalized_intersection,normal,night,Fine,377,18.866,720,1280,test,test
videos/S7Wa2Cag7ik_00.mp4,single,0,6.042,90,0.6402763492973578,0.4355294198013414,0.6096273398537017,0.4193187960069929,0.670925358741014,0.45174004359568987,Seattle,signalized_intersection,normal,day,Fine,449,29.958,720,1080,test,test
videos/cYmWOy46zF8_00.mp4,single,0,1.5,45,0.4560219167539572,0.18811900331827108,0.4418269840158372,0.1708946952666815,0.47021684949207715,0.20534331136986064,Seattle,signalized_intersection,normal,day,Good,594,19.8,1080,1920,train,test
videos/KZq065NiqZM_00.mp4,t-bone,0,5.233333,157,0.553211922663093,0.3601273818978973,0.5151757069854626,0.33610369909014043,0.5912481383407235,0.3841510647056541,Seattle,city_street,normal,day,Good,383,12.766665999999999,720,1280,test,test
videos/Q90j5Irrj9g_00.mp4,t-bone,0,15.833,475,0.48299821873898285,0.38037637600597274,0.44298452787902437,0.34483772132387425,0.5230119095989413,0.4159150306880713,Seattle,city_street,rain,night,Poor,899,29.967,720,1280,test,test
videos/OBYOHYWB8XE_00.mp4,t-bone,0,3.708333,63,0.7048967939912534,0.4503278657527247,0.6475151550964909,0.3566124266263151,0.7622784328860159,0.5440433048791343,Seattle,signalized_intersection,normal,night,Good,509,29.916666,720,1280,test,test
videos/93SNo1CTA_w_00.mp4,head-on,0,2.458333,45,0.30411721523054924,0.5770036151868732,0.2159573684570944,0.476466066894803,0.39227706200400403,0.6775411634789432,Seattle,signalized_intersection,normal,day,Good,540,29.958333,720,1280,train,test
videos/LQ3ERldwsJQ_00.mp4,head-on,0,8.267,207,0.47128076087752,0.28472281676961847,0.3925500558021776,0.24136029481559643,0.5500114659528624,0.32808533872364054,Seattle,signalized_intersection,normal,night,Fine,858,30.0,720,1280,train,test
videos/BJ2kS9k9sZI_00.mp4,sideswipe,0,7.8,156,0.6569063367664749,0.2574160011918063,0.6181113852416009,0.22429051407073158,0.6957012882913489,0.29054148831288096,Seattle,signalized_intersection,normal,day,Fine,588,29.95,360,640,test,test
videos/MXoQL7GPBts_00.mp4,t-bone,0,4.538,116,0.5010527410099719,0.3558860880671226,0.45042997992529576,0.32350266942095696,0.5516755020946481,0.3882695067132882,Seattle,signalized_intersection,normal,day,Fine,141,5.5,720,1280,test,test
videos/39Ac-6i9SVM_00.mp4,head-on,0,4.3333330000000005,129,0.408741019222983,0.2598259507192012,0.37900644527104765,0.22874400797063318,0.4384755931749183,0.2909078934677693,Seattle,signalized_intersection,rain,night,Fine,897,29.966666,720,1280,test,test
videos/G9G97Pf8hMk_00.mp4,t-bone,0,5.167,97,0.6534060473046505,0.42472993520186086,0.5964572849618928,0.35286394882662586,0.7103548096474082,0.4965959215770959,Seattle,signalized_intersection,normal,day,Fine,562,29.958,720,1280,test,test
videos/YlhV3d6sFhY_00.mp4,head-on,0,2.5,74,0.6569520281186647,0.35545521948062103,0.603307998884927,0.29547163052533576,0.7105960573524025,0.4154388084359063,Seattle,signalized_intersection,rain,night,Poor,898,29.967,720,1280,test,test
videos/Au7DlgzqzEo_00.mp4,head-on,0,3.291666,55,0.5559380483921662,0.27061711223851886,0.49660475841181057,0.22278930775985625,0.6152713383725218,0.31844491671718145,Seattle,signalized_intersection,rain,day,Good,509,29.958333,720,1280,test,test
videos/8G56ILxFFNM_00.mp4,sideswipe,0,11.379311000000001,262,0.31372586633255534,0.7951206294383636,0.09758157868063458,0.6342258609205307,0.5298701539844761,0.9560153979561965,Seattle,signalized_intersection,normal,day,Good,495,21.172414,720,1280,test,test
videos/1O-y5PmPWdU_00.mp4,t-bone,0,3.667,110,0.3397575902839767,0.39971833033582094,0.2671353203290646,0.2744345815425712,0.4123798602388888,0.5250020791290707,Seattle,signalized_intersection,normal,day,Fine,899,29.967,720,1280,test,test
videos/ODXaUnji7LI_00.mp4,single,0,5.2857140000000005,132,0.37227633293690665,0.18829808872675904,0.32551513218425804,0.15353756952346076,0.4190375336895552,0.22305860793005733,Seattle,signalized_intersection,normal,day,Good,517,29.928571,720,1280,train,test
videos/vFEHKkVl-og_00.mp4,head-on,0,3.1666659999999998,64,0.6533608571189793,0.39832424574171826,0.6046559424378339,0.3571014235014496,0.7020657718001246,0.43954706798198695,Seattle,city_street,normal,day,Good,663,29.966666,720,1280,test,test
videos/eQ8yX8V88l8_00.mp4,sideswipe,0,3.533333,106,0.40309198942631574,0.6517564041478178,0.29128777612735396,0.49411372139640614,0.5148962027252775,0.8093990868992293,Seattle,signalized_intersection,normal,night,Good,825,29.966666,720,1280,test,test
videos/8ohINS1qks8_00.mp4,single,0,6.758621000000001,178,0.5191847361477546,0.6079685910373849,0.4762080298192406,0.5616248709027012,0.5621614424762688,0.6543123111720686,Seattle,signalized_intersection,normal,day,Good,818,29.965518,720,1280,test,test
videos/jT5Kpwh7mBE_00.mp4,head-on,0,3.517,101,0.740886123744301,0.36233590721812886,0.6726870128335245,0.30705069521082734,0.8090852346550775,0.4176211192254304,Seattle,signalized_intersection,rain,day,Fine,868,29.966,720,1280,test,test
videos/fgsiojBKfKY_00.mp4,t-bone,0,6.346154,139,0.513376001478896,0.5760906226631686,0.478238684770361,0.555813234947417,0.5485133181874308,0.5963680103789203,Seattle,signalized_intersection,normal,day,Good,627,29.923077,720,1280,test,test
videos/NdXcu0X1nH8_00.mp4,head-on,0,9.292,183,0.15502915332106895,0.7233484463446904,0.10324580854975807,0.54174841993184,0.20681249809237984,0.904948472757541,Seattle,signalized_intersection,normal,day,Fine,566,29.958,720,1280,test,test
videos/jx00BpwvIEc_00.mp4,t-bone,0,8.375,149,0.6849405877642452,0.4118008066406088,0.5733350785811046,0.10238894969842544,0.7965460969473857,0.7212126635827922,Seattle,signalized_intersection,normal,day,Good,331,17.5,720,1280,test,test
videos/lkIQC6QRbys_00.mp4,t-bone,0,3.2,48,0.23566884130101684,0.7979904656093333,0.05122229654839146,0.6042866392444769,0.42011538605364224,0.9916942919741898,Seattle,signalized_intersection,normal,night,Fine,82,5.467,720,1280,test,test
videos/jNwobbqjKiE_00.mp4,t-bone,0,14.208333,192,0.5994793178372846,0.7914609396747652,0.4689702139020985,0.6944780016956859,0.7299884217724706,0.8884438776538446,Seattle,signalized_intersection,normal,day,Good,422,29.875,720,1280,test,test
videos/YXj8m_rAyaE_00.mp4,head-on,0,11.416666,205,0.5652249605930623,0.3272970446131134,0.49051610515653765,0.2590604299376579,0.6399338160295869,0.39553365928856893,Seattle,signalized_intersection,normal,night,Good,280,15.833333,720,1280,train,test
videos/pJD9bGTb5Mo_00.mp4,t-bone,0,5.538461,115,0.44700729971886594,0.5549977073595377,0.35511966650409954,0.4614117635703536,0.5388949329336323,0.6485836511487217,Seattle,signalized_intersection,rain,night,Good,561,29.961537999999997,720,1280,test,test
videos/JAVaEV-aUjM_00.mp4,t-bone,0,2.233333,54,0.18287464440668988,0.8559648604695276,0.025544613527539183,0.7119457701191347,0.3402046752858406,0.9999839508199203,Seattle,signalized_intersection,normal,day,Excellent,106,4.233333,720,1280,test,test
videos/nROU35t27G4_00.mp4,t-bone,0,2.276,66,0.6443234150538096,0.8478023092625044,0.28892356216285625,0.6960086598432428,0.999723267944763,0.9995959586817662,Seattle,signalized_intersection,normal,day,Good,869,29.966,720,1280,test,test
videos/SS38UP-0QnU_00.mp4,sideswipe,0,4.583,91,0.5383144590382164,0.3282223850935637,0.4763907134006075,0.24130422739557686,0.6002382046758252,0.4151405427915506,Seattle,signalized_intersection,rain,day,Fine,560,28.958,720,1280,test,test
videos/BwR4-5ASq1k_00.mp4,t-bone,0,3.375,80,0.7485523098158076,0.9405742200067073,0.5336473006771333,0.8815523353419141,0.963457318954482,0.9995961046715004,Seattle,city_street,normal,day,Fine,684,29.958,720,1080,test,test
videos/gXDhzlVtCXI_00.mp4,head-on,0,3.333,42,0.8031322675434442,0.8170976508998988,0.7253519086399568,0.7580778615449516,0.8809126264469318,0.876117440254846,Seattle,signalized_intersection,normal,day,Fine,380,30.0,720,1280,test,test
videos/NmExQpJsyOA_00.mp4,t-bone,0,4.300000000000001,129,0.3917895188434784,0.42923176745043917,0.35640651475838325,0.40772081159876356,0.42717252292857355,0.4507427233021148,Seattle,city_street,normal,day,Fine,899,29.966666,720,1280,test,test
videos/sxonKsim9qE_00.mp4,sideswipe,0,7.7,115,0.3914806739258975,0.5660750607761205,0.32899107988741405,0.5211858039741575,0.453970267964381,0.6109643175780833,Seattle,signalized_intersection,rain,night,Poor,449,29.967,1080,1620,test,test
videos/fIwRdglX1WE_00.mp4,sideswipe,0,1.2000000000000002,36,0.6027355610414764,0.14370613538767177,0.5711809703364082,0.11951365127038201,0.6342901517465447,0.16789861950496154,Seattle,signalized_intersection,normal,day,Good,92,3.132999999999999,1080,1920,test,test
videos/YrKYYuQHW9M_00.mp4,sideswipe,0,10.333333,291,0.5533234988788469,0.410799966081584,0.45269794328329355,0.2441987850593924,0.6539490544744002,0.5774011471037755,Seattle,signalized_intersection,normal,day,Excellent,880,30.0,720,1280,test,test
videos/taahlmWl1Pc_00.mp4,sideswipe,0,4.0,103,0.6135593340181982,0.6177271392957365,0.5677760118729405,0.5297236888238264,0.6593426561634559,0.7057305897676467,Seattle,signalized_intersection,normal,night,Poor,810,29.967,720,1280,test,test
videos/Yf9mgizvxiE_00.mp4,t-bone,0,4.866666,146,0.4440575853643006,0.8282092050077259,0.24299634267492726,0.6564185730044595,0.645118828053674,0.9999998370109923,Seattle,simple_intersection,normal,night,Good,742,29.933333,720,1280,test,test
videos/c-nmxpXGBaA_00.mp4,t-bone,0,3.1,39,0.4243936334302042,0.3950547051925469,0.3772294588338248,0.37160073381578346,0.47155780802658354,0.4185086765693103,Seattle,signalized_intersection,normal,day,Fine,170,13.933,1080,1620,test,test
videos/7QawsvO1F1M_00.mp4,head-on,0,6.583,100,0.5204901727268544,0.20885517420652092,0.4850214611222327,0.17221969002765677,0.5559588843314761,0.24549065838538506,Seattle,highway,rain,day,Good,451,30.0,720,1280,test,test
videos/g_x7gdvFBWk_00.mp4,t-bone,0,5.0,100,0.23499055548819853,0.44497941906955574,0.13908492582415022,0.3110104502506433,0.33089618515224684,0.5789483878884683,Seattle,signalized_intersection,rain,night,Good,599,30.05,360,640,test,test
videos/JHmNWiEhINQ_00.mp4,rear-end,0,13.567,405,0.3455175223408501,0.4689293306748169,0.3004025826805398,0.37133999843246984,0.3906324620011604,0.5665186629171639,Seattle,signalized_intersection,normal,night,Good,898,30.0,1080,1920,train,test
videos/BwSlVnQTtNo_00.mp4,rear-end,0,5.586207000000001,162,0.5396040831314108,0.14394493321821242,0.5244497827119484,0.12304808863361981,0.5547583835508731,0.164841777802805,Seattle,signalized_intersection,normal,day,Good,358,12.344828,720,1280,test,test
videos/b9pzQFB39ZU_00.mp4,rear-end,0,6.367,191,0.5002832878960507,0.3988366474397357,0.4760526869032118,0.35008138020833335,0.5245138888888896,0.44759191467113807,Seattle,signalized_intersection,normal,night,Poor,750,25.1,1080,1920,test,test
videos/ZQU-7hSIJ-s_00.mp4,sideswipe,0,6.583,158,0.7620930039869585,0.7769931379190249,0.6021753413517497,0.5554590027541786,0.9220106666221672,0.9985272730838712,Seattle,signalized_intersection,normal,day,Good,236,9.833,720,1280,test,test
videos/94fta3ZwkM0_00.mp4,rear-end,0,4.625,92,0.8894249449111953,0.33503215415548304,0.8262171380436806,0.2886229625849797,0.9526327517787101,0.3814413457259863,Seattle,signalized_intersection,normal,night,Fine,598,29.917,720,1280,test,test
videos/NIwmS3dbHY0_00.mp4,rear-end,0,3.1666659999999998,71,0.4770566806190613,0.5932920578937633,0.4217203122386901,0.4880990532371858,0.5323930489994325,0.6984850625503407,Seattle,signalized_intersection,normal,night,Good,157,6.4,720,1280,train,test
videos/dHWTcKj5oY4_00.mp4,rear-end,0,6.7,201,0.26656279924213233,0.5307118133964828,0.21726908365885436,0.46343894675925956,0.31585651482541033,0.5979846800337059,Seattle,signalized_intersection,normal,night,Fine,600,30.0,720,1280,test,test
videos/gkyJ3CwetQY_00.mp4,rear-end,0,4.291666,64,0.42646524461200297,0.6875555179677656,0.28477301711506114,0.3990344031933748,0.5681574721089447,0.9760766327421564,Seattle,signalized_intersection,normal,day,Excellent,150,9.875,720,1080,train,test
videos/2PtXKoTbv0c_00.mp4,t-bone,0,3.167,94,0.6485986303277711,0.13467103990921536,0.6179471667504274,0.11388228903611232,0.6792500939051147,0.15545979078231842,Seattle,signalized_intersection,normal,day,Good,897,29.967,720,1280,test,test
videos/Fix7_GpawXw_00.mp4,rear-end,0,10.222,276,0.5395984257062748,0.5256748262700719,0.5209996394652535,0.4875963708647566,0.5581972119472961,0.5637532816753871,Seattle,highway,normal,day,Fine,809,29.963,720,1280,train,test
videos/RcjhhMTuVSs_00.mp4,head-on,0,2.75,77,0.5164423170932132,0.3954971339989992,0.4179895612970365,0.30571908205757203,0.6148950728893898,0.4852751859404264,Seattle,signalized_intersection,normal,day,Fine,840,30.0,720,1280,test,test
videos/wHixrZXgXRI_00.mp4,t-bone,0,2.448,66,0.7476565006248233,0.7762933555666744,0.6936217851152435,0.6669953979743639,0.8016912161344031,0.8855913131589849,Seattle,signalized_intersection,normal,day,Poor,863,29.966,720,1280,test,test
videos/fEprGEfHTZE_00.mp4,head-on,0,2.84,71,0.07450150386007906,0.8334288480256212,0.03043618620310203,0.7309398695104442,0.11856682151705608,0.9359178265407982,Seattle,signalized_intersection,normal,day,Poor,728,29.96,720,1280,test,test
videos/nKi8Onx1jI4_00.mp4,single,0,3.8333329999999997,115,0.7882689815993915,0.31694423316721143,0.7395109264863241,0.2825198572561417,0.837027036712459,0.3513686090782812,Seattle,city_street,normal,day,Good,856,29.966666,720,1280,test,test
videos/MruMFUBosJU_00.mp4,single,0,4.233,126,0.6823966153017503,0.5926550685342047,0.6371169447217848,0.5509519621588184,0.7276762858817158,0.6343581749095909,Seattle,signalized_intersection,normal,night,Fine,899,30.1,1080,1920,test,test
videos/L2cVGFG5rwE_00.mp4,rear-end,0,5.296296,127,0.5981355584682411,0.33693465294767844,0.5638006476726981,0.25060227257918927,0.6324704692637841,0.42326703331616755,Seattle,city_street,normal,night,Excellent,694,29.962963000000002,720,1280,train,test
videos/GBKfe2jmXn4_00.mp4,single,0,3.333,97,0.5704730204144326,0.1719659654888565,0.5454075967464258,0.15207232421633105,0.5955384440824394,0.19185960676138197,Seattle,grade_separated_intersection,normal,night,Poor,687,24.4,720,1280,train,test
videos/pPBBcgLkgfE_00.mp4,single,0,16.766666,305,0.3942652879930319,0.35377779944345356,0.36615346694490164,0.33322579044768524,0.42237710904116216,0.3743298084392218,Seattle,signalized_intersection,rain,night,Fine,356,18.666666000000003,720,1280,test,test
videos/aDBb3QMnKZc_00.mp4,head-on,0,5.333,106,0.3002130022544184,0.09176790837878308,0.24252080634251832,0.046299578819241134,0.35790519816631844,0.13723623793832504,Seattle,signalized_intersection,normal,day,Fine,599,30.0,720,1280,test,test
videos/T24gWiWxbZs_00.mp4,head-on,0,2.833,56,0.2080564095643697,0.6669559499660414,0.13892072174995035,0.5566601770029155,0.277192097378789,0.7772517229291671,Seattle,signalized_intersection,rain,night,Fine,500,25.083,720,1280,test,test
videos/3dL7_KqiBoo_00.mp4,head-on,0,6.200000000000001,186,0.472315868548254,0.15626800836480892,0.44519476060054647,0.1406064294350045,0.49943697649596164,0.1719295872946133,Seattle,signalized_intersection,normal,day,Fine,817,27.233,1080,1920,test,test
videos/9xwZ_urlz-k_00.mp4,t-bone,0,3.583,71,0.47363802357942175,0.3181754336548356,0.40396745168833614,0.20971827600096143,0.5433085954705074,0.42663259130870973,Virginia,signalized_intersection,normal,day,Good,597,29.917,720,1280,test,test
videos/tmklYgHVZcY_00.mp4,head-on,0,6.6,197,0.574451427864676,0.5960664807065128,0.5126224608847239,0.5228886598986382,0.6362803948446281,0.6692443015143874,Seattle,signalized_intersection,normal,night,Poor,898,29.967,720,1280,test,test
videos/W0KJ7kxqtQo_00.mp4,head-on,0,3.667,56,0.5864060171362702,0.5804728677406333,0.47805435560907156,0.46955581636691057,0.6947576786634688,0.6913899191143561,Seattle,signalized_intersection,normal,day,Good,319,21.208,720,1280,train,test
videos/JEclWwaL-Ps_00.mp4,head-on,0,6.4,135,0.543876450582286,0.2713931619467022,0.4807295166498673,0.20355674752694325,0.6070233845147047,0.33922957636646117,Seattle,signalized_intersection,normal,night,Fine,643,30.0,1080,1920,train,test
videos/UjEFjnXKXXc_00.mp4,head-on,0,5.542,79,0.6364627471934775,0.275809529379732,0.5889303775571708,0.26115313616407665,0.6839951168297842,0.2904659225953874,Seattle,signalized_intersection,normal,night,Fine,91,6.333,720,1080,train,test
videos/eaAiEUwvy20_00.mp4,head-on,0,5.6,167,0.6783015054099837,0.6698100486107327,0.6070393195695378,0.6247771644854841,0.7495636912504295,0.7148429327359812,Seattle,signalized_intersection,normal,night,Fine,899,30.0,720,1280,train,test
videos/dMUTwvfgKFQ_00.mp4,t-bone,0,10.233,306,0.5355633259238892,0.6386683712126311,0.4684797591759573,0.5352618775573735,0.602646892671821,0.7420748648678888,Seattle,signalized_intersection,normal,day,Good,904,30.0,1080,1920,test,test
videos/fEijKQwtcD4_00.mp4,t-bone,0,6.291666,110,0.4899125996322319,0.23641969385779266,0.41413905283818436,0.16200047069249582,0.5656861464262793,0.31083891702308947,Seattle,signalized_intersection,normal,night,Fine,564,29.958333,720,1280,test,test
videos/QiPUrCmw4xk_00.mp4,head-on,0,7.292,145,0.2031240259778201,0.13962009317963545,0.14493400084863925,0.10158800429712418,0.26131405110700096,0.17765218206214672,Seattle,signalized_intersection,normal,night,Fine,598,29.917,720,1280,train,test
videos/mUvPuML7-2k_00.mp4,head-on,0,3.3,98,0.4890514093771949,0.15037251059879264,0.3982208875451423,0.11219528103267665,0.5798819312092475,0.1885497401649086,Seattle,signalized_intersection,rain,day,Poor,899,30.0,1080,1920,test,test
videos/RmsH7RavMYM_00.mp4,t-bone,0,5.417,108,0.7426419133708959,0.5447444389107604,0.6355065574976412,0.4342774368655421,0.8497772692441506,0.6552114409559787,Seattle,signalized_intersection,rain,night,Fine,599,29.958,720,1280,test,test
videos/HsI9suJ4Mkw_00.mp4,rear-end,0,10.667,221,0.3950899579735887,0.437257148803712,0.37024509091086394,0.39342892504495025,0.4199348250363134,0.48108537256247375,Seattle,city_street,normal,night,Fine,330,16.125,720,1280,test,test
videos/uh5OqU0h4ZM_00.mp4,head-on,0,4.9,147,0.635909447862486,0.8726133070709491,0.44130074595897023,0.7452266141418982,0.8305181497660019,1.0,Seattle,signalized_intersection,normal,night,Fine,900,30.067,1080,1920,train,test
videos/NuLbMFaj3Lk_00.mp4,t-bone,1,5.571428,150,0.38989948926621,0.5946497311979442,0.1471270458099686,0.3898010986315074,0.6326719327224514,0.799498363764381,Seattle,signalized_intersection,normal,day,Good,737,29.964285,720,1280,test,test
videos/Ru94OqVK6Rs_00.mp4,single,0,5.792,83,0.7063883721897919,0.7366089939452536,0.6743885900035489,0.6737261758169611,0.7383881543760349,0.7994918120735461,Seattle,city_street,normal,night,Good,444,29.917,720,1280,test,test
videos/llupGpa4OMQ_00.mp4,sideswipe,0,6.458,104,0.29701076697471696,0.6396007197616158,0.21850722732423783,0.5937092690618228,0.3755143066251961,0.6854921704614088,Seattle,highway,normal,day,Good,477,29.958,720,1280,train,test
videos/7Nc9tJ7R4KY_00.mp4,head-on,0,4.167,83,0.6749367513363296,0.37465458082969216,0.599705990724929,0.2896592567113784,0.7501675119477302,0.45964990494800595,Seattle,signalized_intersection,normal,day,Fine,149,7.5,720,1280,test,test
videos/ycOLojVqIAg_00.mp4,t-bone,0,3.5,103,0.4943832222704281,0.736562737544143,0.4071921379589251,0.5310535478444266,0.581574306581931,0.9420719272438596,Seattle,signalized_intersection,normal,night,Good,888,29.966666,720,1280,test,test
videos/SDYTt7CqbTE_00.mp4,t-bone,0,7.208333,108,0.5846805298234097,0.36895851295633175,0.5487367463845376,0.34412708367580375,0.6206243132622817,0.39378994223685976,Seattle,signalized_intersection,normal,night,Good,427,29.875,720,1080,test,test
videos/uAkT7TEx6uM_00.mp4,t-bone,0,2.2,66,0.7635090509833842,0.849958804477236,0.5270181019667685,0.7004189548900714,1.0,0.9994986540644006,Seattle,signalized_intersection,normal,day,Good,868,30.033,720,1280,test,test
videos/1fpsdsKWH_M_00.mp4,rear-end,1,5.222,115,0.4576509421840884,0.7481838703457457,0.4261991086212736,0.7035498541472482,0.48910277574690325,0.7928178865442431,Seattle,highway,normal,night,Poor,688,29.963,720,1280,train,test
videos/zYp-honyJC0_00.mp4,single,0,2.125,42,0.31357802394670764,0.49839997392456914,0.2640095525193606,0.44287648783690153,0.36314649537405475,0.5539234600122368,Seattle,signalized_intersection,normal,day,Good,222,11.125,720,1280,test,test
videos/EXaPMbnM4Vs_00.mp4,t-bone,0,14.167,424,0.07689935254795838,0.9298363280239801,0.007826010864626356,0.8610410647652046,0.1459726942312904,0.9986315912827555,Seattle,signalized_intersection,normal,night,Poor,752,25.1,1080,1920,test,test
videos/EVZe1VSzboY_00.mp4,t-bone,0,12.333,185,0.29274856926588544,0.9278995043503118,0.11928902109068468,0.8562211583499796,0.46620811744108626,0.9995778503506441,Seattle,signalized_intersection,normal,night,Fine,450,30.0,1080,1920,test,test
videos/ZsPhpxb8OTM_00.mp4,t-bone,0,13.566666,270,0.2711575839547872,0.6798097078327394,0.20392107044466315,0.6051844830340365,0.3383940974649112,0.7544349326314423,Seattle,signalized_intersection,normal,day,Good,598,29.966666,720,1280,test,test
videos/JeIJWYefuBQ_00.mp4,sideswipe,0,4.6,136,0.6041372864492104,0.48612984334784676,0.4403941170688076,0.26895933541841766,0.7678804558296132,0.7033003512772759,Seattle,signalized_intersection,normal,night,Fine,673,23.967,720,1280,test,test
videos/W6JG5xVIEHs_00.mp4,t-bone,0,2.833,42,0.3845694498533928,0.4314876600690013,0.35045565925283173,0.4113871114152836,0.41868324045395383,0.451588208722719,Seattle,signalized_intersection,normal,night,Poor,373,24.767,1080,1620,test,test
videos/KJdY94Xu5x0_00.mp4,head-on,0,6.483,205,0.47388537750045806,0.5249820727200195,0.442717692459753,0.47248673393981916,0.5050530625411631,0.5774774115002199,Virginia,signalized_intersection,normal,night,Fine,961,29.983,1080,1920,test,test
videos/jecwwv5-8Q0_00.mp4,t-bone,0,2.75,46,0.20456179139509678,0.5794078600806306,0.13593221336806732,0.43296452069748576,0.27319136942212624,0.7258511994637754,Seattle,signalized_intersection,normal,day,Fine,558,29.958,720,1280,test,test
videos/RoaPLskRqF8_00.mp4,t-bone,0,6.0,89,0.445346871795377,0.5972192331306323,0.35648033547670904,0.5119898928774204,0.5342134081140449,0.6824485733838443,Seattle,signalized_intersection,rain,day,Good,450,30.0,1080,1920,test,test
videos/Q5YnuRI6QSM_00.mp4,head-on,0,5.2,156,0.24150232239606692,0.5162039552004718,0.21012410922355024,0.4814324719940041,0.2728805355685836,0.5509754384069395,Seattle,signalized_intersection,normal,day,Fine,899,29.967,720,1280,test,test
videos/Gw3WQGxMH_I_00.mp4,t-bone,0,6.833,123,0.7348408624271521,0.36542544025650603,0.6839034061515334,0.2993382819712672,0.7857783187027707,0.4315125985417448,Seattle,signalized_intersection,normal,night,Poor,532,29.958,720,1280,test,test
videos/ulSxHhFWUhM_00.mp4,t-bone,0,3.167,63,0.5496336333029277,0.5695816987952458,0.4227727223378214,0.4592543057860481,0.6764945442680339,0.6799090918044436,Seattle,signalized_intersection,rain,day,Fine,485,29.958,720,1280,test,test
videos/DVEA5y2V4-w_00.mp4,t-bone,0,3.292,65,0.4761638826244784,0.3237773667611055,0.41162385269049506,0.24595853256232406,0.5407039125584617,0.40159620095988696,Seattle,signalized_intersection,normal,day,Fine,583,29.958,720,1280,test,test
videos/JdSFsM58Vrs_00.mp4,t-bone,0,3.533,105,0.5953886922374023,0.7165409046932794,0.5273911224743401,0.5874302432451604,0.6633862620004645,0.8456515661413985,Seattle,signalized_intersection,normal,day,Fine,887,29.967,720,1280,test,test
videos/rSQtKYBkOg0_00.mp4,t-bone,0,2.133,63,0.5210987921457357,0.862233721073395,0.364216935220846,0.7478797942154937,0.6779806490706254,0.9765876479312965,Seattle,signalized_intersection,rain,night,Good,894,30.0,1080,1920,test,test
videos/jiliVB6lsKE_00.mp4,t-bone,0,8.125,116,0.5739905263280438,0.3981472100483517,0.5248796132250324,0.3443047061385911,0.6231014394310553,0.45198971395811227,Seattle,signalized_intersection,normal,night,Poor,429,29.958,720,1280,test,test
videos/p5G4xCcukEA_00.mp4,t-bone,0,2.867,43,0.6299051965889235,0.8590165177871136,0.4894914591625618,0.7184551852235831,0.7703189340152853,0.9995778503506441,Seattle,signalized_intersection,normal,night,Fine,450,30.067,1080,1920,test,test
videos/xrzQq265lAc_00.mp4,t-bone,0,3.7,55,0.5116257432306968,0.6375305818380546,0.4495188313990626,0.5837560542018607,0.573732655062331,0.6913051094742485,Seattle,signalized_intersection,normal,night,Fine,371,24.9,1080,1920,test,test
videos/ooFHzXAx7EU_00.mp4,t-bone,0,2.375,55,0.40980366407351976,0.3468888864154551,0.37448453676475046,0.3274914403011718,0.44512279138228905,0.3662863325297385,Seattle,signalized_intersection,normal,day,Fine,227,13.958,720,1280,test,test
videos/SCrgYtvPgzY_00.mp4,t-bone,0,17.833,356,0.6916013379318711,0.5710565552275836,0.5672258331108732,0.4120463404399339,0.815976842752869,0.7300667700152333,Seattle,signalized_intersection,normal,day,Fine,598,29.958,720,1280,test,test
videos/ExU1_ouZ3bw_00.mp4,t-bone,0,10.0,300,0.430592613114864,0.43956897225670877,0.39923435770250676,0.4148108607376226,0.4619508685272213,0.4643270837757949,Seattle,signalized_intersection,normal,night,Fine,899,29.967,720,1280,test,test
videos/s5rpnFmqofQ_00.mp4,t-bone,0,3.708,49,0.524058438175036,0.6896567779691825,0.4503012118122328,0.6116960801132791,0.5978156645378391,0.7676174758250858,Seattle,signalized_intersection,normal,day,Poor,421,29.958,720,1280,test,test
videos/Jr-RXkEv6Ds_00.mp4,t-bone,0,4.133,61,0.5509031322327945,0.8351574568381388,0.38484788126756087,0.7220739063713024,0.7169583831980282,0.9482410073049751,Seattle,signalized_intersection,normal,day,Good,450,30.0,1080,1920,test,test
videos/S166sr07mgA_00.mp4,t-bone,0,3.633,108,0.36798115616108573,0.7238306785490964,0.1100025577440358,0.5409608555378664,0.6259597545781357,0.9067005015603266,Seattle,city_street,normal,night,Fine,888,30.0,720,1280,test,test
videos/LCkt9L0JnXU_00.mp4,t-bone,1,10.708,159,0.431900015444085,0.6065840490462455,0.34858948801053347,0.5048782472397559,0.5152105428776366,0.7082898508527352,Seattle,signalized_intersection,normal,day,Excellent,448,29.958,720,1280,test,test
videos/6sgXO96LXOE_00.mp4,t-bone,0,5.5,164,0.3871617011389048,0.21289346359744155,0.3610345665677651,0.18709973051210776,0.41328883571004454,0.2386871966827753,Seattle,signalized_intersection,normal,night,Fine,830,29.966666,720,1280,test,test
videos/l4xiNaUc-Bw_00.mp4,single,1,8.75,132,0.4570832430755468,0.370106928102662,0.426900123368721,0.34137517667340106,0.4872663627823727,0.3988386795319229,Seattle,highway,normal,night,Good,450,29.958,720,1280,train,test
videos/PW_hCnmtgf4_00.mp4,t-bone,0,3.692,80,0.21930982163197965,0.23380613469387718,0.0017800947242373392,0.09344230985307486,0.43683954853972196,0.3741699595346795,Seattle,signalized_intersection,normal,day,Excellent,592,25.0,720,1280,test,test
videos/07Eu77WorsY_00.mp4,t-bone,1,4.167,83,0.5433236506838975,0.3761431575818737,0.4367874313392832,0.2752122549515855,0.6498598700285119,0.4770740602121619,Seattle,signalized_intersection,normal,night,Fine,599,29.958,720,1280,test,test
videos/orZsH8JuEE4_00.mp4,head-on,0,2.867,68,0.4313579605723199,0.33727056884962237,0.3555670915673452,0.31010579621935713,0.5071488295772946,0.36443534147988765,Seattle,signalized_intersection,rain,night,Fine,598,24.933,1080,1620,test,test
videos/OJkIuYwVcHA_00.mp4,sideswipe,0,6.179,171,0.17778608826287842,0.7752483085818207,0.0016336301595491892,0.593059373634581,0.35393854636620764,0.9574372435290603,Seattle,signalized_intersection,normal,day,Good,828,29.964,720,1280,test,test
videos/v0VVrqk4l3o_00.mp4,sideswipe,0,4.633333,139,0.5017923352838828,0.5089301969172939,0.4827235667746545,0.4749848789323652,0.5208611037931111,0.5428755149022225,Seattle,highway,normal,day,Fine,899,29.966666,720,1280,train,test
videos/VSNqivMhWnM_00.mp4,sideswipe,0,8.033332999999999,189,0.602407428406901,0.48214910893995305,0.4391707015360079,0.26301913957763223,0.765644155277794,0.7012790783022739,Seattle,signalized_intersection,normal,night,Good,739,29.966666,720,1280,test,test
videos/RJWAkvcho-k_00.mp4,head-on,0,2.7,81,0.49637244840844447,0.3631776877580709,0.3872385259239086,0.3036423708984439,0.6055063708929803,0.42271300461769795,Seattle,signalized_intersection,normal,night,Poor,888,30.0,720,1280,test,test
videos/RpeH9OruLwI_00.mp4,head-on,0,0.875,14,0.5185613616110585,0.30361895987160437,0.433364954472205,0.25027610169235465,0.6037577687499118,0.35696181805085414,Seattle,signalized_intersection,normal,day,Poor,444,25.833,720,1280,test,test
videos/urdxgkwYUqM_00.mp4,sideswipe,0,7.1,106,0.3851161647392881,0.5261154174744955,0.33967098719430666,0.48463577373552674,0.4305613422842695,0.5675950612134644,Seattle,signalized_intersection,normal,day,Fine,455,29.967,1080,1620,test,test
videos/g9P2Y9bwPQQ_00.mp4,head-on,0,4.4,131,0.6250876203913689,0.4939830128620225,0.5708151063634698,0.4496489409750127,0.6793601344192679,0.5383170847490323,Seattle,signalized_intersection,rain,day,Fine,458,15.333,1080,1920,test,test
videos/TilBcBFe1gc_00.mp4,head-on,0,4.792,95,0.28841357506608134,0.6447104810409314,0.2048245622202856,0.426096327306923,0.372002587911877,0.8633246347749398,Seattle,signalized_intersection,normal,day,Good,580,29.958,720,1280,train,test
videos/6EqMA8no42o_00.mp4,head-on,0,2.208333,43,0.257250054232672,0.17260207339665942,0.19670448926579287,0.1322889642815788,0.31779561919955107,0.21291518251174005,Seattle,signalized_intersection,normal,night,Fine,598,29.958333,720,1280,train,test
videos/gZdaWZGFUs4_00.mp4,sideswipe,0,4.296000000000001,112,0.6266541880516387,0.3928474197345942,0.5843773658916135,0.33422532221577933,0.668931010211664,0.45146951725340906,Seattle,signalized_intersection,normal,day,Poor,551,21.407000000000004,720,1280,test,test
videos/dyMWcSQGi0g_00.mp4,t-bone,0,7.267,175,0.5259101773907593,0.8651141832276861,0.3839314405014486,0.7306321592251928,0.6678889142800699,0.9995962072301794,Seattle,signalized_intersection,normal,day,Good,618,29.933,720,1280,test,test
videos/xApGBKUGoR4_00.mp4,t-bone,0,3.889,92,0.3078066892107256,0.4016941950279467,0.26257477563743803,0.32642779207761846,0.3530386027840132,0.4769605979782749,Seattle,grade_separated_intersection,normal,night,Fine,710,29.926,720,1280,train,test
videos/WYG0XT9hzQA_00.mp4,t-bone,0,8.59322,169,0.6331801009700617,0.5022494292957888,0.5477634275237828,0.32215971080848554,0.7185967744163406,0.6823391477830919,Seattle,signalized_intersection,rain,night,Fine,589,30.050846999999997,720,1280,test,test
videos/Ga3FbFSHZdA_00.mp4,sideswipe,0,3.333,80,0.1818981858189534,0.6473981293294211,4.400559413580247e-05,0.5533086535278421,0.363752366043771,0.7414876051310001,Seattle,signalized_intersection,normal,day,Good,211,8.792,720,1080,test,test
videos/F_UEUU6h33s_00.mp4,sideswipe,0,2.7083330000000005,41,0.6277854203889446,0.8620822579221907,0.5755501427836224,0.7557736040229345,0.6800206979942668,0.9683909118214471,Virginia,highway,normal,day,Good,102,6.791667000000001,720,960,train,test
videos/w0jywVfX7LY_00.mp4,t-bone,0,2.625,39,0.028179441030694523,0.3658186169377098,0.009368259006077375,0.3552927155671316,0.04699062305531167,0.376344518308288,Virginia,highway,normal,day,Very_Poor,367,24.625,720,960,test,test
videos/G0jQdKiCbhU_00.mp4,single,0,4.9,73,0.5230726590706039,0.58755046780528,0.5146868920760855,0.5767888947677465,0.5314584260651221,0.5983120408428134,Virginia,highway,normal,night,Very_Poor,428,28.7,1080,1920,test,test
videos/9z7lG2OdBoM_00.mp4,single,0,2.2,32,0.7442814309096819,0.47609799588056845,0.709915621258994,0.4516600105625889,0.7786472405603698,0.5005359811985479,Virginia,highway,normal,day,Very_Poor,278,18.6,1080,1920,test,test
videos/sKJdbm04q6U_00.mp4,single,0,10.333,134,0.14758746818259894,0.45444860387731495,0.1354631438078707,0.4401626398533951,0.15971179255732715,0.4687345679012348,Virginia,highway,normal,night,Very_Poor,290,22.533,1080,1440,test,test
videos/_9zrXENlky0_00.mp4,single,0,3.167,47,0.47661566254447574,0.4105848808967254,0.45294381717653653,0.39171314819311226,0.5002875079124149,0.4294566136003385,Virginia,highway,normal,night,Fine,125,9.833,720,960,train,test
videos/RyBUzrZQ0Bc_00.mp4,single,0,3.958333,59,0.33146670084746166,0.27982605025858437,0.3172092457119397,0.2662669585843037,0.3457241559829836,0.293385141932865,Virginia,highway,rain,day,Poor,446,29.958333,720,960,test,test
videos/7m77G8C7hiE_00.mp4,single,0,4.583,68,0.47954653040511414,0.6204834394638413,0.4557557646921895,0.5941693385505047,0.5033372961180388,0.646797540377178,Virginia,highway,rain,day,Poor,449,29.958,720,960,test,test
videos/4AWUHOvuV9I_00.mp4,single,1,6.767,101,0.34906301379939586,0.3888445066928521,0.3369951518002163,0.3756424225555169,0.3611308757985755,0.40204659083018734,Virginia,highway,normal,night,Very_Poor,449,29.967,1080,1920,test,test
videos/rTa4OCFz0i8_00.mp4,t-bone,0,3.042,30,0.5163457381301457,0.37883815856409453,0.4408458772880699,0.32594122906077955,0.5918455989722216,0.43173508806740946,Virginia,signalized_intersection,normal,day,Poor,297,29.917,720,960,test,test
videos/LLead91Xhho_00.mp4,rear-end,0,3.429,67,0.09376739312031675,0.2696382866454058,0.07318843674755038,0.24955974006002601,0.11434634949308312,0.2897168332307855,Virginia,signalized_intersection,normal,day,Very_Poor,146,10.964,720,1056,test,test
videos/VRayIckJrBs_00.mp4,single,0,6.208,92,0.754724702707523,0.41822990097017176,0.7399483000601498,0.40494096606659225,0.7695011053548961,0.4315188358737512,Virginia,highway,normal,night,Poor,268,18.375,720,960,train,test
videos/uQHq1rdhTNQ_00.mp4,sideswipe,1,5.75,85,0.5918140736584513,0.43387156891905876,0.5752289867436325,0.42150804442139983,0.60839916057327,0.4462350934167177,Virginia,highway,normal,day,Poor,448,29.917,720,960,test,test
videos/ZAVsunMOapQ_00.mp4,single,0,8.875,132,0.4608470685042325,0.426864857139585,0.4379838819852201,0.407920731728492,0.4837102550232449,0.44580898255067797,Virginia,highway,rain,day,Poor,448,29.917,720,960,test,test
videos/E6rFBPMiDy0_00.mp4,single,0,5.35316,80,0.6153239606560568,0.2626423809750004,0.601491211253774,0.24937263059398698,0.6291567100583396,0.27591213135601383,Virginia,highway,rain,day,Poor,441,29.397769999999998,1080,2400,test,test
videos/zCJ_1fc2nwk_00.mp4,single,0,2.583,37,0.5215148954341822,0.23600147287486672,0.48473855798753723,0.19024595440400002,0.558291232880827,0.28175699134573345,Virginia,tunnel,normal,day,Poor,387,29.958,720,960,test,test
videos/EOylWdC12mY_00.mp4,sideswipe,0,2.208,33,0.3426495488651822,0.7493638162569061,0.311198930613511,0.718128837510314,0.3741001671168533,0.7805987950034983,Virginia,highway,normal,day,Poor,205,13.833,720,1280,test,test
videos/GINQ6xQrz94_00.mp4,single,0,1.2330000000000005,19,0.38086803776298567,0.28958814358520724,0.3612988710477566,0.26730535826493196,0.40043720447821474,0.3118709289054825,Virginia,grade_separated_intersection,normal,day,Poor,360,23.966,1080,1920,test,test
videos/XI9xhHUOo5o_00.mp4,single,0,3.0,44,0.7365261596328603,0.2513501614163608,0.72252625227766,0.23887490622371077,0.7505260669880607,0.2638254166090109,Virginia,highway,normal,day,Poor,376,25.134,1080,1920,train,test
videos/QwFFfl2CNUY_00.mp4,rear-end,0,2.458333,37,0.3525174597004126,0.6304735539334203,0.29719000224874637,0.5467134549767917,0.40784491715207877,0.7142336528900488,Virginia,highway,normal,day,Good,121,8.083333,720,960,train,test
videos/nlRWwNiCtsE_00.mp4,sideswipe,0,3.767,56,0.46399673660458507,0.5565617840488759,0.44378373390607917,0.53994787607664,0.48420973930309097,0.5731756920211118,Virginia,highway,normal,day,Poor,230,15.367,1080,1620,test,test
videos/NTMLhz_KdXo_00.mp4,t-bone,0,1.868533,43,0.5118366749803319,0.32995574329122473,0.46849682451988556,0.2407192438915293,0.5551765254407783,0.4191922426909202,World,simple_intersection,normal,day,Fine,149,6.072733,720,1280,test,train
videos/B85gUt1fzIU_00.mp4,t-bone,1,5.583333,77,0.14127159463398173,0.7306577777089746,0.0,0.5370675420123023,0.28254318926796346,0.9242480134056468,Virginia,signalized_intersection,normal,day,Fine,125,8.791666,720,960,test,test
videos/B6eG9Bvwj8o_00.mp4,t-bone,0,2.416666,25,0.201705196588751,0.3491140448511513,0.078240758944645,0.26434661574657253,0.325169634232857,0.43388147395573,Virginia,signalized_intersection,normal,day,Fine,412,29.958333,720,960,test,test
videos/xpVTZU4KeZA_00.mp4,t-bone,0,6.958,104,0.8152205073032588,0.6184067078192179,0.6595582762254101,0.5251023712779089,0.9708827383811075,0.711711044360527,Virginia,signalized_intersection,normal,day,Fine,330,22.0,720,960,test,test
videos/mTVpYeTKFN4_00.mp4,t-bone,0,5.416667,81,0.3873813062936582,0.6330801030323259,0.21704025698490137,0.45733301006144944,0.557722355602415,0.8088271960032022,Virginia,signalized_intersection,normal,day,Good,412,29.916667,720,960,test,test
videos/aPavFeAFhnk_00.mp4,t-bone,0,3.917,58,0.7534245284961129,0.2777734406316191,0.645458190485355,0.22486482068421385,0.8613908665068707,0.3306820605790243,Virginia,signalized_intersection,normal,day,Poor,433,29.917,720,960,test,test
videos/GjcgUDvSdls_00.mp4,t-bone,0,4.708,69,0.6999021013587918,0.20987553808400933,0.6360072116332124,0.16337408866802097,0.7637969910843714,0.25637698749999766,Virginia,signalized_intersection,normal,day,Very_Poor,443,29.958,720,960,test,test
videos/oBN7DtMXoSw_00.mp4,head-on,0,11.467,169,0.5949180504319903,0.48133253270092957,0.5564030885368113,0.46163549997889525,0.6334330123271693,0.501029565422964,Virginia,simple_intersection,snow,day,Poor,447,30.067,1080,1440,test,test
videos/teLTVBt01wU_00.mp4,t-bone,0,5.792,87,0.6479699482281829,0.5501610941139377,0.5516205095443436,0.49292445504171595,0.744319386912022,0.6073977331861594,Virginia,signalized_intersection,normal,day,Poor,449,29.958,720,1080,test,test
videos/KiVTcO5wpds_00.mp4,t-bone,0,2.5,37,0.8085135808845502,0.357980430904017,0.6965576348792651,0.30206179957064233,0.9204695268898352,0.41389906223739165,Virginia,signalized_intersection,normal,night,Poor,400,29.958,720,960,test,test
videos/fZfs2l5bv2Q_00.mp4,t-bone,0,5.333,79,0.5973145774048682,0.6896594266110616,0.4424714893592864,0.5796634407800579,0.7521576654504499,0.7996554124420653,Virginia,signalized_intersection,normal,day,Poor,434,29.917,720,960,test,test
videos/CV8iSUAmHvw_00.mp4,t-bone,0,8.974,134,0.5414087015156557,0.4798929907912763,0.523855226167887,0.45189961151736213,0.5589621768634243,0.5078863700651904,Virginia,simple_intersection,normal,day,Poor,372,24.965,384,854,test,test
videos/8o-2-9mO8C0_00.mp4,t-bone,0,3.417,20,0.4447124072761578,0.19587028477988128,0.36180825961290947,0.14897231483148096,0.5276165549394061,0.24276825472828156,Virginia,signalized_intersection,normal,night,Poor,201,29.958,720,960,test,test
videos/-zhGaEV8w0o_00.mp4,single,0,4.566666000000001,114,0.6525175115884128,0.4594483732508833,0.4964380065566393,0.23197149120935928,0.8085970166201861,0.6869252552924072,USA,city_street,normal,day,Good,718,29.900000000000002,720,1280,test,test
videos/WigzRPlpVlQ_00.mp4,rear-end,0,2.533,37,0.6836623903345174,0.3706151325963435,0.647349131063819,0.3142807482192921,0.7199756496052159,0.42694951697339495,Tennessee,highway,normal,day,Poor,449,30.0,1080,1440,test,test
videos/1yedrznGA8g_00.mp4,t-bone,0,4.5,67,0.5231381235938357,0.2838928176049879,0.4936517552565946,0.2624655946904248,0.5526244919310768,0.30532004051955103,Tennessee,signalized_intersection,normal,night,Poor,432,30.067,1080,1440,test,test
videos/_hJdTE1wHoI_00.mp4,single,0,11.708,175,0.6410715482965047,0.6431963850705423,0.5976046097109721,0.6139158342660965,0.6845384868820373,0.6724769358749881,Tennessee,highway,normal,night,Poor,449,29.958,720,960,test,test
videos/BEBYF3xd0Lk_00.mp4,sideswipe,0,2.833,42,0.37265731926389767,0.23681762308347343,0.3587635799325518,0.20342549017087314,0.38655105859524347,0.2702097559960737,Tennessee,highway,normal,day,Poor,373,24.9,1080,1440,test,test
videos/gi01QYHz8-E_00.mp4,rear-end,0,2.234,33,0.349992913146297,0.6728210878332325,0.3222543042954194,0.6130539810947231,0.3777315219971746,0.7325881945717418,Tennessee,grade_separated_intersection,normal,day,Poor,287,19.166999999999998,1080,1620,test,test
videos/UH2j4IrB2Sg_00.mp4,single,0,3.625,54,0.6237962050053912,0.3690251794206974,0.5993885193626227,0.3521970353587878,0.6482038906481598,0.385853323482607,Tennessee,highway,rain,day,Poor,140,10.083333,720,960,test,test
videos/YsyVUKTZgpo_00.mp4,single,0,5.96,89,0.6655625888027892,0.24361727791068055,0.6527822536892363,0.23290123456790246,0.678342923916342,0.25433332125345864,Tennessee,highway,normal,night,Poor,448,30.08,1080,1440,test,test
videos/0vD3cfW9BtI_00.mp4,single,1,5.2669999999999995,79,0.3089524983539734,0.07503548448143933,0.2966980734190978,0.065734007205669,0.3212069232888491,0.08433696175720966,Tennessee,highway,normal,day,Poor,190,12.667,1080,1620,test,test
videos/inJcKZ42Ovc_00.mp4,single,0,5.875,87,0.5229579090466565,0.33214847539946457,0.5040236057155236,0.31718377747223614,0.5418922123777893,0.34711317332669295,Tennessee,highway,normal,day,Poor,448,29.917,720,960,test,test
videos/x25XtFGKc-E_00.mp4,t-bone,0,2.067,31,0.5564909208313348,0.7043062645809597,0.5216244981585488,0.6635658385164364,0.5913573435041207,0.7450466906454831,Tennessee,simple_intersection,rain,day,Poor,443,29.533,1080,1584,test,test
videos/Xb0mQCFP8_o_00.mp4,t-bone,0,1.734,26,0.8979655805743285,0.05253092312414925,0.8363966583115985,0.009387349226283362,0.9595345028370587,0.09567449702201514,Tennessee,highway,normal,day,Fine,406,27.067,1080,1440,test,test
videos/vsgWvWqscHk_00.mp4,single,0,5.5,82,0.7205359082781236,0.8900314468153309,0.6408669249839346,0.8445746630561728,0.8002048915723127,0.9354882305744889,Tennessee,highway,normal,night,Fine,449,29.967,1080,1440,train,test
videos/1VI1lKlJQd0_00.mp4,single,0,2.1,31,0.42938104539848987,0.3157909632613969,0.4126201666462436,0.3004469470371128,0.44614192415073617,0.33113497948568094,Tennessee,highway,rain,day,Poor,447,29.967,1080,1440,test,test
videos/EdvDlbnKQYI_00.mp4,rear-end,1,3.667,54,0.33546453864889414,0.3128441073279271,0.31383542681675874,0.2917313984097746,0.3570936504810296,0.33395681624607965,Tennessee,grade_separated_intersection,normal,day,Fine,449,30.0,720,960,test,test
videos/xP_sW92sGh8_00.mp4,rear-end,0,9.708,145,0.5680613685804814,0.38250477549235073,0.5483975401383575,0.35971209953984357,0.5877251970226054,0.40529745144485785,Tennessee,highway,normal,night,Poor,449,29.958,720,960,test,test
videos/IxLBncFm-oE_00.mp4,single,0,3.967,59,0.16628805983346034,0.4112324086073108,0.14782058420901542,0.39437681884401427,0.18475553545790527,0.42808799837060735,Tennessee,highway,normal,day,Poor,449,29.967,1080,1440,test,test
videos/irYEjSeXzAM_00.mp4,rear-end,0,3.5,52,0.8651850944695055,0.4306398432659484,0.8390074291762929,0.39793820127332497,0.8913627597627182,0.4633414852585719,Tennessee,highway,normal,night,Poor,384,25.633,1080,1440,test,test
videos/xFWObpD8KiE_00.mp4,single,0,3.042,45,0.8207994759756763,0.3735087777938003,0.7933462693645874,0.3499511827374026,0.8482526825867651,0.397066372850198,Tennessee,highway,normal,day,Fine,449,29.958,720,1280,train,test
videos/-dVU8qW4ik8_00.mp4,single,0,4.625,69,0.7830183887064583,0.7064312429472196,0.7141651820685633,0.6662015267620282,0.8518715953443534,0.746660959132411,Tennessee,highway,normal,day,Fine,449,29.958,720,1080,train,test
videos/qq34-Ch0SYE_00.mp4,rear-end,0,7.25,108,0.5195998118582805,0.6188451911056068,0.4671908527730491,0.5312239601716691,0.572008770943512,0.7064664220395445,Tennessee,highway,normal,day,Fine,448,29.917,720,960,test,test
videos/rA5O9Okdkss_00.mp4,rear-end,0,5.3,79,0.2764178205432102,0.6771709056329926,0.22472083495382505,0.604575126035565,0.32811480613259525,0.7497666852304204,Tennessee,highway,normal,day,Poor,449,30.0,1080,1440,test,test
videos/ZsVOhyuD0sQ_00.mp4,rear-end,0,7.5,112,0.3571056724269656,0.4164193029083595,0.3322067949124319,0.3797230664496016,0.38200454994149935,0.45311553936711746,Tennessee,grade_separated_intersection,normal,day,Poor,449,29.967,1080,1440,test,test
videos/X8JXbRxpKk0_00.mp4,rear-end,0,4.333,64,0.7537077334779225,0.13346743130094696,0.7243178279991493,0.10813105071316234,0.7830976389566956,0.15880381188873158,Tennessee,highway,normal,day,Poor,449,29.958,720,960,test,test
videos/sckLwIfeCT4_00.mp4,rear-end,0,7.25,108,0.5545211542815685,0.8307366611282506,0.4950237162338083,0.6879514648747056,0.6140185923293285,0.9735218573817956,Tennessee,highway,normal,day,Poor,448,29.917,720,1080,test,test
videos/LPQ23LL3dG4_00.mp4,rear-end,0,6.917,103,0.5426624187962766,0.6449892146828987,0.5167209818191989,0.6180771181816453,0.5686038557733544,0.6719013111841521,Tennessee,highway,normal,night,Poor,131,8.792,720,960,test,test
videos/0lkTO-H5z6I_00.mp4,rear-end,0,5.333,65,0.16067959116815966,0.8382188289064987,0.0005912299091764655,0.6772253819333274,0.32076795242714284,0.99921227587967,Tennessee,highway,normal,night,Poor,92,7.583,720,960,test,test
videos/UY6g1DtnlGE_00.mp4,single,0,3.75,56,0.40798004649475483,0.2908035762077268,0.3840636507786118,0.2709049887334896,0.43189644221089785,0.310702163681964,Tennessee,highway,rain,night,Very_Poor,142,9.5,720,960,test,test
videos/1-xArHJFlAQ_00.mp4,rear-end,0,6.708,85,0.7586459537490949,0.4939719546448255,0.689662841833788,0.41926186321591774,0.8276290656644019,0.5686820460737333,Tennessee,highway,normal,day,Very_Poor,174,29.958,720,960,test,test
videos/snpgCzf-mK4_00.mp4,single,0,3.667,55,0.33857601312162044,0.2370947112626553,0.33007960975467654,0.22637852773703898,0.3470724164885643,0.24781089478827165,Tennessee,grade_separated_intersection,normal,day,Poor,311,20.75,720,1280,test,test
videos/xDnxHFltzfQ_00.mp4,single,0,2.633,39,0.7450013825684663,0.7675130021019542,0.7138038770310047,0.7262787247523046,0.7761988881059279,0.8087472794516037,Tennessee,highway,normal,night,Poor,364,24.267,1080,1440,test,test
videos/0puo8kJOlmU_00.mp4,single,0,8.583,128,0.10304125239066195,0.4358586595050307,0.08984558537045663,0.4132654235851347,0.11623691941086728,0.45845189542492676,Tennessee,highway,normal,day,Poor,449,30.167,720,960,test,test
videos/CvNTYeiVF7s_00.mp4,rear-end,0,7.042,105,0.19871367343743185,0.32289956526006175,0.12904062654879903,0.24611350863261597,0.2683867203260647,0.39968562188750756,Tennessee,highway,normal,day,Good,364,24.292,720,1080,train,test
videos/KwifJ6bebdo_00.mp4,single,0,5.875,87,0.7297007609022956,0.3143721111735094,0.7117403550646644,0.3010944104988648,0.7476611667399268,0.32764981184815395,Tennessee,highway,rain,day,Poor,448,29.917,720,960,test,test
videos/p3XgqO9PzH4_00.mp4,rear-end,0,10.333,155,0.5826690402424235,0.4424553424662303,0.5587493979120381,0.419366663245984,0.606588682572809,0.46554402168647663,Tennessee,highway,normal,day,Poor,435,29.0,720,960,test,test
videos/bSq7XtY629s_00.mp4,t-bone,0,8.541666,128,0.2491914873679352,0.27395241436139905,0.21942463021980213,0.25293759021450046,0.27895834451606827,0.29496723850829765,Tennessee,grade_separated_intersection,normal,day,Fine,449,29.958333,720,960,test,test
videos/r-f6Tk6M_kQ_00.mp4,single,0,4.125,61,0.6564225969315105,0.279828444383979,0.6178362863403006,0.25578373696859286,0.6950089075227203,0.30387315179936514,Tennessee,highway,rain,night,Poor,448,29.917,720,960,test,test
videos/zxu3S-7VZUA_00.mp4,single,0,6.958,104,0.7024851104712698,0.3924301108967959,0.6863769380527383,0.3791862405969343,0.7185932828898014,0.40567398119665754,Tennessee,highway,rain,day,Poor,449,29.958,720,960,test,test
videos/njI11mpdwo0_00.mp4,single,0,5.458,82,0.5847392284766102,0.5117640987144901,0.562846515924961,0.49447728647073996,0.6066319410282592,0.5290509109582403,Tennessee,highway,rain,day,Poor,203,13.500000000000002,720,1080,test,test
videos/cFpwh4gBvDc_00.mp4,single,0,4.25,63,0.3041456010015464,0.34155187927911157,0.2822437080156242,0.3221876059783241,0.32604749398746863,0.360916152579899,Tennessee,highway,rain,day,Fine,128,8.583333,720,960,train,test
videos/IvpRueS_9RI_00.mp4,single,0,4.033,60,0.8192921280125453,0.346558577642722,0.8054232386928254,0.33250071290217365,0.8331610173322651,0.3606164423832704,Tennessee,highway,rain,day,Poor,449,29.967,1080,1620,test,test
videos/TLjDFutg8mI_00.mp4,single,0,3.0,44,0.6402511150564222,0.7530048999530576,0.5941079328191996,0.7154339509767913,0.6863942972936448,0.790575848929324,Tennessee,highway,rain,night,Poor,449,30.0,1080,1440,test,test
videos/cBZ3KswoFZY_00.mp4,single,0,2.75,41,0.47060491932949855,0.42332469927876326,0.43908596167928265,0.39474533128801187,0.5021238769797144,0.45190406726951465,Tennessee,highway,rain,day,Fine,449,29.958,720,960,test,test
videos/jHJ3Sfhg4HA_00.mp4,single,0,2.542,38,0.6041691910022746,0.47297388175950805,0.5758046224307937,0.4497340155098064,0.6325337595737557,0.49621374800920975,Tennessee,highway,rain,day,Fine,449,29.958,720,960,test,test
videos/XAxaY7MPnms_00.mp4,single,0,4.5,67,0.5067489461959156,0.2151047747720697,0.4859090192919256,0.2005441555485706,0.5275888730999055,0.22966539399556882,Tennessee,highway,rain,day,Fine,449,29.958,720,960,test,test
videos/KOeH4VgqYR4_00.mp4,single,0,3.5,52,0.7712421774580078,0.8089089263536354,0.7027759446194138,0.7517165165255594,0.8397084102966018,0.8661013361817115,Tennessee,highway,rain,day,Poor,448,29.917,720,960,test,test
videos/5dZ0U3pINII_00.mp4,single,0,4.8,63,0.33324579589927045,0.3080058699703361,0.3186248198733968,0.29125856060805116,0.3478667719251441,0.32475317933262104,Tennessee,highway,snow,day,Poor,366,25.0,1080,1440,test,test
videos/Qi7voHChFxk_00.mp4,single,0,2.917,43,0.4589030751135256,0.43412471241697237,0.4163000119560304,0.4065182547202278,0.5015061382710209,0.4617311701137169,Tennessee,highway,normal,day,Fine,93,6.25,720,1080,train,test
videos/Ef9PwNwVRvY_00.mp4,t-bone,0,7.0,104,0.45257851454763387,0.26766170629569547,0.42526087888137326,0.24880321934649458,0.4798961502138944,0.28652019324489636,Tennessee,signalized_intersection,normal,day,Poor,159,10.667,1080,1440,test,test
videos/oRG1-9tRk5w_00.mp4,single,0,4.375,65,0.49864288745448127,0.6695810357784795,0.48440809657072986,0.6520531608529954,0.5128776783382326,0.6871089107039636,Tennessee,highway,normal,day,Poor,363,24.208,720,960,test,test
videos/suSfwiex1Kk_00.mp4,sideswipe,1,3.4,50,0.2731178458548424,0.3107455918323049,0.24841713601256496,0.2918749345563979,0.2978185556971198,0.32961624910821186,Tennessee,highway,normal,day,Very_Poor,88,5.933,1080,1440,test,test
videos/7UHfU52BUbQ_00.mp4,single,0,3.208,48,0.0734046583483547,0.3669598187675884,0.04436097389707546,0.3455305236169032,0.10244834279963394,0.3883891139182736,Tennessee,grade_separated_intersection,normal,night,Poor,177,11.791,720,960,train,test
videos/E65lhgBF1rM_00.mp4,single,0,3.75,56,0.3380846107835061,0.3077125127872958,0.3240579119090607,0.2917029991672667,0.3521113096579515,0.32372202640732484,Tennessee,highway,normal,day,Poor,450,30.0,720,960,test,test
videos/0GPuugnrf3Y_00.mp4,t-bone,0,11.667,175,0.5692561764672437,0.28709589797863905,0.5400495662332004,0.23858531223433915,0.5984627867012869,0.33560648372293894,Tennessee,highway,snow,night,Poor,369,30.0,1080,1440,test,test
videos/tX9OSNQL0hg_00.mp4,single,0,5.458,82,0.5059914883050918,0.26020520606916214,0.4791950636311741,0.239378334574464,0.5327879129790094,0.2810320775638603,Tennessee,grade_separated_intersection,rain,day,Poor,180,12.0,720,960,test,test
videos/V57SWCl2WTc_00.mp4,single,0,4.533,68,0.7996603678180116,0.8211111604339878,0.7209415080987831,0.757117770867946,0.8783792275372401,0.8851045500000296,Tennessee,highway,normal,day,Poor,299,19.933,1080,1440,test,test
videos/uwdOQc-iC_c_00.mp4,sideswipe,0,5.667,84,0.3186979333682678,0.4402276636907143,0.28425129860650344,0.414647451566827,0.35314456813003214,0.46580787581460165,Tennessee,highway,rain,day,Poor,421,28.583,720,960,test,test
videos/9z1bEUb3qGI_00.mp4,single,1,5.167,77,0.6716343559430122,0.37233509810794496,0.646812963030733,0.3549777814109482,0.6964557488552916,0.3896924148049417,Tennessee,highway,rain,day,Poor,448,29.917,720,960,test,test
videos/_ky1Mxj5bQY_00.mp4,single,1,3.208,47,0.2350063324587953,0.24863478680045198,0.21778138025570304,0.23230802964853023,0.25223128466188754,0.26496154395237376,Tennessee,highway,rain,day,Poor,406,27.125,720,960,test,test
videos/rZ4OS1E_Hqg_00.mp4,single,0,12.8,192,0.24974449844316488,0.6238717989756817,0.22773187955773647,0.6064692135562887,0.27175711732859326,0.6412743843950747,Tennessee,highway,normal,night,Very_Poor,450,30.0,1080,1440,test,test
videos/FyUKGsHyoxE_00.mp4,single,0,2.125,32,0.3290329748593409,0.49905519072942833,0.2962458804783201,0.4780862053568693,0.3618200692403617,0.5200241761019874,Tennessee,highway,normal,day,Poor,449,29.958,720,960,test,test
videos/XLGAfvkvHO0_00.mp4,single,0,1.833,22,0.7890912314232394,0.9429071925519203,0.6650428345537704,0.8858143851038406,0.9131396282927084,1.0,Tennessee,highway,normal,night,Poor,341,29.958,720,960,test,test
videos/UWgxylOwa5M_00.mp4,single,0,4.417,66,0.4083360659419175,0.6708430188799054,0.34443560571066695,0.6302067552844391,0.47223652617316814,0.7114792824753716,Tennessee,highway,normal,day,Poor,449,29.958,720,960,test,test
videos/v9jwlgooOmE_00.mp4,single,0,4.375,65,0.40321142872237015,0.2657830358519749,0.3869870932595802,0.25489830815035847,0.4194357641851601,0.2766677635535913,Tennessee,highway,normal,day,Poor,95,6.375,720,960,test,test
videos/begSCBJgT4o_00.mp4,single,0,3.042,45,0.7636816784630058,0.3333874002194319,0.7405896036494615,0.31408668928793476,0.7867737532765502,0.35268811115092913,Tennessee,highway,normal,day,Poor,449,29.958,720,960,test,test
videos/jJ4IJnInYnE_00.mp4,single,0,4.4,66,0.768022142222709,0.27403364990757856,0.7534263934269203,0.2531479835443271,0.7826178910184978,0.29491931627083,Tennessee,grade_separated_intersection,normal,night,Poor,371,24.733,1080,1620,train,test
videos/lpJL9-mBNmk_00.mp4,single,0,13.208,198,0.23917743999097196,0.5800901631749866,0.20871895170460245,0.5564255308166711,0.26963592827734145,0.6037547955333021,Tennessee,highway,normal,night,Poor,449,29.958,720,960,test,test
videos/-9oifpjUxxM_00.mp4,single,0,8.533,127,0.11847924998479234,0.16576396562834472,0.10576552804765472,0.15188941216024207,0.13119297192192994,0.1796385190964474,Virginia,grade_separated_intersection,normal,day,Poor,425,28.4,1080,1620,test,test
videos/XTAIiEEE8dU_00.mp4,single,0,4.667,70,0.3892087308645775,0.3472909995730674,0.36999355014557345,0.32753823066737925,0.4084239115835816,0.36704376847875564,Tennessee,highway,normal,day,Poor,449,29.958,720,960,test,test
videos/iYmL1rEyiqE_00.mp4,t-bone,0,8.625,128,0.2244590433876299,0.3466665385108812,0.17438598672703606,0.3113387680695774,0.2745321000482237,0.381994308952185,Tennessee,highway,normal,day,Poor,447,29.958,720,960,test,test
videos/dIbxWir400s_00.mp4,t-bone,0,5.467,81,0.4882967053673305,0.5892021273305781,0.3502379921549631,0.40679518171755596,0.6263554185796979,0.7716090729436001,Tennessee,highway,normal,day,Fine,449,30.0,1080,1440,test,test
videos/p6vrqyzdnSQ_00.mp4,single,0,9.667,118,0.47131401550398255,0.27656806239031967,0.4277047067249631,0.24563028280484492,0.514923324283002,0.30750584197579445,Tennessee,highway,rain,night,Poor,361,29.917,720,960,test,test
videos/seHQ5Y5g5Ns_00.mp4,sideswipe,0,2.667,40,0.37622044126586873,0.4474767472337198,0.32513602424973365,0.36672993678046,0.4273048582820039,0.5282235576869796,Tennessee,highway,normal,day,Poor,386,25.75,720,1280,test,test
videos/zMya6lxe5s8_00.mp4,t-bone,0,3.367,50,0.34988168144426035,0.880150048428406,0.2916721727034365,0.8328605550438781,0.4080911901850843,0.927439541812934,Tennessee,grade_separated_intersection,normal,day,Poor,313,20.9,1080,1440,test,test
videos/EcsgXARlmDI_00.mp4,single,0,3.5,52,0.6882796029220938,0.37285197816720395,0.6556346863467436,0.35234673010301554,0.720924519497444,0.3933572262313924,Tennessee,highway,snow,day,Fine,235,16.166666,720,960,test,test
videos/rsB7TD2zW4A_00.mp4,single,0,3.417,51,0.1694705584246587,0.3140769022909534,0.14887501080613233,0.2954072257860886,0.19006610604318502,0.33274657879581826,Tennessee,grade_separated_intersection,rain,day,Poor,294,19.583,720,960,test,test
videos/3QBeZfYEAYY_00.mp4,sideswipe,0,4.083,61,0.4280590245928972,0.23591525283101192,0.40867587830972285,0.20767944197065458,0.4474421708760715,0.26415106369136926,Virginia,grade_separated_intersection,normal,day,Very_Poor,379,25.208,720,1280,test,test
videos/jw4_kT_xjsE_00.mp4,t-bone,0,4.833,67,0.48370143230747387,0.4723549569419939,0.3911920467873649,0.42998888732521817,0.5762108178275829,0.5147210265587697,Virginia,signalized_intersection,normal,day,Poor,332,24.0,720,960,test,test
videos/mlkJl8ql03o_00.mp4,single,1,1.2999999999999998,22,0.5437665662091806,0.4092785017728638,0.49935717355029774,0.3640900420783032,0.5881759588680634,0.4544669614674244,World,highway,normal,day,Fine,40,2.3999999999999995,1080,1920,test,train
videos/4C5ZiBP7R04_00.mp4,single,0,8.833,132,0.2594888509115738,0.4542237669815564,0.241129493585845,0.43913009997572716,0.27784820823730266,0.46931743398738573,Virginia,highway,normal,day,Poor,229,15.3,1080,1440,train,test
videos/Iy_GdGD-ySg_00.mp4,single,0,9.292,139,0.42822752985791823,0.7216420512635641,0.4040866016662139,0.6925576810544246,0.4523684580496226,0.7507264214727035,Virginia,highway,normal,day,Poor,449,29.958,720,960,train,test
videos/YBr96os6PvE_00.mp4,single,0,12.234,183,0.29262986915235123,0.3124869944889347,0.2751534839460229,0.29666063240436974,0.3101062543586796,0.32831335657349964,Virginia,highway,normal,day,Poor,439,29.476999999999997,384,854,train,test
videos/71QSBkIXKXI_00.mp4,single,0,7.958,119,0.4438768936839099,0.6691263925421291,0.4145590088636039,0.6424310054513735,0.473194778504216,0.6958217796328847,Virginia,highway,rain,day,Very_Poor,447,29.958,720,960,test,test
videos/ysTXjULP4u8_00.mp4,single,0,4.958333,74,0.5219876184998491,0.3109790165198303,0.5077578062098572,0.29618134775043087,0.5362174307898411,0.32577668528922965,Virginia,highway,normal,day,Poor,449,29.958333,720,960,train,test
videos/BV2QGa5Dgaw_00.mp4,t-bone,1,5.067,133,0.6024673359644093,0.2770429976333712,0.5572863738630752,0.22128195183412694,0.6476482980657433,0.33280404343261544,World,simple_intersection,normal,day,Excellent,340,13.0,1080,1920,test,train
videos/_gv4lL1EPKU_00.mp4,t-bone,0,7.233333,109,0.23671580280912208,0.2768116402240261,0.1780855569775582,0.22389554422323657,0.2953460486406859,0.3297277362248156,World,simple_intersection,normal,day,Good,210,15.899999999999999,720,1280,test,train
videos/ebiX-_CCMSA_00.mp4,rear-end,0,2.8859999999999992,42,0.587692722666552,0.4632124872153851,0.5492183936586796,0.3839567757987747,0.6261670516744244,0.5424681986319955,Virginia,highway,normal,day,Very_Poor,300,20.273000000000003,384,854,test,test
videos/uoY--IlBdjw_00.mp4,single,0,1.68,30,0.2374713124980597,0.23294988914514334,0.18778519449274617,0.2043567678522752,0.2871574305033732,0.2615430104380115,World,tunnel,normal,day,Poor,64,3.7199999999999998,240,320,test,train
videos/uoY--IlBdjw_01.mp4,single,0,8.0,139,0.2941996256510436,0.31090782554362906,0.23787841796875,0.2572048611111111,0.3505208333333371,0.364610789976147,World,tunnel,normal,day,Poor,203,12.12,240,320,test,train
videos/uoY--IlBdjw_02.mp4,single,1,1.6400000000000001,25,0.41688809979082464,0.6256199437268997,0.19921473704397005,0.5091943580596106,0.6345614625376792,0.7420455293941889,World,tunnel,normal,day,Poor,122,7.920000000000001,240,320,test,train
videos/hYuubWpYtrI_00.mp4,single,0,6.034000000000001,90,0.6100391833449903,0.23421371222201304,0.597563999033514,0.22461055214762943,0.6225143676564666,0.24381687229639662,Virginia,highway,rain,day,Very_Poor,187,12.5,1080,1920,test,test
videos/SdeaEkrudys_00.mp4,head-on,0,9.243,134,0.529269047786842,0.30624613866279793,0.4567015806254671,0.25736812711945706,0.6018365149482169,0.3551241502061388,Virginia,simple_intersection,normal,night,Very_Poor,403,29.474,1080,2400,test,test
videos/br57It5-6lM_00.mp4,t-bone,0,2.5,37,0.5676199027912253,0.1798080732697119,0.4860323650900827,0.13200082316139505,0.649207440492368,0.22761532337802876,Virginia,signalized_intersection,normal,day,Poor,294,21.25,720,960,test,test
videos/__WFqm4i3vE_00.mp4,t-bone,0,7.3,109,0.5313458337251398,0.4748227717732376,0.5127822265897825,0.44439313094449007,0.5499094408604972,0.5052524126019852,Virginia,simple_intersection,normal,day,Poor,382,25.5,1080,1920,test,test
videos/6oAeUvxmeME_00.mp4,t-bone,0,5.458,81,0.14365974709805648,0.4354635564716238,0.01600642239985493,0.3421376213721116,0.271313071796258,0.528789491571136,Virginia,signalized_intersection,normal,night,Fine,449,30.0,720,960,test,test
videos/30EzKWQx48c_00.mp4,t-bone,1,7.199,107,0.624772927748539,0.2726363090039585,0.6069943745428991,0.25522086976121094,0.6425514809541789,0.29005174824670615,Virginia,grade_separated_intersection,normal,day,Poor,214,14.399000000000001,384,854,test,test
videos/NdGEyXh1tqA_00.mp4,single,0,5.333333,79,0.4867385912738986,0.2180466989269449,0.40850135128250903,0.16232689178054308,0.5649758312652883,0.27376650607334674,Virginia,highway,rain,day,Poor,134,9.0,720,960,test,test
videos/CRu-S6GbqF0_00.mp4,head-on,0,4.958,74,0.7812223102115123,0.6739661820474132,0.6258869935049063,0.5398135678724009,0.9365576269181184,0.8081187962224257,Virginia,signalized_intersection,normal,night,Poor,449,29.958,720,960,test,test
videos/ljLoCD0O9fM_00.mp4,t-bone,0,3.583,53,0.8518096234249153,0.37610359778450947,0.7176166987300601,0.2974756427463321,0.9860025481197706,0.45473155282268685,Virginia,simple_intersection,normal,day,Very_Poor,447,29.917,720,960,test,test
videos/As0H5IK0CBI_00.mp4,sideswipe,0,5.292,79,0.20868434568225525,0.2245911552351168,0.16224648564081387,0.1796566072372983,0.25512220572369665,0.2695257032329353,Virginia,city_street,normal,day,Poor,130,8.75,720,960,test,test
videos/c_u8oPMBGEI_00.mp4,head-on,0,6.7067,101,0.8894387008071637,0.4034481127826343,0.7928362478431684,0.3343823870963705,0.986041153771159,0.4725138384688981,World,parking_lot,normal,day,Good,134,9.042367,1080,1920,test,train
videos/c_u8oPMBGEI_01.mp4,single,0,5.638967,85,0.25563212461011975,0.28761936619783585,0.19929526368945133,0.22116996591906138,0.3119689855307882,0.35406876647661034,World,parking_lot,normal,day,Fine,136,9.3093,1080,1920,test,train
videos/c_u8oPMBGEI_02.mp4,single,0,3.9039,56,0.6358670122135262,0.21271755649944102,0.5135539970758171,0.10466534384410672,0.7581800273512354,0.32076976915477534,World,parking_lot,normal,day,Good,85,6.1061,1080,1920,test,train
videos/hiBY1OLw4RQ_00.mp4,single,0,5.3,79,0.5646188099788314,0.7897031755657615,0.5299598086513413,0.7623070997501448,0.5992778113063214,0.8170992513813782,Virginia,highway,normal,night,Very_Poor,236,15.767,1080,1920,test,test
videos/-VM9fVYVI_w_00.mp4,single,0,2.042,30,0.7773233440283882,0.7531256676616792,0.7526950383051624,0.727849402896607,0.801951649751614,0.7784019324267514,Virginia,highway,normal,night,Very_Poor,449,29.958,720,960,test,test
videos/kc_bYkuKn-g_00.mp4,single,0,4.767,126,0.4105110337399135,0.3035611085194748,0.3141087012463061,0.1394198023248266,0.5069133662335209,0.467702414714123,World,highway,normal,night,Good,397,14.767000000000001,1080,1920,test,train
videos/jWFyAaY7r8E_00.mp4,t-bone,0,2.208333,32,0.7039706381924822,0.23433850320340155,0.6108816127194713,0.18820841410029232,0.7970596636654932,0.2804685923065108,Virginia,signalized_intersection,normal,day,Good,126,9.666666,720,960,test,test
videos/3gY2nZW6ZCM_00.mp4,t-bone,0,0.3670000000000009,6,0.20886539464178874,0.7419446752507597,0.0,0.5900418696534782,0.4177307892835775,0.8938474808480413,World,signalized_intersection,normal,day,Fine,25,1.3000000000000007,480,640,test,train
videos/LVrfZ4HLlR4_00.mp4,t-bone,0,7.292,109,0.5522924382487933,0.6534872569861241,0.5095127965013186,0.5987177843076223,0.5950720799962678,0.7082567296646259,Virginia,highway,snow,day,Poor,209,14.208,720,960,test,test
videos/gS2xiB7q7sk_00.mp4,single,0,2.875,42,0.21728701783046,0.9147303960610446,0.14959331361265085,0.8525304604033509,0.28498072204826913,0.9769303317187382,Virginia,highway,normal,day,Fine,448,29.917,720,960,train,test
videos/rNLWvxHU5E4_00.mp4,t-bone,0,4.083,61,0.27689396539440947,0.6516790807085702,0.13932198305659066,0.5390546869437997,0.4144659477322283,0.7643034744733407,Seattle,signalized_intersection,normal,day,Good,418,29.958,720,1280,test,test
videos/-Y4PJwqDjGc_00.mp4,single,0,7.417,111,0.4098732499805976,0.43336639059561244,0.3949551505881333,0.41895930575587786,0.42479134937306195,0.447773475435347,Virginia,highway,rain,day,Very_Poor,449,29.958,720,960,test,test
videos/BLq2n48HYZc_00.mp4,rear-end,0,19.033,317,0.4454826747073097,0.4052448179679914,0.3800231016982827,0.3360808234881781,0.5109422477163367,0.4744088124478047,World,city_street,normal,day,Excellent,413,29.9,720,1264,test,train
videos/BLq2n48HYZc_01.mp4,rear-end,0,19.033334,317,0.44519455813173514,0.40363106836224927,0.3800591920833574,0.33451476111418255,0.5103299241801129,0.47274737561031593,USA,city_street,normal,day,Good,413,29.933334,720,1264,test,test
videos/3mB4p8BgiTg_00.mp4,head-on,0,9.8098,208,0.9104281558581533,0.2065325108973699,0.8697945616005563,0.1788878598548763,0.9510617501157503,0.23417716193986354,World,roundabout,snow,night,Fine,453,20.587233,720,1280,test,train
videos/2QZf8MiIRK0_00.mp4,t-bone,1,1.134467,11,0.8342617542216512,0.29732405196637174,0.7926369802965582,0.2580862591177316,0.8758865281467442,0.3365618448150119,World,simple_intersection,normal,day,Fine,204,10.543867,720,1280,test,train
videos/2QZf8MiIRK0_01.mp4,t-bone,0,4.938267,121,0.50325222492194,0.44415602101118645,0.4127519302618917,0.3779956790642944,0.5937525195819883,0.5103163629580785,World,highway,normal,day,Good,524,21.054367,720,1280,test,train
videos/4uRL85n-kDw_00.mp4,single,0,5.6,75,0.42883687527020364,0.4700603820975843,0.4067243917247774,0.4497211588190774,0.45094935881562986,0.4903996053760912,Wisconsin,highway,snow,night,Poor,209,15.733,1080,1584,test,test
videos/V_2hATv3LNY_00.mp4,single,0,3.867,57,0.06577548186755822,0.17033639640037226,0.05381036978212782,0.16067527945002932,0.0777405939529886,0.1799975133507152,Wisconsin,highway,normal,night,Very_Poor,442,29.967,1080,1584,test,test
videos/HYUcneYzPZM_00.mp4,single,0,8.883,133,0.862188730823207,0.6004454040788699,0.8120309394765368,0.5674295821309647,0.9123465221698771,0.6334612260267751,Wisconsin,highway,normal,night,Very_Poor,374,24.967,2160,3168,test,test
videos/czn7oGEwENs_00.mp4,single,0,2.4,35,0.4484371633780381,0.32727821154259495,0.3947082311928716,0.2925223328988562,0.5021660955632046,0.36203409018633376,Wisconsin,grade_separated_intersection,normal,night,Poor,196,15.4,2160,3168,train,test
videos/B_6HYZSji3I_00.mp4,single,0,3.933,58,0.3689478762068302,0.6035293527890111,0.3297334483710887,0.5769328329674986,0.4081623040425717,0.6301258726105234,Wisconsin,highway,snow,day,Poor,448,29.967,1080,1584,test,test
videos/G203AMlz_Yo_00.mp4,rear-end,0,11.233,168,0.8231887252544418,0.8033239421339688,0.7683626055610122,0.752007821743213,0.8780148449478713,0.8546400625247248,Wisconsin,highway,normal,night,Poor,449,29.967,1080,1584,test,test
videos/kI-AKIXGLiY_00.mp4,t-bone,0,3.792,56,0.18982132063989743,0.36165279056153304,0.09997039406066896,0.3014627963336992,0.27967224721912587,0.4218427847893669,Wisconsin,signalized_intersection,rain,day,Fine,449,30.0,720,1056,test,test
videos/be0m9oxCN98_00.mp4,t-bone,0,16.5,223,0.531149038247533,0.20396136068637044,0.4760707498387426,0.15423664775646587,0.5862273266563235,0.253686073616275,Wisconsin,signalized_intersection,normal,night,Good,396,30.033,1080,1920,test,test
videos/Jmd2l99EQZE_00.mp4,t-bone,0,20.733,420,0.8506004977383994,0.39783815340868156,0.780671971246086,0.3299068481353987,0.9205290242307128,0.4657694586819644,Wisconsin,signalized_intersection,rain,night,Good,609,30.033,1080,1920,test,test
videos/l3GUdPH62y8_00.mp4,t-bone,0,7.5,112,0.3293987322358107,0.307927335015847,0.25029387312213114,0.24829810757131113,0.4085035913494902,0.36755656246038293,Wisconsin,signalized_intersection,normal,night,Poor,437,29.958,720,1056,test,test
videos/70935VkkZSM_00.mp4,t-bone,0,7.3,102,0.24726655437580725,0.308040297422428,0.2157814790512068,0.27717280915094195,0.2787516297004077,0.3389077856939141,Wisconsin,highway,rain,day,Poor,353,24.767,1080,1920,test,test
videos/AHIdbeOcAE0_00.mp4,single,0,5.5,82,0.07084886272884573,0.34277163065347804,0.05396686185815304,0.32777490802205017,0.08773086359953843,0.3577683532849059,Wisconsin,grade_separated_intersection,normal,day,Very_Poor,263,17.567,1080,1584,test,test
videos/yGYOGSKjE3o_00.mp4,single,0,1.567,23,0.5473676106053169,0.7373270254531861,0.521147417365733,0.7039530049267336,0.5735878038449009,0.7707010459796386,Wisconsin,grade_separated_intersection,normal,day,Poor,449,29.967,1080,1584,test,test
videos/JzYHiq1zaZs_00.mp4,single,0,3.867,57,0.5947474433027249,0.2938710780028271,0.57325000897136,0.27746458399180574,0.6162448776340897,0.31027757201384837,Wisconsin,highway,normal,day,Poor,449,30.0,1080,1584,test,test
videos/uCHnvKyEwYU_00.mp4,rear-end,0,8.165000000000001,123,0.5670168799043565,0.36927164942774227,0.5539775457490244,0.35128386374162635,0.5800562140596887,0.3872594351138582,Wisconsin,highway,normal,day,Poor,231,15.347,1080,2400,test,test
videos/LiLrm5Zn19w_00.mp4,rear-end,0,10.533,157,0.4981648436546103,0.5070570198459662,0.4757475780696754,0.48614698838410325,0.5205821092395452,0.5279670513078291,Wisconsin,grade_separated_intersection,normal,day,Poor,309,20.7,1080,1584,test,test
videos/YGBuLu9t4Ts_00.mp4,rear-end,0,2.933,45,0.6428448114490293,0.6684645072389576,0.5932409229088165,0.5915909461319845,0.692448699989242,0.7453380683459306,Wisconsin,highway,normal,day,Good,235,15.6,1080,1920,train,test
videos/4XYVvTuLGCg_00.mp4,rear-end,0,4.0,59,0.5892440394042687,0.5455969521683688,0.4726044589736747,0.44470803854394364,0.7058836198348628,0.646485865792794,Wisconsin,highway,normal,day,Poor,448,29.967,1080,1584,test,test
videos/MTOPgMW9aIg_00.mp4,single,0,2.833,42,0.4861584602765132,0.279717827464281,0.46961873211401434,0.25597764603203754,0.5026981884390122,0.30345800889652447,Wisconsin,highway,normal,night,Poor,449,29.967,1080,1584,test,test
videos/-6SQSDj8cYU_00.mp4,t-bone,0,5.083,76,0.5537594655015127,0.46126869934117976,0.4250395490426272,0.346385517537495,0.6824793819603981,0.5761518811448645,Wisconsin,signalized_intersection,normal,night,Poor,449,29.958,720,1056,test,test
videos/deUf0-ljSIs_00.mp4,single,0,6.458,96,0.21027812526578382,0.2732535727535353,0.1862070528491246,0.2549711551067006,0.23434919768244308,0.29153599040037,Wisconsin,highway,rain,day,Poor,449,29.958,720,1056,test,test
videos/Fk2lELADm8U_00.mp4,single,0,5.567,67,0.46928917169459716,0.3443552577526008,0.45123792350985237,0.33206362451475324,0.4873404198793419,0.3566468909904483,Wisconsin,highway,snow,night,Poor,388,30.033,1080,1584,test,test
videos/yj1M5Qp3k4w_00.mp4,single,0,5.333,80,0.6825176775046546,0.30270062071047094,0.6640491989469932,0.2912197308252821,0.7009861560623161,0.3141815105956598,Wisconsin,grade_separated_intersection,normal,day,Fine,449,29.958,720,1056,train,test
videos/OaB8oFL1uKY_00.mp4,single,0,5.433,81,0.520142173400624,0.27193786301325384,0.4838823747849058,0.2495062852684329,0.556401972016342,0.29436944075807475,Wisconsin,highway,rain,night,Fine,449,29.967,1080,1584,test,test
videos/udobZNZzMZE_00.mp4,single,0,7.5,114,0.6388072755312026,0.7015090971910509,0.6054179672069427,0.6782477636120342,0.6721965838554625,0.7247704307700676,Wisconsin,highway,snow,day,Fine,451,29.967,1080,1440,test,test
videos/RK-Btjd1oXs_00.mp4,single,0,10.267,153,0.4842500506566435,0.17477027349761085,0.457821614996157,0.1475296085719756,0.5106784863171301,0.20201093842324608,Wisconsin,signalized_intersection,normal,day,Fine,449,30.1,1080,1584,test,test
videos/InbJMYd79yc_00.mp4,single,0,4.333,64,0.49914879739657614,0.2799051080915652,0.48937268483953833,0.26556244974272986,0.508924909953614,0.2942477664404005,Wisconsin,highway,normal,day,Poor,448,29.958,720,1056,test,test
videos/zaafsIEj5DI_00.mp4,single,0,2.767,41,0.5955404521070111,0.32158239924550835,0.5752009653445544,0.30290950845779596,0.6158799388694677,0.3402552900332208,Wisconsin,highway,normal,night,Very_Poor,89,5.967,1080,1440,test,test
videos/zaafsIEj5DI_01.mp4,single,0,1.9329999999999998,29,0.8975716889146026,0.16266208716380764,0.8880933402037179,0.15277359538056232,0.9070500376254872,0.17255057894705297,Wisconsin,highway,normal,night,Very_Poor,377,25.2,1080,1440,test,test
videos/NKA8MgHBw5A_00.mp4,single,0,3.6,53,0.8520715735467077,0.33397599657044896,0.8269334939476107,0.31995179250791883,0.8772096531458046,0.34800020063297904,Wisconsin,highway,normal,night,Poor,403,30.067,1080,1440,test,test
videos/06jVQmpCJn4_00.mp4,single,0,1.6000000000000005,24,0.18987987141474855,0.23870280398686286,0.1773841254470945,0.2280297004313564,0.20237561738240256,0.24937590754236932,Wisconsin,highway,rain,night,Poor,76,5.133,1080,1584,test,test
videos/2aYst3H2hjo_00.mp4,single,0,6.1,91,0.2789211202098607,0.7407735109746398,0.22050189642836265,0.7065610004459886,0.33734034399135876,0.774986021503291,Wisconsin,highway,snow,day,Poor,167,11.167,1080,1440,test,test
videos/-7-vQ4obVwQ_00.mp4,t-bone,0,5.958,89,0.6789510109887378,0.44909458432858557,0.6222230712692715,0.38237710442923356,0.7356789507082041,0.5158120642279376,Wisconsin,signalized_intersection,normal,day,Poor,401,29.958,720,1056,test,test
videos/IMy1fD-bTng_00.mp4,single,0,7.867,117,0.5864987096240765,0.44944141370401614,0.568348618431094,0.42575122857400755,0.604648800817059,0.47313159883402467,Wisconsin,highway,rain,day,Poor,377,25.2,1080,1584,test,test
videos/k-LD0H31Rug_00.mp4,t-bone,0,8.033,120,0.742368926636558,0.34445918957705157,0.6652700785449529,0.3052693334774928,0.819467774728163,0.3836490456766103,Wisconsin,signalized_intersection,normal,day,Fine,368,25.3,1080,1920,test,test
videos/FjYZw1xUvqg_00.mp4,single,0,4.0,60,0.4866916871886804,0.4237552945255394,0.42908346553079785,0.3816524154428129,0.5442999088465629,0.4658581736082658,Wisconsin,highway,normal,day,Poor,359,23.917,720,1056,test,test
videos/mby2Klg_d10_00.mp4,t-bone,0,21.667,302,0.0727056073580715,0.645990081829973,0.012451148767666204,0.5957916516073813,0.13296006594847679,0.6961885120525646,Wisconsin,grade_separated_intersection,normal,night,Poor,426,29.933,240,352,test,test
videos/fHoZ2_uzu_k_00.mp4,single,0,1.9,27,0.5815347030564076,0.7130581855888903,0.5145159074526717,0.6414742303735945,0.6485534986601436,0.7846421408041862,Wisconsin,highway,snow,day,Poor,438,29.967,1080,1440,test,test
videos/50uYv-SxT-o_00.mp4,t-bone,0,9.0,135,0.4564953705944806,0.38667548894861525,0.3929439588837581,0.33747084890332846,0.5200467823052031,0.4358801289939021,Wisconsin,signalized_intersection,normal,night,Poor,433,29.958,720,1056,test,test
videos/lXKSWeJ9jEc_00.mp4,head-on,0,2.767,41,0.6921702348076898,0.12453482732982288,0.6613433522178974,0.09889450341644122,0.7229971173974822,0.15017515124320455,Wisconsin,highway,normal,day,Fine,66,4.433,1080,1584,test,test
videos/IgfiZK91D64_00.mp4,single,1,2.8,41,0.4732174442439932,0.4131385079116373,0.4493148830930025,0.3960786435027965,0.4971200053949839,0.4301983723204782,Wisconsin,highway,normal,night,Poor,446,30.0,1080,1584,test,test
videos/cvITZqgCI3M_00.mp4,t-bone,0,5.917,88,0.23406765422003067,0.37816087418551414,0.16616635061906967,0.2981927841385557,0.30196895782099165,0.4581289642324725,Wisconsin,signalized_intersection,normal,day,Poor,441,29.958,720,1056,test,test
videos/xDbMZ8L-1OY_00.mp4,t-bone,0,14.433,432,0.8219697634913665,0.3245966019498234,0.7348597858270327,0.25590408065925624,0.9090797411557004,0.39328912324039056,Wisconsin,signalized_intersection,snow,day,Fine,898,29.967,1080,1920,test,test
videos/XbW5qJKc8O8_00.mp4,t-bone,0,4.417,66,0.5579874255465306,0.5187520086679611,0.32571441014543595,0.252383980177038,0.7902604409476253,0.7851200371588843,Wisconsin,signalized_intersection,normal,day,Fine,449,29.958,720,1056,test,test
videos/9_rjoTFi3Ek_00.mp4,t-bone,1,11.233999999999998,162,0.35035871174677935,0.31955439948459563,0.2740605977886433,0.22311186770397426,0.4266568257049154,0.41599693126521703,Wisconsin,signalized_intersection,normal,day,Fine,401,29.715,384,854,test,test
videos/DNXPVeHVfik_00.mp4,t-bone,0,6.333,94,0.43191374810956046,0.5592090285443152,0.3262485535099364,0.4548981449529655,0.5375789427091845,0.663519912135665,Wisconsin,signalized_intersection,snow,day,Fine,387,30.0,1080,1584,test,test
videos/nhEW6whH4HE_00.mp4,single,0,4.667,70,0.566634899739294,0.3830775639870159,0.5357767419286799,0.359174143857495,0.5974930575499081,0.4069809841165368,Wisconsin,highway,normal,night,Very_Poor,449,29.958,720,1056,test,test
videos/rm4qKkLP9-A_00.mp4,rear-end,0,4.367,65,0.3576691904982611,0.2679446478707256,0.33772415672380435,0.25542197090945523,0.3776142242727179,0.280467324831996,Wisconsin,highway,snow,day,Very_Poor,450,30.033,1080,1584,test,test
videos/jwhAPqcuObs_00.mp4,single,0,2.767,41,0.5703310024803894,0.264338522908913,0.5385089048614448,0.24166529962556155,0.602153100099334,0.2870117461922645,Wisconsin,highway,rain,night,Poor,378,25.233,1080,1584,test,test
videos/rRqKYOsYITQ_00.mp4,single,0,7.2669999999999995,109,0.8122541994759531,0.09915296307316578,0.7959898607899444,0.08753965457280521,0.8285185381619617,0.11076627157352634,Wisconsin,highway,rain,day,Poor,217,14.466999999999999,1080,1584,test,test
videos/ru5QM17tRfk_00.mp4,sideswipe,0,2.067,20,0.20696281764614843,0.24071936849151634,0.19318004377263948,0.20979001705894196,0.2207455915196574,0.27164871992409073,Wisconsin,grade_separated_intersection,normal,day,Poor,252,25.3,1080,1584,test,test
videos/WR1xUm9CjqY_00.mp4,rear-end,0,1.766,27,0.8442743721004384,0.37428128207541306,0.7124667624544317,0.2665688642705946,0.9760819817464451,0.4819936998802315,Wisconsin,highway,normal,day,Fine,381,25.299999999999997,1080,1584,train,test
videos/UUZr6xfWXPg_00.mp4,t-bone,0,7.767,116,0.8978026036406788,0.2422795024163131,0.7956651900628637,0.15812494829586027,0.9999400172184939,0.32643405653676594,Wisconsin,signalized_intersection,normal,day,Fine,449,29.967,1080,1584,test,test
videos/QiRO0xdhcdY_00.mp4,sideswipe,0,9.067,135,0.34214818754603216,0.8226126243318903,0.276076668172873,0.7731956927484297,0.40821970691919135,0.8720295559153508,Wisconsin,highway,normal,day,Fine,448,29.967,1080,1584,train,test
videos/lwsVlWv6Oe8_00.mp4,t-bone,0,3.667,54,0.11799911860064888,0.46336038620706466,0.009897524497024976,0.36571849627304387,0.2261007127042728,0.5610022761410854,Wisconsin,signalized_intersection,normal,day,Fine,449,30.033,1080,1584,test,test
videos/KTGByI3N4G0_00.mp4,single,0,6.1,91,0.4217426373946198,0.5267783419956599,0.38856245371511766,0.5021388490625286,0.45492282107412196,0.5514178349287912,Wisconsin,highway,normal,night,Poor,449,30.0,1080,1584,test,test
videos/Y0_pbJCqL6k_00.mp4,rear-end,0,9.0,65,0.7020811920790304,0.21356947144851204,0.5903970496951515,0.15798750545151996,0.8137653344629092,0.2691514374455041,Virginia,signalized_intersection,normal,day,Good,217,29.958333,720,960,test,test
videos/0NixrF6Mt00_0_00.mp4,t-bone,1,1.1010999999999997,27,0.25747389841371654,0.47693444119974243,0.16791709100461533,0.397287786690257,0.34703070582281775,0.5565810957092279,World,signalized_intersection,normal,day,Fine,93,3.870533,720,1280,train,train
videos/3Xd6PxEvbNk_11_00.mp4,t-bone,0,5.071733,43,0.7972164551972696,0.24121545822887397,0.5957622571999763,0.12157622764931586,0.9986706531945628,0.3608546888084321,World,signalized_intersection,normal,night,Very_Poor,96,8.2082,360,480,train,train
videos/3Xd6PxEvbNk_2_00.mp4,t-bone,0,5.872533,91,0.37775917178610774,0.4667110472478785,0.1765994634957388,0.3515943171015183,0.5789188800764767,0.5818277773942386,World,signalized_intersection,normal,day,Very_Poor,192,12.078733,360,480,train,train
videos/3Xd6PxEvbNk_3_00.mp4,t-bone,0,2.168833,52,0.6052541432832445,0.2776381963529452,0.3748431732467111,0.1183582611250872,0.8356651133197778,0.4369181315808031,World,signalized_intersection,rain,day,Very_Poor,363,15.548867,360,480,train,train
videos/3Xd6PxEvbNk_4_00.mp4,t-bone,0,2.869533,58,0.6041560758098159,0.20763440406822578,0.44678268352223793,0.058704895339966846,0.7615294680973937,0.3565639127964847,World,signalized_intersection,normal,day,Very_Poor,175,9.542867,360,480,train,train
videos/3Xd6PxEvbNk_5_00.mp4,t-bone,0,9.542867,216,0.5735501573284548,0.4338086973985608,0.4679692962383481,0.3510220332987619,0.6791310184185615,0.5165953614983597,World,signalized_intersection,normal,day,Very_Poor,336,14.7147,360,480,train,train
videos/3Xd6PxEvbNk_7_00.mp4,t-bone,0,2.002,45,0.3182088441557527,0.445208556458721,0.09831019596789221,0.34278526682386723,0.5381074923436131,0.5476318460935747,World,signalized_intersection,normal,night,Very_Poor,154,8.7087,360,480,train,train
videos/3Xd6PxEvbNk_8_00.mp4,sideswipe,0,7.841167,156,0.46348530521221454,0.28779732131735086,0.3551473513878793,0.22214535268522517,0.5718232590365498,0.35344928994947655,World,signalized_intersection,normal,night,Very_Poor,237,13.580233,360,480,train,train
videos/3Xd6PxEvbNk_9_00.mp4,t-bone,0,5.939267,104,0.5844055461301157,0.4475839940115074,0.3699596963614416,0.34526426804402066,0.79885139589879,0.5499037199789941,World,signalized_intersection,normal,night,Very_Poor,251,15.382033,360,480,train,train
videos/3p_-1RjvCmw_1_00.mp4,t-bone,0,3.56,70,0.2332488346989206,0.1956652845166239,0.08565286473615098,0.12172837459768542,0.38084480466169024,0.2696021944355624,World,signalized_intersection,normal,night,Very_Poor,185,9.32,720,1280,train,train
videos/4gFiGGeTp5w_0_00.mp4,rear-end,0,2.068733,27,0.22959079890150114,0.8632426682727801,0.15770821810205102,0.7441529625099487,0.3014733797009512,0.9823323740356114,World,signalized_intersection,normal,night,Poor,103,8.141467,360,640,train,train
videos/4gFiGGeTp5w_2_00.mp4,t-bone,0,5.939267,177,0.5367033480008099,0.39780661673810047,0.5058117922788322,0.364065401118488,0.5675949037227876,0.43154783235771293,World,signalized_intersection,snow,night,Very_Poor,365,12.245567,360,640,train,train
videos/651RQwxB3WA_1_00.mp4,t-bone,0,2.166667,10,0.428804449147169,0.7332417242863718,0.06396640984053192,0.4664834485727435,0.793642488453806,1.0,World,signalized_intersection,normal,day,Very_Poor,25,5.166667,160,320,train,train
videos/651RQwxB3WA_12_00.mp4,head-on,0,3.5,18,0.5634220387669757,0.7087130109245701,0.43726238174346765,0.41742602184914024,0.6895816957904837,1.0,World,city_street,normal,night,Very_Poor,64,13.0,160,320,train,train
videos/651RQwxB3WA_13_00.mp4,rear-end,0,2.333333,12,0.5841741436833805,0.6954035932226796,0.4019560346633663,0.39159101482819475,0.7663922527033946,0.9992161716171646,World,city_street,normal,day,Very_Poor,35,7.0,160,320,train,train
videos/651RQwxB3WA_17_00.mp4,t-bone,0,1.833333,9,0.45921779301743587,0.22818288118221136,0.4039394797262844,0.15760510965594296,0.5144961063085873,0.2987606527084798,World,signalized_intersection,normal,day,Very_Poor,20,4.0,160,320,train,train
videos/651RQwxB3WA_2_00.mp4,rear-end,0,4.5,23,0.7709791011269024,0.6095592549480974,0.5424128823787233,0.21911850989619475,0.9995453198750814,1.0,World,city_street,normal,day,Very_Poor,44,8.666667,160,320,train,train
videos/67eBRe-YfEE_2_00.mp4,rear-end,0,1.5014999999999996,40,0.5825324346998951,0.6535341025760684,0.5520805813467338,0.6114783885664514,0.6129842880530565,0.6955898165856853,World,city_street,normal,day,Poor,188,7.273933000000001,720,1280,train,train
videos/6mVcTFd5TzI_0_00.mp4,t-bone,0,2.12,53,0.8116436473002986,0.6530295216029722,0.6390683150276761,0.42517236821236615,0.9842189795729211,0.8808866749935784,World,signalized_intersection,rain,day,Very_Poor,97,3.88,240,320,train,train
videos/6mVcTFd5TzI_12_00.mp4,sideswipe,0,1.24,31,0.570332485682575,0.3516059266902377,0.45072233485906665,0.15063013555377186,0.6899426365060833,0.5525817178267036,World,signalized_intersection,normal,night,Very_Poor,72,3.92,240,320,train,train
videos/6mVcTFd5TzI_14_00.mp4,t-bone,0,3.88,86,0.30267391819461315,0.4153144068902571,0.06881644430279342,0.26725548066261684,0.5365313920864329,0.5633733331178974,World,signalized_intersection,rain,night,Very_Poor,150,6.52,240,320,train,train
videos/6mVcTFd5TzI_16_00.mp4,rear-end,0,2.76,68,0.500243913463324,0.22096866406124416,0.3974555955452085,0.1338176211287873,0.6030322313814395,0.308119706993701,World,city_street,rain,night,Very_Poor,231,9.36,240,320,train,train
videos/6mVcTFd5TzI_18_00.mp4,sideswipe,0,3.28,81,0.17494358401940174,0.38246641568854145,0.01299720030589242,0.2774697842711703,0.3368899677329111,0.48746304710591254,World,roundabout,normal,day,Very_Poor,171,6.88,240,320,train,train
videos/6mVcTFd5TzI_2_00.mp4,t-bone,0,2.08,45,0.8063634074197201,0.27959771885986384,0.6326839835539374,0.16397334043366654,0.9800428312855027,0.3952220972860611,World,signalized_intersection,normal,night,Very_Poor,79,3.44,240,320,train,train
videos/6mVcTFd5TzI_20_00.mp4,sideswipe,0,1.52,37,0.1117873483449093,0.34493104193151114,0.025113213117981557,0.2590401115546304,0.19846148357183704,0.4308219723083918,World,simple_intersection,normal,day,Very_Poor,105,4.28,240,320,train,train
videos/6mVcTFd5TzI_22_00.mp4,t-bone,0,5.76,139,0.1706479847733836,0.2994552748737204,0.0326387844875228,0.2059129011916588,0.30865718505924444,0.39299764855578206,World,simple_intersection,rain,day,Very_Poor,185,7.6,240,320,train,train
videos/6mVcTFd5TzI_23_00.mp4,t-bone,0,4.56,113,0.43288810903566177,0.12929339361239853,0.3854035554344951,0.09489626886568456,0.4803726626368284,0.1636905183591125,World,signalized_intersection,rain,day,Very_Poor,140,6.68,240,320,train,train
videos/6mVcTFd5TzI_3_00.mp4,rear-end,0,2.36,51,0.1427081406326304,0.36776414875726005,0.03226496446218145,0.27475145297046816,0.25315131680307934,0.46077684454405193,World,signalized_intersection,rain,day,Very_Poor,69,3.36,240,320,train,train
videos/7YEUfIVVk9Y_0_00.mp4,rear-end,0,0.68,16,0.2569085373164678,0.4864450219033988,0.16827330155327141,0.3837488990640917,0.3455437730796641,0.5891411447427058,World,city_street,snow,day,Poor,164,6.6,720,1280,train,train
videos/7YEUfIVVk9Y_2_00.mp4,t-bone,0,2.76,69,0.45041395895625935,0.5178128774636367,0.4076383464441108,0.44650134135111885,0.4931895714684079,0.5891244135761545,World,signalized_intersection,snow,day,Poor,218,8.719999999999999,720,1280,train,train
videos/7YEUfIVVk9Y_4_00.mp4,t-bone,0,0.52,13,0.4755162480012257,0.4902995644108459,0.40340125405188915,0.406367820062861,0.5476312419505622,0.5742313087588308,World,signalized_intersection,snow,night,Poor,107,4.28,720,1280,train,train
videos/7YEUfIVVk9Y_6_00.mp4,t-bone,0,0.56,14,0.5498789486259902,0.5525427542774229,0.4430753565173471,0.46838799900395534,0.6566825407346333,0.6366975095508906,World,signalized_intersection,snow,day,Poor,108,4.36,720,1280,train,train
videos/7YEUfIVVk9Y_7_00.mp4,t-bone,0,4.72,95,0.1228540934238327,0.4542908907963882,0.09012649114340926,0.40451428880130186,0.15558169570425615,0.5040674927914744,World,simple_intersection,snow,night,Poor,198,11.2,720,1280,train,train
videos/9DRFJxKHc6g_2_00.mp4,t-bone,0,5.138467,123,0.6809953564906828,0.3843028995317422,0.6295551313331046,0.3408456561300682,0.7324355816482608,0.4277601429334162,World,signalized_intersection,normal,day,Poor,212,8.675333,720,1280,train,train
videos/9DRFJxKHc6g_3_00.mp4,single,0,2.936267,64,0.3062182627358755,0.48636554891809314,0.25475652834764234,0.4290668479859644,0.3576799971241087,0.5436642498502219,World,signalized_intersection,normal,night,Poor,127,5.5055,720,1280,train,train
videos/9DRFJxKHc6g_4_00.mp4,head-on,1,6.740067,169,0.5111978467805163,0.5505865957863674,0.4814113815166351,0.4978199261347712,0.5409843120443976,0.6033532654379634,World,simple_intersection,normal,day,Poor,318,12.679333,720,1280,train,train
videos/9DRFJxKHc6g_5_00.mp4,t-bone,0,10.043367,250,0.7889089219827663,0.5035250096639061,0.7130267959918778,0.45509578627116853,0.8647910479736547,0.5519542330566436,World,signalized_intersection,normal,night,Poor,383,15.7157,720,1280,train,train
videos/9fKAb-gGLRM_0_00.mp4,t-bone,0,7.7,161,0.4517658284424556,0.20315863392313913,0.34127363158321344,0.10145482809311017,0.5622580253016978,0.30486243975316807,World,simple_intersection,normal,day,Fine,248,12.0,720,1280,train,train
videos/9fKAb-gGLRM_1_00.mp4,single,0,5.0,48,0.38255203200290566,0.8113503765809081,0.20550719989236846,0.6400827013158252,0.5595968641134429,0.982618051845991,World,simple_intersection,normal,day,Fine,115,11.166667,720,1280,train,train
videos/AJKLxHzIHYY_13_00.mp4,t-bone,0,1.08,26,0.4884881521274602,0.39332402803942956,0.36521335737184774,0.31110224191580627,0.6117629468830728,0.4755458141630529,World,signalized_intersection,normal,night,Very_Poor,62,2.52,360,480,train,train
videos/AJKLxHzIHYY_15_00.mp4,rear-end,0,2.56,63,0.12811432058673708,0.7811047820591175,0.0007391976708340229,0.5658464037904887,0.25548944350264013,0.9963631603277463,World,highway,normal,day,Poor,287,11.84,360,480,train,train
videos/AJKLxHzIHYY_19_00.mp4,t-bone,1,1.2,30,0.7842462817488556,0.2874995298572095,0.645448054139898,0.1583414406947331,0.9230445093578131,0.41665761901968595,World,signalized_intersection,normal,day,Poor,106,4.64,360,480,train,train
videos/AJKLxHzIHYY_9_00.mp4,t-bone,0,0.8,20,0.7837490185798704,0.32166159246485226,0.6194683491586905,0.2529221966283802,0.9480296880010504,0.39040098830132425,World,signalized_intersection,normal,night,Poor,129,5.16,360,480,train,train
videos/ALFF5620ljk_1_00.mp4,t-bone,0,9.0,180,0.7801658845356183,0.3804439889314128,0.720565026964416,0.34995957809303235,0.8397667421068205,0.41092839976979323,World,signalized_intersection,normal,day,Very_Poor,233,11.633333,360,540,train,train
videos/ALFF5620ljk_10_00.mp4,t-bone,0,7.9,159,0.7566339789620167,0.2881806806017283,0.686794481760582,0.2517375841656943,0.8264734761634512,0.3246237770377623,World,signalized_intersection,normal,night,Very_Poor,233,11.566667,360,540,train,train
videos/ALFF5620ljk_12_00.mp4,head-on,0,6.733333,109,0.8094946248654522,0.34727133431483287,0.6488843287038211,0.27187707522589166,0.9701049210270833,0.4226655934037741,World,signalized_intersection,normal,day,Very_Poor,177,11.1,360,540,train,train
videos/ALFF5620ljk_2_00.mp4,t-bone,0,7.3,146,0.6798796493044482,0.4085682910466083,0.6339874969122365,0.38255301759185284,0.7257718016966599,0.4345835645013637,World,signalized_intersection,normal,night,Very_Poor,236,11.766667,360,540,train,train
videos/ALFF5620ljk_3_00.mp4,t-bone,0,7.833333,154,0.6451493365454374,0.44998885093803065,0.5705024898339224,0.41338366842686874,0.7197961832569524,0.48659403344919255,World,signalized_intersection,normal,night,Very_Poor,213,11.133333,360,540,train,train
videos/ALFF5620ljk_5_00.mp4,t-bone,0,11.133333,268,0.22849192579845598,0.45011771000736944,0.12726621581305603,0.399994036091133,0.32971763578385593,0.500241383923606,World,signalized_intersection,normal,day,Very_Poor,368,14.966667,360,540,train,train
videos/ALFF5620ljk_7_00.mp4,t-bone,0,8.033333,153,0.6071359971395738,0.4078607457347584,0.4999835141816063,0.35469526403864315,0.7142884800975413,0.46102622743087357,World,signalized_intersection,normal,night,Very_Poor,213,11.033333,360,540,train,train
videos/ALFF5620ljk_8_00.mp4,t-bone,0,8.1,158,0.7547229026527812,0.35753832353722603,0.673557548110415,0.31539586621809373,0.8358882571951474,0.3996807808563584,World,signalized_intersection,normal,day,Poor,232,11.833333,360,540,train,train
videos/ALFF5620ljk_9_00.mp4,t-bone,0,10.433333,71,0.8625964542214482,0.43833180871562305,0.7833534669772695,0.40288229952458365,0.9418394414656267,0.47378131790666245,World,signalized_intersection,normal,night,Very_Poor,171,20.7,360,540,train,train
videos/AuQz_-J2kzc_1_00.mp4,single,1,1.678134,42,0.38203683778011277,0.13285579799698566,0.3617250658027011,0.11712906177293815,0.4023486097575244,0.14858253422103315,World,roundabout,normal,night,Poor,176,7.283101,360,640,train,train
videos/AuQz_-J2kzc_14_00.mp4,t-bone,0,10.001678,297,0.37297015411057166,0.4571713077234588,0.2160888186807957,0.3355009848799438,0.5298514895403476,0.5788416305669738,World,signalized_intersection,normal,day,Poor,427,14.364826,360,640,train,train
videos/AuQz_-J2kzc_15_00.mp4,sideswipe,0,4.061084,120,0.6648919787541245,0.31009233610481074,0.6106999042999035,0.22248462946425004,0.7190840532083456,0.39770004274537146,World,signalized_intersection,normal,night,Very_Poor,401,14.230576,360,640,train,train
videos/AuQz_-J2kzc_19_00.mp4,single,0,3.993959,118,0.19060269094504106,0.38282181568324253,0.1136948930179372,0.2882074891375762,0.26751048887214496,0.47743614222890884,World,simple_intersection,normal,night,Poor,232,7.820104,360,640,train,train
videos/AuQz_-J2kzc_25_00.mp4,t-bone,0,2.483638,61,0.9138350135738278,0.6639649780178185,0.8276700271476557,0.47984849135947216,1.0,0.848081464676165,World,signalized_intersection,normal,night,Poor,219,10.203054,360,640,train,train
videos/AuQz_-J2kzc_27_00.mp4,sideswipe,0,2.38295,70,0.23254356204862636,0.329647617182761,0.14375537034070832,0.25952328963211735,0.32133175375654444,0.3997719447334046,World,roundabout,normal,day,Poor,113,3.826145,360,640,train,train
videos/AuQz_-J2kzc_29_00.mp4,t-bone,0,0.839067,24,0.73149785016196,0.35649578935321147,0.6690529973759972,0.30850473802966005,0.7939427029479227,0.40448684067676294,World,roundabout,normal,day,Poor,149,5.067964,360,640,train,train
videos/AuQz_-J2kzc_5_00.mp4,sideswipe,0,3.557644,49,0.3473751835426888,0.32990723518029197,0.2642099165260333,0.2256680182510536,0.43054045055934437,0.4341464521095304,World,city_street,normal,night,Poor,102,8.155731,360,640,train,train
videos/B3ehIhlZVD8_2_00.mp4,t-bone,0,6.473133,161,0.21294168652480017,0.44454478979607503,0.16649753540924575,0.4058319850076461,0.25938583764035456,0.48325759458450396,World,simple_intersection,rain,day,Good,275,11.177833,720,1280,train,train
videos/BSNh9UoKY54_1_00.mp4,t-bone,1,1.2800000000000002,19,0.37359466558887533,0.5290074854528333,0.23784238634574706,0.36477550569785067,0.5093469448320036,0.6932394652078158,World,signalized_intersection,normal,night,Fine,62,4.12,720,1280,train,train
videos/BpMHNEa79lo_2_00.mp4,sideswipe,0,8.3,207,0.5627772178217988,0.7501443788433204,0.5318380397528604,0.6648548750619031,0.5937163958907372,0.8354338826247377,World,signalized_intersection,snow,day,Fine,304,12.166667,720,1280,train,train
videos/BpMHNEa79lo_3_00.mp4,sideswipe,0,5.966667,94,0.34708451074611396,0.4895465271116913,0.00031250000000018947,0.26205359893919933,0.6938565214922278,0.7170394552841832,World,signalized_intersection,normal,day,Good,188,11.766667,720,1280,train,train
videos/BpMHNEa79lo_4_00.mp4,sideswipe,0,5.133333,130,0.5030218725740274,0.2847274675410206,0.2047916764516458,0.08813084011446201,0.801252068696409,0.4813240949675791,World,signalized_intersection,normal,day,Good,225,8.933333,720,1280,train,train
videos/CkI203kbHQ8_11_00.mp4,rear-end,0,0.48,12,0.25482325849031595,0.33377833741529206,0.016908036150225597,0.24690751632134206,0.4927384808304063,0.42064915850924206,World,city_street,normal,day,Poor,49,2.76,296,400,train,train
videos/CkI203kbHQ8_12_00.mp4,sideswipe,0,6.2,155,0.5661084036500286,0.31054177899531893,0.46238980098927945,0.24937508351193557,0.6698270063107777,0.3717084744787023,World,city_street,normal,day,Poor,174,6.96,296,400,train,train
videos/CkI203kbHQ8_29_00.mp4,rear-end,0,4.92,66,0.4017378439684065,0.1264855226079618,0.3541064229888267,0.08403739037839841,0.4493692649479863,0.16893365483752523,World,city_street,normal,day,Very_Poor,104,7.64,296,400,train,train
videos/CkI203kbHQ8_32_00.mp4,t-bone,0,0.56,14,0.25670408839107267,0.5135611225879098,0.030209956893186243,0.25199757541716217,0.4831982198889591,0.7751246697586572,World,parking_lot,normal,day,Fine,70,2.92,296,400,train,train
videos/CkI203kbHQ8_5_00.mp4,rear-end,0,4.0,85,0.3789146992951404,0.3138311767448758,0.2548550778989678,0.25320825724008034,0.502974320691313,0.37445409624967135,World,parking_lot,normal,night,Very_Poor,97,5.04,296,400,train,train
videos/CnsDyfXdf8s_0_00.mp4,t-bone,0,8.541867,138,0.3687059080785886,0.4253716595808387,0.31227312312103805,0.37404183089338744,0.42513869303613916,0.47670148826829,World,signalized_intersection,normal,day,Good,263,16.683333,720,1280,train,train
videos/CnsDyfXdf8s_1_00.mp4,t-bone,0,4.871533,122,0.4939614467952029,0.26107112354822704,0.4306174295401718,0.20921190264978456,0.557305464050234,0.31293034444666956,World,simple_intersection,normal,day,Fine,324,14.047367,720,1280,train,train
videos/D1eP4Bn4hDQ_0_00.mp4,t-bone,0,5.083333,121,0.5543167786919521,0.859902480039489,0.38004685260134374,0.7220200790884679,0.7285867047825605,0.9977848809905102,World,signalized_intersection,normal,day,Good,372,17.833333,720,1280,train,train
videos/D2AHpCitweI_0_00.mp4,t-bone,0,1.743017,39,0.40118104665884335,0.320972715695842,0.2859753187650393,0.23833239714439078,0.5163867745526474,0.4036130342472932,World,signalized_intersection,normal,day,Good,137,6.368715,720,1280,train,train
videos/EN-JKUXkwPQ_2_00.mp4,sideswipe,0,2.04,51,0.39054093908388837,0.610555472762367,0.19246725765659298,0.4743714813056427,0.5886146205111837,0.7467394642190912,World,signalized_intersection,normal,day,Poor,125,5.0,360,480,train,train
videos/EN-JKUXkwPQ_4_00.mp4,t-bone,0,2.28,56,0.38611994921964765,0.5150339858773257,0.2785348983373322,0.4508051677919698,0.4937050001019631,0.5792628039626817,World,signalized_intersection,normal,day,Poor,104,4.2,360,480,train,train
videos/EN-JKUXkwPQ_6_00.mp4,t-bone,0,3.32,67,0.3913447123716409,0.14123305154736587,0.3222927938427489,0.11237646836460094,0.46039663090053295,0.1700896347301308,World,signalized_intersection,normal,day,Very_Poor,166,7.28,360,480,train,train
videos/EN-JKUXkwPQ_7_00.mp4,t-bone,0,3.96,99,0.11508509817988018,0.1574548087976249,0.0385140277122171,0.10854217927330485,0.19165616864754326,0.20636743832194498,World,signalized_intersection,normal,night,Poor,210,8.6,360,480,train,train
videos/rNaMkFBhxmI_00.mp4,single,0,1.333333,19,0.6937049288882997,0.6896372703374982,0.6460978676002141,0.6451160621538082,0.7413119901763853,0.7341584785211883,Virginia,highway,normal,night,Fine,366,29.916666,720,960,train,test
videos/7_GBBO6jreo_00.mp4,head-on,0,6.200000000000001,125,0.894278887291985,0.3648198691047245,0.8592404666841199,0.33309740042381303,0.9293173078998501,0.3965423377856361,World,highway,normal,night,Good,649,25.866999999999997,720,1280,test,train
videos/Bv1O4yUKzEo_00.mp4,single,1,4.767,142,0.29354382880576496,0.4785565860253024,0.27103806412718723,0.43518895233434235,0.3160495934843427,0.5219242197162623,World,highway,normal,night,Very_Poor,477,15.933,1080,1620,test,train
videos/kj23OkxXMfU_00.mp4,single,1,7.25,109,0.7723942306951717,0.345420396778998,0.7497078894181032,0.32436399100519914,0.7950805719722402,0.36647680255279685,Tennessee,grade_separated_intersection,normal,night,Poor,126,8.417,720,1080,test,test
videos/XqNrTjSsGrg_00.mp4,rear-end,1,3.933,117,0.1928876068579219,0.4385224944714411,0.17805228232880665,0.4251407046592922,0.2077229313870371,0.4519042842835899,Alabama,highway,normal,day,Poor,197,6.633,720,1280,train,test
videos/eTF4L0hxKtI_00.mp4,head-on,1,11.0,165,0.34223510949763375,0.22056879219319653,0.3352228879234559,0.21082296388813795,0.3492473310718116,0.23031462049825507,Alabama,highway,normal,night,Fine,448,29.958,720,1280,test,test
videos/NcksItQU_i0_00.mp4,rear-end,0,3.375,30,0.3142238766648099,0.40335463230497104,0.2945296916750247,0.38622570073851725,0.33391806165459503,0.4204835638714249,Arkansas,highway,normal,day,Poor,190,23.25,720,1280,test,test
videos/Rnip1LReTsg_00.mp4,rear-end,0,9.583,191,0.18951525535343142,0.49402120050180226,0.17413823029135453,0.4716326339482976,0.2048922804155083,0.516409767055307,Arkansas,highway,normal,night,Fine,599,29.958,720,1280,test,test
videos/H7tS58aI1rM_00.mp4,t-bone,0,5.125,73,0.7949278901288317,0.2787303790669545,0.7585254248712506,0.25523747385048207,0.8313303553864128,0.30222328428342704,Virginia,signalized_intersection,normal,night,Very_Poor,424,29.917,720,960,test,test
videos/rAqvr6D_CwU_00.mp4,rear-end,0,20.0,300,0.52858310083164,0.3990543657395232,0.472625828575885,0.252093409966626,0.584540373087395,0.5460153215124204,Georgia,highway,normal,day,Good,451,30.033333000000002,720,1280,train,test
videos/a5AAO2Kcnhg_00.mp4,head-on,0,17.958,269,0.5753666622299047,0.4232073758359931,0.5574730645091378,0.3752996306921087,0.5932602599506718,0.47111512097987746,Georgia,highway,normal,night,Very_Poor,449,29.958,720,1280,test,test
videos/AdbmoLPWCUo_00.mp4,t-bone,0,3.1,93,0.20038970038203563,0.3183759076749193,0.1000318067858688,0.24888934214955125,0.30074759397820244,0.3878624732002874,Minnesota,signalized_intersection,rain,day,Fine,170,5.667,720,1080,test,test
videos/g-JnlWPEZd4_00.mp4,head-on,0,7.367,221,0.6336588821719908,0.5408851050491834,0.6045119294894177,0.48917179566613717,0.662805834854564,0.5925984144322296,World,highway,normal,night,Fine,900,30.0,1080,1920,test,train
videos/jBZOG3jhKp4_00.mp4,single,0,3.041667,37,0.6032770519248705,0.5561845350255125,0.5842807083281728,0.535283726387826,0.6222733955215681,0.577085343663199,Virginia,highway,rain,night,Very_Poor,148,12.375,720,960,test,test
videos/aQRTpyTLTV0_00.mp4,single,1,5.417,81,0.7010822913288786,0.3188665405357344,0.6912056586353326,0.30197016344578365,0.7109589240224244,0.33576291762568516,Virginia,grade_separated_intersection,normal,day,Very_Poor,449,29.958,720,960,test,test
videos/AJjnEMemjDk_00.mp4,single,0,4.459,67,0.7497556782061365,0.26789736100100625,0.7357060308874311,0.25671745199335705,0.7638053255248418,0.2790772700086555,Tennessee,highway,rain,day,Poor,187,12.459,720,936,test,test
videos/YQG_FvZM9pg_00.mp4,rear-end,1,6.375,97,0.3826407371537641,0.42387021843156086,0.3436293655221917,0.3436988003140826,0.42165210878533654,0.5040416365490391,Virginia,highway,normal,day,Poor,228,15.125,720,1280,test,test
videos/PNXLwYc7TFo_00.mp4,rear-end,0,6.867,103,0.4953795158952299,0.4495140953822636,0.4699112251888991,0.4059446879675391,0.5208478066015606,0.4930835027969882,Alabama,highway,normal,night,Poor,230,15.367,720,1280,train,test
videos/qRIoLYMJVcs_00.mp4,single,0,11.875,84,0.8804708308321618,0.42724509972375535,0.8696431126487838,0.4128284289779854,0.8912985490155398,0.44166177046952526,Arkansas,highway,normal,night,Very_Poor,458,29.958,720,1280,test,test
videos/xKSqovMmBhw_00.mp4,rear-end,0,19.0,149,0.4344675854201503,0.17987776698944596,0.4117243360189422,0.15179838521186564,0.45721083482135844,0.2079571487670263,Alabama,highway,normal,night,Very_Poor,303,29.933,240,352,test,test
videos/GnpwLP2THmM_0_00.mp4,t-bone,0,2.002,60,0.736165005327765,0.4061958615047489,0.6451721529871989,0.3368719280402746,0.827157857668331,0.4755197949692232,World,signalized_intersection,normal,day,Very_Poor,116,3.870533,720,1280,train,train
videos/GnpwLP2THmM_1_00.mp4,t-bone,1,2.9029,87,0.5833612416408509,0.6608121560259128,0.42331337010561426,0.5728801517198892,0.7434091131760876,0.7487441603319364,World,signalized_intersection,normal,day,Very_Poor,210,7.007,720,1280,train,train
videos/GnpwLP2THmM_10_00.mp4,t-bone,0,1.1011,32,0.518451611589719,0.4987141154854115,0.32620526853448745,0.41315468989219983,0.7106979546449504,0.5842735410786232,World,signalized_intersection,normal,day,Poor,161,5.4054,720,1280,train,train
videos/GnpwLP2THmM_2_00.mp4,t-bone,0,1.3013,38,0.7591009758577452,0.36271395976995363,0.6937107142698461,0.31663117233330285,0.8244912374456442,0.4087967472066044,World,signalized_intersection,normal,night,Very_Poor,157,5.271933,720,1280,train,train
videos/GnpwLP2THmM_3_00.mp4,t-bone,1,2.035367,61,0.32198360659364433,0.4562976756482209,0.181658410098089,0.3462969914809028,0.46230880308919964,0.5662983598155389,World,signalized_intersection,normal,day,Poor,197,6.573233,720,1280,train,train
videos/GnpwLP2THmM_4_00.mp4,t-bone,0,2.002,59,0.7683905526183612,0.48671312163416325,0.6549841441543635,0.39953627534357733,0.881796961082359,0.5738899679247491,World,signalized_intersection,normal,day,Poor,183,6.139467,720,1280,train,train
videos/GnpwLP2THmM_5_00.mp4,t-bone,1,2.2022,34,0.6520225628240596,0.5868692083696799,0.47835413403447075,0.48966337202982013,0.8256909916136485,0.6840750447095397,World,signalized_intersection,normal,day,Poor,45,2.869533,720,1280,train,train
videos/GnpwLP2THmM_6_00.mp4,t-bone,1,1.368033,40,0.7913179790035476,0.43364240281864525,0.6974712480278356,0.3589022693324464,0.8851647099792596,0.5083825363048441,World,signalized_intersection,normal,day,Very_Poor,170,5.7057,720,1280,train,train
videos/GnpwLP2THmM_7_00.mp4,t-bone,0,1.668333,49,0.8823039300912413,0.5135945797171046,0.7662810022177022,0.3961794053987626,0.9983268579647804,0.6310097540354466,World,signalized_intersection,normal,night,Very_Poor,125,4.2042,720,1280,train,train
videos/GnpwLP2THmM_9_00.mp4,t-bone,1,2.435767,73,0.6607028050974801,0.4576096671865866,0.5422627079285557,0.38452420549135946,0.7791429022664047,0.5306951288818137,World,signalized_intersection,normal,day,Poor,226,7.540867,720,1280,train,train
videos/HD6QGx9d8ow_0_00.mp4,rear-end,0,2.335667,69,0.6413068879658134,0.58860468162366,0.45301776974819885,0.3854057929190166,0.8295960061834279,0.7918035703283034,World,signalized_intersection,normal,day,Poor,216,7.240567,720,1280,train,train
videos/HD6QGx9d8ow_1_00.mp4,rear-end,0,3.036367,90,0.5597941539504494,0.676051337699868,0.44092627143031776,0.5403392783835712,0.6786620364705811,0.8117633970161647,World,signalized_intersection,normal,day,Very_Poor,218,7.3073,720,1280,train,train
videos/xDNd4r5dECc_00.mp4,rear-end,0,9.083,136,0.845650494334619,0.6334612291434425,0.6913803343723629,0.49338253022532186,0.999920654296875,0.773539928061563,Georgia,highway,normal,day,Poor,449,29.958,720,1280,test,test
videos/K98k1MB8rps_00.mp4,single,0,4.133,123,0.768866998964027,0.06390492111896537,0.7548989404573917,0.05254854814547685,0.7828350574706623,0.07526129409245388,Minnesota,grade_separated_intersection,normal,night,Poor,310,10.367,1080,1620,test,test
videos/EWacZjLgE18_00.mp4,rear-end,1,3.75,56,0.3083012406210688,0.3807524513814045,0.26571337774021736,0.3479638155443177,0.3508891035019202,0.4135410872184913,Virginia,highway,normal,day,Poor,449,29.917,720,960,test,test
videos/7NMgRqMghNs_00.mp4,sideswipe,0,11.273,170,0.7954366141690761,0.500432958984205,0.7745926380227269,0.4733510544109676,0.8162805903154253,0.5275148635574425,Virginia,highway,normal,night,Very_Poor,379,25.253,384,854,test,test
videos/SBIUNqe_XTk_00.mp4,single,1,5.467,83,0.8337868538413545,0.6496228210545654,0.8144951592331399,0.6352041521225728,0.8530785484495692,0.664041489986558,Alabama,grade_separated_intersection,normal,night,Poor,451,30.167,480,720,train,test
videos/oYaZpc8SL9c_00.mp4,t-bone,1,2.125,32,0.6049586817712078,0.8591512327900377,0.4631613581750885,0.727038002887585,0.7467560053673272,0.9912644626924905,Alabama,signalized_intersection,normal,night,Fine,267,29.958,720,1080,test,test
videos/JZcTEwl1Od4_00.mp4,t-bone,0,6.933,205,0.6221743480032353,0.3293133941398617,0.5375805542242451,0.2537966163854738,0.7067681417822257,0.40483017189424964,Alabama,signalized_intersection,normal,day,Poor,837,29.967,720,1280,test,test
videos/-RE3XseZINA_00.mp4,rear-end,0,22.958,297,0.18250280752677353,0.5150474567282803,0.0,0.32823136030957034,0.36500561505354706,0.7018635531469903,Alabama,highway,normal,night,Good,393,29.958,720,1080,train,test
videos/eSs-IaQJQtc_00.mp4,rear-end,0,10.267,294,0.4879739470636347,0.46243085660093874,0.4343855482443762,0.3851600929750652,0.5415623458828932,0.5397016202268122,Alabama,highway,normal,night,Very_Poor,879,29.967,720,1280,test,test
videos/v-XEgdEkmEk_00.mp4,head-on,0,6.792,101,0.23748265989380002,0.18195930752489428,0.22563456217447897,0.1730156792534735,0.24933075761312107,0.19090293579631507,Alabama,highway,normal,day,Poor,448,29.917,720,960,test,test
videos/I2syQkUAm0g_00.mp4,rear-end,0,7.867,117,0.23973124862560652,0.2458122914688871,0.06208220572641223,0.13241995506227233,0.41738029152480083,0.3592046278755019,Alabama,signalized_intersection,normal,night,Fine,449,29.967,1080,1620,test,test
videos/cTv27dfHJKM_00.mp4,sideswipe,0,2.292,34,0.5284631087318026,0.7822134542877667,0.5031530920690993,0.7465856730051857,0.5537731253945058,0.8178412355703476,Alabama,highway,normal,day,Poor,452,29.958,720,1280,test,test
videos/ngcjihGL0zg_00.mp4,single,0,2.458,37,0.5188173662255489,0.6231694514125959,0.5040463587036328,0.6083501847799148,0.533588373747465,0.6379887180452771,Alabama,highway,rain,night,Very_Poor,131,8.75,720,1280,test,test
videos/_lcVYPMK8RY_00.mp4,t-bone,0,14.5,138,0.2384767739960677,0.23836535771687883,0.12893412272135454,0.14303512008101885,0.3480194252707809,0.33369559535273885,Alabama,signalized_intersection,normal,night,Poor,159,16.791667,720,1280,test,test
videos/3Si9WUEcmK8_00.mp4,single,1,2.792,41,0.07134841063614204,0.49245725072050506,0.0590904803876645,0.47963692123485757,0.08360634088461959,0.5052775802061525,Alabama,grade_separated_intersection,normal,night,Very_Poor,81,6.125,720,1080,test,test
videos/OoflvRjRL_Q_00.mp4,t-bone,0,3.375,50,0.5336021249805194,0.7562411187886622,0.28551034612615,0.5653493775161021,0.7816939038348887,0.9471328600612221,Alabama,signalized_intersection,normal,day,Poor,186,12.417,720,1056,test,test
videos/69UT4E3LoAc_00.mp4,t-bone,0,8.767,131,0.38139063301876563,0.38544091933836677,0.18390015283853262,0.2413699933679024,0.5788811131989987,0.5295118453088311,Alabama,signalized_intersection,normal,day,Good,449,29.967,1080,1620,test,test
videos/LtBosyZywWw_00.mp4,t-bone,0,3.583,53,0.21028185038513686,0.6404160574965263,0.1264792659021449,0.5392936947395018,0.29408443486812885,0.7415384202535507,Alabama,signalized_intersection,normal,night,Fine,224,15.125,720,1080,test,test
videos/eUAbFjZa1MI_00.mp4,t-bone,1,3.125,47,0.3771160761370608,0.9389180026172451,0.2715123048029656,0.8782100175662284,0.482719847471156,0.9996259876682618,Alabama,signalized_intersection,normal,night,Fine,450,30.0,720,1080,test,test
videos/TAx0an0Jo84_00.mp4,single,0,5.333,80,0.8046185018769183,0.35979808476331776,0.7676956796752811,0.3327908525919358,0.8415413240785554,0.38680531693469977,Alabama,highway,normal,day,Fine,451,29.958,720,1080,train,test
videos/29O6I-sITyw_00.mp4,single,1,4.417,66,0.4703884093781625,0.24296797409807513,0.46185650479860224,0.23346400131407943,0.4789203139577228,0.2524719468820708,Alabama,highway,normal,day,Poor,448,29.917,720,1080,train,test
videos/I2qAsVRZSkc_00.mp4,single,0,7.933,237,0.551259554463388,0.28256111377614257,0.5387312638437687,0.2591427254154471,0.5637878450830073,0.305979502136838,Alabama,highway,normal,night,Poor,898,29.967,720,1280,train,test
videos/EYPYs2UKPmE_00.mp4,t-bone,0,2.208,33,0.406410482047262,0.44192663300908575,0.38990795544135715,0.43026482866832605,0.42291300865316683,0.4535884373498454,Alabama,highway,normal,night,Very_Poor,367,24.458,720,1280,test,test
videos/LsXzcdBISgw_00.mp4,sideswipe,1,7.458,104,0.7513297368629315,0.19067246953600558,0.738281794522391,0.17805543086492603,0.7643776792034719,0.2032895082070851,Alabama,highway,normal,night,Fine,314,29.958,720,1280,train,test
videos/udz8ku0RP6Q_00.mp4,single,1,6.6,98,0.5083329233708929,0.23564040803632025,0.496454474491379,0.2098566021466712,0.5202113722504066,0.26142421392596926,Virginia,highway,normal,day,Very_Poor,449,30.0,720,1280,test,test
videos/QUvymz7GOQc_00.mp4,sideswipe,1,4.125,33,0.8119960028811952,0.577851805246568,0.785010284969373,0.5618805267523499,0.8389817207930175,0.5938230837407862,Arkansas,highway,normal,day,Good,239,29.917,720,1280,test,test
videos/bEwsn-J8API_00.mp4,rear-end,0,4.542,36,0.6993842074753276,0.646920933896987,0.653340119616863,0.5734284608362975,0.7454282953337923,0.7204134069576765,Arkansas,highway,normal,day,Fine,240,29.917,720,1280,test,test
videos/TDlmnB9JOHk_00.mp4,sideswipe,0,8.917,53,0.4622879729187467,0.37835386356350975,0.43451183315020925,0.3556222408772059,0.4900641126872841,0.40108548624981366,Arkansas,highway,normal,day,Fine,179,29.917,720,1280,test,test
videos/Tk2ebvISDlk_00.mp4,rear-end,0,1.625,13,0.20640200253303387,0.30311811371664177,0.19380536221342481,0.28630851716884537,0.21899864285264292,0.31992771026443817,Arkansas,highway,normal,day,Poor,183,22.875,720,1280,test,test
videos/oqzyCtlqYUw_00.mp4,rear-end,0,6.708,54,0.5549661345138583,0.41162550732860415,0.5284673432928254,0.37955868302937296,0.5814649257348914,0.4436923316278353,Arkansas,highway,normal,day,Fine,243,29.917,720,1280,test,test
videos/VbJ0P0Ranrw_00.mp4,sideswipe,0,0.625,5,0.32729781324896645,0.387616762943205,0.30710806970348253,0.3585225232058393,0.3474875567944503,0.41671100268057065,Arkansas,highway,normal,day,Poor,110,13.707999999999998,720,1280,test,test
videos/yzNEliTlFGk_00.mp4,rear-end,0,6.375,51,0.5285168414477439,0.3997139573359218,0.505134514092524,0.3710246719740418,0.551899168802964,0.4284032426978018,Arkansas,highway,normal,night,Very_Poor,239,29.875,720,1280,test,test
videos/x9KDw9QoeKs_00.mp4,single,1,6.042,48,0.3848890147404368,0.5490315524351205,0.3628030705805964,0.5307278746256257,0.40697495890027724,0.5673352302446153,Arkansas,highway,normal,night,Very_Poor,84,10.542,720,1280,test,test
videos/F810q1TVR94_00.mp4,single,1,16.583333,135,0.5036005456692846,0.45563284329948983,0.48086644102779036,0.43916117131947746,0.5263346503107788,0.47210451527950215,Arkansas,highway,normal,day,Fine,243,29.958333,720,1280,test,test
videos/CfyyqTRMA6A_00.mp4,single,1,4.708333,37,0.6056544883794575,0.20939016952432388,0.5950900927199693,0.20140040442523363,0.6162188840389458,0.21737993462341415,Arkansas,highway,rain,day,Fine,109,13.708333,720,1280,test,test
videos/nzxBMPZE-Ow_00.mp4,single,1,5.833,48,0.27209726388816435,0.47875237169903906,0.23669513223919175,0.4548407163735731,0.3074993955371369,0.5026640270245051,Arkansas,highway,normal,day,Good,251,29.833,720,1280,test,test
videos/Z0GQkjeJ28s_00.mp4,t-bone,1,4.333333,34,0.4207338451846463,0.5458811443695384,0.38111269218602645,0.5193116524368129,0.46035499818326614,0.572450636302264,Arkansas,signalized_intersection,normal,day,Good,239,29.958333,720,1280,test,test
videos/Xu_5PuNK6Mc_00.mp4,single,1,2.75,22,0.5919988819684121,0.7093164496710179,0.561419353948773,0.668034049611979,0.6225784099880514,0.7505988497300569,Arkansas,highway,normal,day,Fine,239,29.875,720,1280,test,test
videos/Aq_-v8khHjQ_00.mp4,rear-end,1,9.083333,54,0.7280806715308938,0.31449652178600396,0.716905586301544,0.3046267168525893,0.7392557567602438,0.3243663267194186,Arkansas,highway,normal,day,Good,166,27.75,720,1280,test,test
videos/jCoAyWsIyv8_00.mp4,single,0,6.875,55,0.2710902597375255,0.5461188022101846,0.2572778219899694,0.5295410799622383,0.28490269748508157,0.562696524458131,Arkansas,highway,normal,day,Fine,239,29.875,720,1280,test,test
videos/BdL1TIuXeuY_00.mp4,sideswipe,1,6.375,51,0.6519464477648337,0.39960913821503,0.6427124604582787,0.38962356443758434,0.6611804350713887,0.4095947119924757,Arkansas,highway,normal,day,Poor,239,29.875,720,1280,test,test
videos/P1CKuvV6ma4_00.mp4,sideswipe,1,4.082999999999998,61,0.5084310472839395,0.33063996326632694,0.4565937505844652,0.2865837649482189,0.5602683439834139,0.37469616158443503,Virginia,highway,normal,night,Poor,151,10.0,720,960,test,test
videos/MLNUAH0Nc5w_00.mp4,t-bone,0,5.542,56,0.5770280154449223,0.3449127822201393,0.4957908964976437,0.30261647321723034,0.6582651343922009,0.38720909122304825,Virginia,signalized_intersection,rain,night,Poor,298,29.958,720,960,test,test
videos/7DnAOa6rGgg_00.mp4,rear-end,1,5.041666,38,0.38839564499454043,0.37010792780204615,0.36977277296297123,0.35389728947217697,0.40701851702610964,0.3863185661319154,Virginia,highway,normal,night,Very_Poor,225,29.916666,720,960,test,test
videos/ZGDoRBiCxEA_00.mp4,rear-end,1,10.542,157,0.43570809464561555,0.8449596677036812,0.3851892799208574,0.7873865025812999,0.4862269093703737,0.9025328328260626,Virginia,highway,normal,day,Fine,431,28.792,720,960,train,test
videos/TWCg8QXjraw_00.mp4,rear-end,0,4.708,47,0.5823144909861504,0.5841219952467075,0.5311795613444557,0.48175170464162004,0.633449420627845,0.6864922858517949,Virginia,highway,normal,day,Poor,299,29.917,720,960,test,test
videos/h9aw9Upkwx4_00.mp4,rear-end,0,3.467,34,0.6363835790585808,0.636397790152816,0.600013688488501,0.5851272416925524,0.6727534696286607,0.6876683386130795,Virginia,highway,normal,night,Poor,82,8.267,1080,1920,test,test
videos/h5WtldZ9-68_00.mp4,rear-end,0,2.333,34,0.6230535496078545,0.26591535315432957,0.6055712779917959,0.24515005913278098,0.6405358212239132,0.2866806471758781,Virginia,highway,normal,night,Very_Poor,288,19.25,720,1280,test,test
videos/OPrn1pj3g5M_00.mp4,rear-end,0,10.333,309,0.08130245553301434,0.3777343985602856,0.06517132053703784,0.35544225317945616,0.09743359052899084,0.4000265439411151,World,highway,normal,night,Good,893,30.0,1080,1920,test,train
videos/H6A3xLciOZk_00.mp4,rear-end,0,5.333,80,0.5207228921320117,0.4844037470918884,0.4763505869931424,0.43692924229733393,0.565095197270881,0.5318782518864428,Virginia,highway,normal,day,Poor,448,30.0,1080,1620,test,test
videos/ZoffyoNXhOo_00.mp4,rear-end,0,11.468,170,0.41891602719694265,0.4164258351950486,0.39426225763798606,0.38298627666565466,0.4435697967558993,0.4498653937244426,Virginia,highway,normal,day,Very_Poor,442,29.62,1080,2400,test,test
videos/EzI5Rn3z4ew_00.mp4,rear-end,0,5.1,76,0.7764578460851912,0.49832571209455845,0.7214447384024525,0.4269390216696211,0.83147095376793,0.5697124025194957,Virginia,highway,normal,day,Fine,449,29.967,1080,1920,train,test
videos/9w-8u8wKF5k_00.mp4,t-bone,0,3.916666,27,0.6567901394249182,0.23192903211201688,0.6338042458494267,0.20429259920278783,0.6797760330004096,0.2595654650212459,Arkansas,highway,rain,day,Good,60,8.583333,720,1280,train,test
videos/Tfc5ixuHl3E_00.mp4,rear-end,1,6.9,201,0.4807328702679508,0.4920934328628534,0.41570120422050916,0.4413876770620938,0.5457645363153925,0.542799188663613,Florida,highway,rain,day,Good,893,29.967,720,1280,test,test
videos/ur7JERJrVQs_00.mp4,t-bone,0,2.792,42,0.4012576929652372,0.5581559076323586,0.37224867132688544,0.5244746925680542,0.430266714603589,0.591837122696663,Florida,highway,normal,day,Poor,408,27.208,720,1056,test,test
videos/022uvRkRJ8E_00.mp4,single,1,3.733999999999999,112,0.18147338614889652,0.25121012947730775,0.14996532158888967,0.2336188660368045,0.21298145070890337,0.268801392917811,Florida,highway,normal,day,Fine,595,24.433999999999997,720,960,test,test
videos/GD6usZ7O7UU_00.mp4,head-on,0,3.44,69,0.7880032177497567,0.8152697937182443,0.5776633761045702,0.6561303068593369,0.998343059394943,0.9744092805771516,Florida,signalized_intersection,normal,day,Fine,599,29.96,720,1056,test,test
videos/aERiIg9Dts4_00.mp4,single,1,5.25,78,0.7124288671514531,0.3059338773890966,0.6977819017785227,0.28826012837722054,0.7270758325243836,0.3236076264009726,Florida,highway,normal,day,Fine,448,29.958,720,1080,test,test
videos/WiX5bXnWtXg_00.mp4,sideswipe,1,1.433,42,0.08096823431396337,0.5879337901512249,8.105301991222267e-05,0.4646748922883902,0.1618554156080145,0.7111926880140598,Florida,highway,normal,night,Poor,898,29.967,720,1056,test,test
videos/bcuWtCE-SnE_00.mp4,sideswipe,0,6.467,194,0.6241264898562822,0.359465057598223,0.6077416867514468,0.3462478017994676,0.6405112929611174,0.3726823133969784,Florida,highway,normal,day,Fine,317,10.567,720,1280,test,test
videos/MTxBv0i8B8w_00.mp4,t-bone,1,7.583333,115,0.31779659590148535,0.7129623545777155,0.1960101829832297,0.5466411591189079,0.43958300881974094,0.8792835500365231,Georgia,signalized_intersection,normal,day,Excellent,431,29.958333,720,1280,test,test
videos/X9mDWoU5gq0_00.mp4,single,0,3.5,52,0.6599620255895634,0.3229393654258813,0.545177061270659,0.17536287579547474,0.7747469899084678,0.47051585505628785,Georgia,highway,normal,night,Very_Poor,341,29.958,720,1056,test,test
videos/mhuM8U4OZw4_00.mp4,t-bone,0,4.791666,71,0.40120686616636503,0.3713714119240089,0.3154474894205729,0.23712709780092642,0.4869662429121571,0.5056157260470914,Georgia,signalized_intersection,normal,day,Good,382,29.916666,720,1280,test,test
videos/1fe57nFDL_s_00.mp4,rear-end,0,21.625,324,0.36949077649873513,0.8680161071630749,0.2982922697338187,0.8172750250251882,0.44068928326365153,0.9187571893009615,Georgia,highway,normal,night,Poor,449,29.958333,720,1280,test,test
videos/C0faYXs1tA4_00.mp4,head-on,0,8.562,127,0.42918361344838807,0.5089743665624127,0.40517432495134903,0.4671789843263889,0.45319290194542705,0.5507697487984365,Georgia,highway,normal,night,Very_Poor,384,25.748,384,854,test,test
videos/whARwNPnlf0_00.mp4,rear-end,1,7.4,110,0.5446116946816245,0.41296057881377884,0.5172607911291544,0.37550107961388496,0.5719625982340947,0.45042007801367273,Virginia,highway,normal,day,Poor,173,11.6,1080,1920,test,test
videos/qOKeWK8IZHs_00.mp4,rear-end,0,5.25,79,0.4711860374780992,0.8192466258222382,0.36449806299468007,0.6405173260900736,0.5778740119615183,0.9979759255544026,Georgia,highway,normal,night,Very_Poor,449,29.917,720,1280,test,test
videos/nH1Xj9-rVwc_00.mp4,rear-end,0,13.833,384,0.6147207225922866,0.7689983375616534,0.4910559120464241,0.5511184568401589,0.738385533138149,0.9868782182831479,Georgia,highway,normal,night,Very_Poor,619,30.0,1080,1440,test,test
videos/ga0JEJ0fnGY_00.mp4,single,1,3.5,52,0.503213169956884,0.4853413504466449,0.48283241118899173,0.46114506683907164,0.5235939287247764,0.5095376340542181,Georgia,highway,normal,night,Poor,140,9.375,720,1280,test,test
videos/zl0-TZHfZg0_00.mp4,sideswipe,0,6.667,100,0.7267057722885513,0.11986479112412857,0.6962799333967847,0.09017324529220921,0.7571316111803177,0.14955633695604792,Georgia,highway,normal,night,Poor,288,19.209000000000003,720,1056,test,test
videos/xR3X3G9hsZ0_00.mp4,rear-end,1,6.4,96,0.3443884705974657,0.46856558559354256,0.32540303301525897,0.4320686374439851,0.36337390817967236,0.5050625337431001,Georgia,highway,normal,night,Poor,450,30.0,1080,1920,test,test
videos/QE7qzpppF2c_00.mp4,single,0,1.958,35,0.45680108036901096,0.628116421294659,0.4356779142410109,0.6091314804419223,0.47792424649701104,0.6471013621473958,Georgia,highway,normal,night,Very_Poor,554,29.958,720,1280,test,test
videos/yQyB-0PLYAU_00.mp4,t-bone,1,3.167,94,0.21101352642305737,0.9698302513167751,0.14488748443466287,0.9415995245116802,0.2771395684114519,0.99806097812187,Georgia,highway,normal,day,Good,892,30.0,1080,1920,train,test
videos/62-L7OtC4tg_00.mp4,rear-end,0,9.208,138,0.5866227357189666,0.8072904727456616,0.5295865671815727,0.7201038913006508,0.6436589042563605,0.8944770541906724,Georgia,highway,normal,night,Poor,449,29.917,720,1056,test,test
videos/H644DZi-cWQ_00.mp4,t-bone,0,2.875,19,0.7661196648540326,0.6021025523989928,0.5324356734041686,0.3601565760387968,0.9998036563038966,0.8440485287591888,Georgia,signalized_intersection,normal,day,Excellent,78,6.791666,720,1280,test,test
videos/lvIwOAjE7Ts_00.mp4,t-bone,0,12.111111,327,0.5448581126679684,0.6925383899841631,0.4644315183789146,0.6137775493321762,0.6252847069570222,0.7712992306361499,Georgia,signalized_intersection,normal,day,Fine,671,29.962963000000002,720,1280,test,test
videos/9jbzA3-ub9c_00.mp4,sideswipe,1,3.542,52,0.44254847968252786,0.36404548870776804,0.4253225861236693,0.3496870587459482,0.4597743732413865,0.3784039186695879,Georgia,highway,normal,day,Poor,79,5.333,720,1056,test,test
videos/md2cHgL1TV0_00.mp4,sideswipe,1,4.25,63,0.20899429551724577,0.5020656691430283,0.17178723023778464,0.45539947933923824,0.2462013607967069,0.5487318589468183,Virginia,highway,normal,day,Poor,448,29.917,720,960,test,test
videos/9AO9fQexSIo_00.mp4,rear-end,1,9.1,135,0.5972337191147365,0.5156528119798716,0.576573131504936,0.4895676217357808,0.617894306724537,0.5417380022239623,Iowa,highway,normal,day,Fine,325,21.767,720,1280,test,test
videos/2OnAsVRtNQM_00.mp4,rear-end,0,8.100000000000001,230,0.41289649857410055,0.3878833757528355,0.3783314425897124,0.3416212878396055,0.4474615545584887,0.4341454636660655,Iowa,highway,normal,day,Poor,470,17.0,1080,1920,test,test
videos/pA_dEaPv-yk_00.mp4,sideswipe,0,3.7,109,0.439548512656321,0.3598654843572949,0.39848650268080965,0.3140618540712913,0.4806105226318323,0.40566911464329847,Iowa,highway,normal,day,Fine,418,14.0,1080,1920,test,test
videos/-FQxK6HdxNU_00.mp4,sideswipe,1,3.233,48,0.5581834312058659,0.6576902751158444,0.5271671812739309,0.6292489198870679,0.5891996811378009,0.6861316303446209,Iowa,highway,normal,day,Fine,77,5.167,1080,1920,test,test
videos/fNoqwaXAqeA_00.mp4,t-bone,0,8.708,130,0.14393186179105583,0.46097959814020395,0.06997554748730864,0.4052073647735445,0.21788817609480304,0.5167518315068634,Iowa,highway,normal,day,Fine,449,29.958,720,1280,test,test
videos/AGn3mKAiKQY_00.mp4,single,1,11.567,245,0.9361966530071117,0.270587238426406,0.9193032901484306,0.23456287212653074,0.9530900158657928,0.3066116047262812,Iowa,highway,normal,day,Excellent,797,29.967,1080,1920,test,test
videos/O1AHOHWpTv8_00.mp4,sideswipe,1,6.48,96,0.4094268775557497,0.5667696636963571,0.2162674952871833,0.4048637705397888,0.602586259824316,0.7286755568529253,Iowa,highway,normal,night,Fine,202,11.44,1080,1920,train,test
videos/swAfXA86Sk8_00.mp4,sideswipe,0,13.583,181,0.4152184279584361,0.36515976140221984,0.3858651209286753,0.3395289717547215,0.44457173498819696,0.3907905510497181,Iowa,highway,rain,night,Very_Poor,243,18.208,720,1280,test,test
videos/qx2zGl2mYt0_00.mp4,sideswipe,0,4.875,70,0.43941121282230944,0.5178070136456755,0.4233519019094662,0.4997930564263125,0.45547052373515273,0.5358209708650385,Kansas,highway,normal,day,Fine,109,7.667,720,1280,test,test
videos/BBFzGfSLEZE_00.mp4,single,1,3.267,49,0.5633126790830665,0.47781164622381367,0.5340311272159657,0.4592039285989409,0.5925942309501674,0.4964193638486865,Kansas,grade_separated_intersection,normal,day,Fine,450,30.0,1080,1920,test,test
videos/lqkfsE2tmbo_00.mp4,single,0,6.667,75,0.09996404361290274,0.2797922724077062,0.08422666124792563,0.2577651607355586,0.11570142597787986,0.3018193840798538,Louisiana,highway,normal,day,Poor,335,29.958,720,960,test,test
videos/pUUmNU7jrXI_00.mp4,sideswipe,1,1.375,21,0.3022131465272521,0.3364214197741835,0.28905952481366926,0.32577838926654124,0.315366768240835,0.3470644502818257,Louisiana,highway,normal,day,Fine,404,26.958333,720,1080,test,test
videos/gDCiYQjLeEE_00.mp4,single,1,4.208333,63,0.590595791092414,0.26169732597303896,0.5837647044480747,0.2528416909985817,0.5974268777367533,0.2705529609474962,Louisiana,grade_separated_intersection,normal,day,Poor,449,29.916666,720,1056,test,test
videos/JC52fZUaMio_00.mp4,rear-end,0,3.5,52,0.557602532595999,0.476884468566499,0.5291047774013353,0.4589792833223968,0.5861002877906628,0.4947896538106012,Louisiana,highway,normal,night,Poor,447,29.916666,720,1056,test,test
videos/NQXpqL8dL8s_00.mp4,rear-end,1,3.083333,45,0.3588750423032365,0.36066445982924766,0.33673786710804543,0.3479330314617738,0.3810122174984277,0.37339588819672154,Maryland,highway,normal,day,Poor,286,18.791666,720,960,test,test
videos/4XE22RAmqnM_00.mp4,head-on,0,2.6,68,0.5064439607576956,0.35819645489583535,0.3634392717542613,0.3010608211300122,0.6494486497611298,0.4153320886616585,Minnesota,signalized_intersection,normal,day,Fine,857,29.967,720,1080,test,test
videos/Mzuyrdg3hxY_00.mp4,rear-end,0,19.467,582,0.48153667184673854,0.5425917108081025,0.4190689467795117,0.4866219307261502,0.5440043969139654,0.598561490890055,Minnesota,highway,normal,night,Very_Poor,897,29.967,720,1080,test,test
videos/hN69Cb16naw_00.mp4,rear-end,0,1.5670000000000002,47,0.3271618188788872,0.4793555060912088,0.2476605284876303,0.4195781146100301,0.40666310927014404,0.5391328975723876,Minnesota,grade_separated_intersection,normal,day,Fine,571,19.033,720,1080,test,test
videos/Sp7P1vH_ThU_00.mp4,rear-end,1,13.466666,380,0.5247018491998152,0.13776370034306215,0.508606503171669,0.12026639497697757,0.5407971952279614,0.15526100570914675,Minnesota,grade_separated_intersection,normal,day,Fine,875,29.966666,720,1280,test,test
videos/7O6n0GkXt_g_00.mp4,rear-end,0,9.9,297,0.4335625660864775,0.3480697524774443,0.4129997679092462,0.324313944975109,0.4541253642637088,0.3718255599797797,Minnesota,grade_separated_intersection,normal,day,Poor,590,20.5,384,854,test,test
videos/6Oro7le8ZLQ_00.mp4,t-bone,0,4.533,136,0.8776776090406586,0.4153931863188445,0.7553552180813173,0.3336358993350553,1.0,0.4971504733026337,Minnesota,signalized_intersection,normal,day,Fine,900,30.033,1080,1620,test,test
videos/S_HTEVMQK5g_00.mp4,single,1,5.433,161,0.4331668887302714,0.4667524033313497,0.4199389304079643,0.45609713100172966,0.4463948470525785,0.4774076756609697,Minnesota,highway,normal,day,Poor,334,11.2,1080,1620,test,test
videos/1_iNUkyy46E_00.mp4,single,0,5.266666000000001,157,0.8484526101065641,0.15220885871172085,0.8394326008479328,0.14068233952469672,0.8574726193651955,0.16373537789874498,Minnesota,highway,normal,night,Poor,843,29.866666000000002,720,1080,test,test
videos/Kw_Xo2iUEZQ_00.mp4,sideswipe,0,2.233333,67,0.36398063659690216,0.46144951948634716,0.3477743539221946,0.44060986943901737,0.3801869192716098,0.4822891695336769,Minnesota,highway,normal,night,Poor,132,4.3999999999999995,720,1080,test,test
videos/Kw_Xo2iUEZQ_01.mp4,single,0,1.1999999999999993,36,0.525488067604142,0.6861815561464549,0.5068900710381113,0.6516083574019107,0.5440860641701728,0.7207547548909992,Minnesota,highway,normal,night,Poor,620,20.9,720,1080,test,test
videos/V3oNEkBwP7M_00.mp4,single,0,7.033,211,0.36162666272269484,0.20924605582715405,0.35496484098589554,0.2031231405427111,0.3682884844594941,0.21536897111159697,Minnesota,highway,normal,day,Fine,747,25.1,1080,1620,train,test
videos/6Ac5Ad5jcJ0_00.mp4,single,1,11.666,297,0.418570002077295,0.4021938254508955,0.4087595134032888,0.3856757924565039,0.42838049075130125,0.4187118584452871,Minnesota,grade_separated_intersection,normal,night,Poor,590,29.166,384,854,test,test
videos/Z3VF85Ibvc8_00.mp4,t-bone,0,4.733,124,0.8304589111163798,0.29718501428315375,0.7221356585072364,0.24767544391665644,0.9387821637255231,0.346694584649651,Minnesota,signalized_intersection,normal,day,Fine,684,29.833,720,1080,test,test
videos/miJaH5hcX5U_00.mp4,t-bone,0,2.9,86,0.8038288206256095,0.304235951115662,0.6990814911058457,0.2367564795723419,0.9085761501453733,0.3717154226589821,Minnesota,signalized_intersection,snow,day,Good,874,29.967,720,1080,test,test
videos/DQ0vvyzJd3A_00.mp4,rear-end,0,4.208,62,0.19854257697025338,0.5196766976058885,0.03870861571209099,0.4540152173153078,0.35837653822841575,0.5853381778964692,New_York,highway,rain,night,Poor,430,29.958,720,1056,test,test
videos/Tb4q9PqHXRc_00.mp4,rear-end,1,12.333,184,0.6716458033857271,0.4667165993132918,0.6436720048058331,0.43571529872830006,0.699619601965621,0.49771789989828347,New_York,grade_separated_intersection,normal,day,Poor,448,29.917,720,1056,test,test
videos/cZqLDOqM9TM_00.mp4,head-on,0,2.958,44,0.6037757929833196,0.4242909109444044,0.5090241407832139,0.3685980366027698,0.6985274451834254,0.4799837852860391,New_York,grade_separated_intersection,normal,day,Fine,421,29.958,720,1280,test,test
videos/IjrWDrC23GY_00.mp4,rear-end,0,14.310345,353,0.44912005461673987,0.44600748541027113,0.4002116853416865,0.37492168306765444,0.4980284238917932,0.5170932877528879,World,highway,normal,day,Good,644,26.482759,720,1280,test,train
videos/KZ8uvPQdYdk_00.mp4,head-on,0,22.433,672,0.4741022954102339,0.3040859676483765,0.4473281595691797,0.2706106592945482,0.5008764312512881,0.33756127600220476,World,highway,normal,night,Good,896,29.967,720,1280,test,train
videos/OrX9GrUmLy0_00.mp4,t-bone,0,6.875,102,0.36414192088776137,0.7286111455824644,0.3005311921238899,0.6527830388148627,0.42775264965163284,0.8044392523500662,Virginia,highway,normal,day,Very_Poor,448,29.917,720,960,test,test
videos/FIBPRI-_xPo_00.mp4,t-bone,0,7.25,108,0.0769708670247692,0.7323608102722039,0.05102930700048773,0.7073949211510235,0.10291242704905067,0.7573266993933843,Virginia,highway,rain,day,Very_Poor,438,29.958,720,960,test,test
videos/8a1onzDf0Eg_00.mp4,t-bone,0,3.958,59,0.4697090784574417,0.8317443587060818,0.3147734649349609,0.6641898527487397,0.6246446919799225,0.9992988646634238,Virginia,signalized_intersection,normal,day,Fine,111,7.417,720,960,test,test
videos/LxNrteV6pVs_00.mp4,single,1,3.3739999999999997,51,0.266899822391199,0.41799474037936113,0.25531270196677974,0.4022355888461003,0.27848694281561825,0.43375389191262204,Virginia,highway,rain,day,Poor,159,10.705,1080,2400,test,test
videos/LxNrteV6pVs_01.mp4,single,0,5.190999999999999,78,0.25947029557720674,0.3996793067680654,0.2526283136099164,0.3879417091902398,0.2663122775444971,0.41141690434589107,Virginia,highway,rain,day,Poor,212,14.207999999999998,1080,2400,test,test
videos/ju6wnVi72qI_00.mp4,single,0,7.767,205,0.8142809799199698,0.31507730573518705,0.7909959504382471,0.28580110883924564,0.8375660094016926,0.34435350263112846,Seattle,simple_intersection,normal,night,Fine,695,24.167,1080,1920,test,test
videos/WDKy_7gwkwI_00.mp4,single,0,2.8,84,0.8441241407350153,0.9456593300365743,0.7941554319991477,0.8921402912566683,0.8940928494708829,0.9991783688164805,Seattle,city_street,normal,day,Good,899,29.967,720,1280,test,test
videos/ZvegJ-6a3ow_00.mp4,t-bone,0,8.964,250,0.25023878049490994,0.1269937913570878,0.20017853332235233,0.08267304731345103,0.3002990276674675,0.17131453540072455,Seattle,signalized_intersection,normal,day,Good,338,12.75,720,1280,test,test
videos/iXbPXFRanm4_00.mp4,t-bone,0,4.25,59,0.6854787471633905,0.4824628684387272,0.6446621116180519,0.4426531310224736,0.7262953827087292,0.5222726058549808,Seattle,signalized_intersection,normal,day,Poor,413,29.917,720,1280,test,test
videos/lKAtoCazPaE_00.mp4,rear-end,0,3.138,85,0.07193895219051996,0.2102317084881346,0.042719162946270116,0.17117610018475615,0.1011587414347698,0.24928731679151309,Seattle,signalized_intersection,normal,night,Good,779,29.931,720,1280,train,test
videos/mr_it2B6muI_00.mp4,single,1,6.617,99,0.841405145827385,0.45850770521742057,0.8162812433636029,0.42985143902060485,0.8665290482911672,0.48716397141423623,Virginia,highway,normal,day,Fine,361,24.375,1080,2400,train,test
videos/JKYjZ-tLgrw_00.mp4,rear-end,0,5.833,87,0.5277614247280887,0.2502926816095702,0.46574848742292424,0.18454418965061337,0.5897743620332533,0.31604117356852707,Tennessee,highway,normal,day,Poor,449,29.967,1080,1440,test,test
videos/VObOhcls5kI_00.mp4,t-bone,1,2.375,35,0.1522791604317686,0.23597477820664264,0.12622700111671367,0.21959874077416838,0.1783313197468235,0.2523508156391169,Tennessee,highway,normal,day,Poor,448,29.917,720,960,test,test
videos/4GW-rpR12Rs_00.mp4,single,1,6.167,92,0.16162776672564616,0.375908500366615,0.14006973095124947,0.3581848984377201,0.18318580250004288,0.3936321022955099,Tennessee,highway,rain,day,Poor,300,20.042,720,1280,test,test
videos/OJvzrl3xheI_00.mp4,rear-end,1,4.708,70,0.4756892029963118,0.3013523257737596,0.4417552975653046,0.2797632276228148,0.509623108427319,0.3229414239247043,Tennessee,grade_separated_intersection,normal,day,Poor,449,29.958,720,1080,test,test
videos/ahyVT91vv8c_00.mp4,single,0,2.25,33,0.5127129180616676,0.7091097781909652,0.4714317396186699,0.6765423193229354,0.5539940965046652,0.7416772370589949,Tennessee,grade_separated_intersection,normal,day,Poor,449,29.958,720,960,test,test
videos/8G_gWFWoV3U_00.mp4,t-bone,0,9.1,136,0.49641940512823707,0.5226893439941348,0.35721046656550026,0.37000006527956586,0.6356283436909739,0.6753786227087037,Tennessee,grade_separated_intersection,normal,day,Poor,449,29.967,1080,1620,test,test
videos/4Q4q7Y1GGHk_00.mp4,single,0,4.042,59,0.7264435347596576,0.1804620233437702,0.7174465746723185,0.1709537514675099,0.7354404948469967,0.18997029522003048,Tennessee,highway,normal,day,Poor,322,29.958,720,960,test,test
videos/fvnovsPGazc_00.mp4,sideswipe,0,4.3,64,0.4844412183994997,0.3615950652646377,0.4513859798781383,0.3339534909755918,0.5174964569208611,0.3892366395536836,Tennessee,grade_separated_intersection,normal,day,Poor,447,29.967,1080,1584,test,test
videos/fy1ZkNZQhWA_00.mp4,single,0,2.292,34,0.16795167933295724,0.23480774225632028,0.15487333782163412,0.22225254739738728,0.18103002084428035,0.24736293711525326,Tennessee,highway,rain,day,Poor,85,5.667,720,1080,test,test
videos/fy1ZkNZQhWA_01.mp4,single,0,2.4579999999999984,37,0.1831663569991976,0.2491217884973257,0.17113455089522042,0.23564093444082643,0.19519816310317473,0.262602642553825,Tennessee,highway,rain,day,Poor,78,5.207999999999998,720,1080,test,test
videos/fy1ZkNZQhWA_02.mp4,single,0,2.0839999999999996,31,0.07694120276121535,0.3627281942190974,0.05851684576199446,0.34107094323193854,0.09536555976043624,0.38438544520625634,Tennessee,highway,rain,day,Poor,168,11.209,720,1080,test,test
videos/fy1ZkNZQhWA_03.mp4,rear-end,0,1.6670000000000016,24,0.12167550238562365,0.3543480123855463,0.09823197488431668,0.32845347316176937,0.14511902988693062,0.38024255160932324,Tennessee,highway,rain,day,Poor,64,4.332999999999998,720,1080,test,test
videos/Ib9wzyr5GqE_00.mp4,single,1,7.125,106,0.7836424655028985,0.6740422740020298,0.7460830308471031,0.6061381301189958,0.8212019001586939,0.7419464178850637,Tennessee,highway,normal,night,Very_Poor,440,29.917,720,1280,test,test
videos/zOgTWOFJpKg_00.mp4,single,0,10.875,163,0.24311415751775137,0.3978695428812953,0.22919853720400168,0.38312629885143806,0.25702977783150105,0.41261278691115255,Virginia,highway,normal,night,Very_Poor,208,13.875,720,960,test,test
videos/zOgTWOFJpKg_01.mp4,t-bone,0,10.709000000000001,161,0.33184725655449876,0.6240263538890429,0.2752182537648423,0.4523566162144713,0.3884762593441552,0.7956960915636146,Virginia,highway,normal,night,Very_Poor,240,15.999999999999998,720,960,test,test
videos/K0RZlWi2qhA_00.mp4,rear-end,1,1.708,25,0.6273838060570669,0.328119849811016,0.59872614071673,0.3051403521074538,0.6560414713974037,0.35109934751457816,Tennessee,highway,normal,day,Poor,449,29.958,720,1280,test,test
videos/Y4QHUzvOwwQ_00.mp4,rear-end,1,11.917,178,0.09375212741176932,0.40228608609833816,0.001222943698156895,0.32096741173695675,0.18628131112538174,0.4836047604597196,Tennessee,highway,normal,day,Fine,449,29.958,720,960,test,test
videos/CU0w8gexxew_00.mp4,sideswipe,1,5.167,77,0.15564128620340037,0.3801551732019476,0.11701734061585019,0.3338725873425233,0.19426523179095057,0.42643775906137193,Tennessee,highway,rain,day,Poor,449,29.958,720,960,test,test
videos/nbhL6NycXqc_00.mp4,single,1,8.333,125,0.20655031579546768,0.37873710622114365,0.1667792852999039,0.329853897096109,0.24632134629103145,0.4276203153461783,Tennessee,highway,normal,day,Fine,449,29.958,720,960,train,test
videos/pK1JUx-kk5U_00.mp4,single,0,6.667,99,0.8437258857421903,0.4762314693464187,0.8132087934720857,0.41860832814265314,0.8742429780122948,0.5338546105501842,Virginia,highway,normal,night,Very_Poor,442,29.917,720,960,test,test
videos/ZFYfE3_Nz5o_00.mp4,single,0,4.792,71,0.4723028622111343,0.2673920258682827,0.4484553801254101,0.2286750962357052,0.49615034429685856,0.30610895550086026,Virginia,highway,normal,day,Very_Poor,448,29.917,720,960,test,test
videos/XPqOWbSVgbk_00.mp4,single,1,4.417,77,0.7328483173599312,0.37599392901492756,0.6856513824509042,0.3430785085489788,0.7800452522689582,0.40890934948087626,Virginia,highway,normal,night,Very_Poor,460,29.958,720,960,test,test
videos/3rBm5RyfhOw_00.mp4,t-bone,1,3.916666,58,0.20355667361727492,0.7519084054578464,0.0006369316994481424,0.5321744541493815,0.4064764155351017,0.9716423567663115,Virginia,signalized_intersection,normal,night,Good,212,14.166666,720,960,test,test
videos/8eSV1Aza1uE_00.mp4,rear-end,0,4.733,70,0.16144420420331534,0.31988301066714014,0.13590733288488763,0.2741938744105786,0.18698107552174303,0.3655721469237017,Wisconsin,highway,normal,day,Fine,448,29.967,1080,1584,test,test
videos/vfx-a0mKrFo_00.mp4,single,1,3.458,51,0.6871616748741841,0.15703098781174277,0.6696013613431948,0.14415342455568372,0.7047219884051734,0.1699085510678018,Wisconsin,highway,rain,day,Poor,448,29.958,720,1056,test,test
videos/niL3O_tNdFY_00.mp4,rear-end,0,3.6,54,0.6690381276654223,0.421491887319014,0.6550314683938325,0.39497858934778124,0.6830447869370119,0.4480051852902467,Wisconsin,highway,normal,day,Very_Poor,344,22.933,720,1280,test,test
videos/OlyJb8yf1dI_00.mp4,sideswipe,0,8.4,125,0.3879204969339465,0.5464173946501453,0.3425905246306136,0.49339038201463237,0.43325046923727933,0.5994444072856582,Tennessee,highway,normal,day,Fine,449,30.0,1080,1440,train,test
videos/pb5K0aVve9o_00.mp4,sideswipe,0,3.533,105,0.3123510152977865,0.43888559979098285,0.15965425789882667,0.31181556438335595,0.46504777269674635,0.5659556351986098,Minnesota,highway,normal,day,Good,391,13.067,1080,1620,train,test
videos/r_s-IxnbXkw_00.mp4,head-on,0,4.582999999999998,69,0.15943914241455714,0.4059853771083862,0.1338027667770168,0.3859074398179962,0.18507551805209746,0.4260633143987762,Alabama,signalized_intersection,normal,night,Fine,149,10.375,720,1080,test,test
videos/HSDqCUHuz8Q_0_00.mp4,rear-end,0,2.666667,67,0.3076652974502885,0.6516218318852297,0.1343989872720248,0.46119596619219766,0.4809316076285522,0.8420476975782617,World,city_street,normal,day,Fine,138,5.5,720,1280,train,train
videos/HSDqCUHuz8Q_3_00.mp4,rear-end,0,3.833333,39,0.642330036488949,0.5986963834717085,0.47870307236774934,0.4641674175211704,0.8059570006101486,0.7332253494222465,World,parking_lot,normal,day,Good,286,19.933333,720,1280,train,train
videos/HSDqCUHuz8Q_5_00.mp4,single,0,5.333333,109,0.33522402916429334,0.37956304025378396,0.2528864473030344,0.3059123670789194,0.4175616110255523,0.45321371342864847,World,signalized_intersection,normal,day,Fine,209,10.266667,720,1280,train,train
videos/IAhGJNVqs1M_10_00.mp4,t-bone,0,0.8399999999999999,21,0.7123318730050632,0.8352757517175202,0.6009326533689091,0.7293907658998301,0.8237310926412172,0.9411607375352105,World,simple_intersection,normal,day,Poor,141,7.4399999999999995,240,320,train,train
videos/IAhGJNVqs1M_14_00.mp4,t-bone,0,9.36,230,0.6512753772846054,0.8565817687982821,0.5050836758121572,0.7487180699037658,0.7974670787570536,0.9644454676927984,World,signalized_intersection,normal,day,Poor,975,42.56,240,320,train,train
videos/IAhGJNVqs1M_9_00.mp4,t-bone,0,3.44,85,0.35735300200279596,0.5684231981968512,0.26386227584639904,0.49907238984773256,0.4508437281591928,0.6377740065459698,World,signalized_intersection,normal,day,Very_Poor,395,16.04,240,320,train,train
videos/L334aqEJxys_0_00.mp4,t-bone,0,4.771433,120,0.5784207818056537,0.4565848384082237,0.4962606920948896,0.3496957811748071,0.6605808715164178,0.5634738956416404,World,simple_intersection,normal,day,Excellent,347,13.880533,720,1280,train,train
videos/L334aqEJxys_1_00.mp4,single,0,5.572233,139,0.20403290357775983,0.5336369948026842,0.10400937759484966,0.33640341016529235,0.30405642956066997,0.730870579440076,World,city_street,normal,day,Good,256,10.243567,720,1280,train,train
videos/ML52jXyFltw_0_00.mp4,t-bone,0,0.866667,11,0.4253653794939216,0.4155697364881689,0.36060936877544997,0.37105891431757904,0.4901213902123932,0.4600805586587588,World,city_street,normal,night,Poor,20,2.266667,240,320,train,train
videos/MxiC2UdOzE8_0_00.mp4,t-bone,0,24.791433,634,0.40165164131991515,0.37469238554681694,0.2614395843068768,0.3072763754161803,0.5418636983329534,0.4421083956774535,World,signalized_intersection,normal,day,Poor,1064,39.1391,720,1280,train,train
videos/N6zJ2inqJn0_0_00.mp4,t-bone,0,6.740067,168,0.5402427191157836,0.5021142526954127,0.45688715274630026,0.42937531411305285,0.623598285485267,0.5748531912777725,World,simple_intersection,normal,day,Excellent,299,11.978633,720,1280,train,train
videos/N6zJ2inqJn0_1_00.mp4,head-on,0,1.9019,46,0.3567178815579344,0.6621437547216004,0.122290974407566,0.325564525349012,0.5911447887083028,0.9987229840941887,World,signalized_intersection,rain,night,Good,239,9.943267,720,1280,train,train
videos/N6zJ2inqJn0_2_00.mp4,t-bone,0,2.669333,52,0.1184976927150082,0.4492283434947585,0.00874351152687988,0.2717347400453373,0.2282518739031365,0.6267219469441797,World,signalized_intersection,normal,night,Good,136,6.9069,720,1280,train,train
videos/N6zJ2inqJn0_3_00.mp4,t-bone,0,2.969633,75,0.6001734240455141,0.283875142533992,0.5223992634099275,0.2199222515698163,0.6779475846811006,0.34782803349816765,World,simple_intersection,normal,day,Excellent,183,7.3073,720,1280,train,train
videos/PF5pVn8N9wA_11_00.mp4,head-on,0,2.408027,59,0.3600191894500727,0.3257043500482483,0.2711954573846924,0.28085554934260826,0.44884292151545296,0.3705531507538884,World,city_street,normal,day,Very_Poor,190,7.705686,720,1280,train,train
videos/eqwBLPxQ0z0_00.mp4,rear-end,0,5.333,79,0.7373166478402016,0.711149854214959,0.6854151234963578,0.6798113652288117,0.7892181721840453,0.7424883432011062,Tennessee,highway,normal,night,Poor,310,20.733,2160,2880,test,test
videos/acmBtouCwIU_00.mp4,rear-end,1,6.625,99,0.709336974551017,0.5739405079655175,0.6848846571501478,0.552630794436784,0.733789291951886,0.595250221494251,Alabama,highway,normal,day,Fine,445,29.958,720,1080,train,test
videos/xoq6jahieRg_00.mp4,rear-end,0,5.9,176,0.2842630951750773,0.39774001511807483,0.2699798602685288,0.3727659054625561,0.29854633008162573,0.42271412477359355,Alabama,highway,normal,day,Poor,608,20.3,1080,1920,train,test
videos/fhZ9Mb-Ps3M_00.mp4,rear-end,0,8.2,245,0.23403491146347066,0.39230049258324157,0.2000583906775625,0.3387932514930728,0.26801143224937884,0.4458077336734103,Alabama,signalized_intersection,normal,day,Poor,899,30.0,1080,1920,test,test
videos/kuwhQxdw6TU_00.mp4,t-bone,0,5.375,79,0.42708481037574253,0.8049973921896973,0.31453847050930456,0.6438389555796936,0.5396311502421806,0.9661558287997011,Alabama,signalized_intersection,normal,day,Fine,441,29.958,720,1280,test,test
videos/IKBt_1zB87o_00.mp4,t-bone,0,6.5,45,0.6562691090023867,0.2336420697392583,0.6339266436603342,0.20576715994286776,0.6786115743444391,0.26151697953564884,Arkansas,simple_intersection,rain,day,Good,209,29.958,720,1280,test,test
videos/fVIMQD0Bo2M_00.mp4,sideswipe,0,8.551,126,0.39550402249165395,0.5218096382975411,0.32390412286808684,0.44722710895722173,0.467103922115221,0.5963921676378605,Virginia,highway,normal,day,Poor,155,10.443999999999999,384,854,test,test
videos/YObeSti3p2M_00.mp4,single,0,7.066667,106,0.2322532518796616,0.4203114654612198,0.1502349597607286,0.3635721906844925,0.3142715439985946,0.4770507402379471,Virginia,highway,normal,day,Poor,450,30.033333,1080,1920,train,test
videos/KWBc4BKAUso_00.mp4,sideswipe,1,9.12,91,0.6070853330547328,0.2949041829217369,0.5826517241311345,0.25072879709831863,0.6315189419783311,0.33907956874515527,Virginia,highway,rain,day,Poor,262,26.179000000000002,1080,2400,test,test
videos/gwHMR2FEVKA_00.mp4,single,1,5.833,174,0.565675802236203,0.20338543124724656,0.5251242342830947,0.16580134222998805,0.6062273701893113,0.24096952026450505,Florida,highway,rain,night,Poor,898,29.967,720,1056,test,test
videos/Cu647jk6n_s_00.mp4,rear-end,0,2.8999999999999986,43,0.7028679015755248,0.5376000167877487,0.6580818078134282,0.4967503458604639,0.7476539953376213,0.5784496877150335,Georgia,highway,normal,night,Very_Poor,212,14.166,1080,1920,test,test
videos/Okrusfvcpt8_00.mp4,rear-end,0,4.875,70,0.7374368922766945,0.39335184418057073,0.7090187612265499,0.3680504853001076,0.765855023326839,0.4186532030610339,Iowa,highway,snow,day,Poor,298,20.25,720,1280,test,test
videos/dn0Au-EvKJI_00.mp4,t-bone,0,3.6,87,0.24452008601692254,0.2100802974036921,0.17003772602028866,0.14474084873452592,0.31900244601355643,0.2754197460728583,Minnesota,signalized_intersection,normal,day,Fine,275,9.867,1080,1620,test,test
videos/IhxIuzCn1dM_00.mp4,t-bone,0,3.2,95,0.16912384464082666,0.6480875227346784,0.07838904869086226,0.5197833271180582,0.25985864059079106,0.7763917183512986,Minnesota,signalized_intersection,normal,night,Poor,166,5.567,1080,1920,test,test
videos/95Tx-2p0O_E_00.mp4,rear-end,0,13.292,194,0.6402438618558757,0.5603721166604798,0.5448904582911416,0.4184280765964398,0.7355972654206097,0.7023161567245199,Seattle,signalized_intersection,normal,day,Good,441,29.958,720,1080,test,test
videos/SVcqRcsvGak_00.mp4,sideswipe,0,6.042,90,0.4600248708794539,0.5322061771337409,0.4119502216883221,0.47887645000189255,0.5080995200705856,0.5855359042655891,Virginia,highway,rain,day,Fine,449,29.958,720,960,train,test
videos/1TfCsqNoWQw_00.mp4,single,0,4.504,68,0.4901927784551776,0.47346383826502436,0.4661525573339565,0.4317003756754831,0.5142329995763988,0.5152273008545656,Tennessee,highway,normal,day,Poor,374,24.991,1080,2400,test,test
videos/vUnflRkNPsI_00.mp4,sideswipe,0,3.75,56,0.49613158636570254,0.8328895173754438,0.43353468934323774,0.7864123597418653,0.5587284833881673,0.8793666750090223,Tennessee,highway,normal,day,Fine,449,29.958,720,960,train,test
videos/EV73dR7U00I_00.mp4,single,0,3.567,53,0.22944871856764315,0.22828536028258262,0.208725992049315,0.2117156331968309,0.2501714450859713,0.2448550873683343,Tennessee,highway,rain,day,Poor,221,14.767,1080,1440,test,test
videos/QGey_zj5Cms_00.mp4,single,1,2.5,19,0.9384089760126773,0.4680546758167703,0.8772612837658926,0.42454587260869553,0.9995566682594618,0.5115634790248451,Arkansas,grade_separated_intersection,normal,day,Fine,239,30.067,1080,1920,test,test
videos/VxcFvNWTn6M_00.mp4,single,0,7.792,116,0.5235363983075048,0.3295974261435411,0.5034544882721663,0.30925691774134184,0.5436183083428432,0.34993793454574035,Wisconsin,highway,normal,night,Very_Poor,448,29.917,720,1056,test,test
videos/SrbylylFcsg_2_00.mp4,t-bone,0,0.68,16,0.7176767534606807,0.6148993262140594,0.5988762812459931,0.533914299824506,0.8364772256753683,0.6958843526036128,World,signalized_intersection,normal,night,Poor,60,2.44,360,492,train,train
videos/T1WbCBVGCHg_0_00.mp4,t-bone,0,6.44,160,0.21789195013309806,0.5206674196269715,0.0007647877988328371,0.335113310234421,0.4350191124673633,0.706221529019522,World,highway,normal,day,Poor,285,12.16,720,1280,train,train
videos/T1WbCBVGCHg_12_00.mp4,single,0,7.16,159,0.7554837881258474,0.4053711363342826,0.7314867890161807,0.3713395547664311,0.7794807872355141,0.43940271790213414,World,highway,normal,day,Very_Poor,366,15.88,720,1280,train,train
videos/T1WbCBVGCHg_4_00.mp4,t-bone,0,7.56,177,0.6177303125800959,0.38833169374122123,0.5186403109127956,0.322288209001777,0.7168203142473961,0.4543751784806655,World,highway,normal,day,Very_Poor,259,11.96,720,1280,train,train
videos/T1WbCBVGCHg_8_00.mp4,t-bone,0,7.36,157,0.3866610691025403,0.5787799310245747,0.26505955381996765,0.5033894306938094,0.5082625843851128,0.65417043135534,World,highway,normal,day,Very_Poor,391,21.84,720,1280,train,train
videos/T_MwU0oQIBs_0_00.mp4,t-bone,0,1.6016,24,0.10728952551226474,0.308976377958188,0.015965189101407873,0.21099483483975645,0.1986138619231216,0.4069579210766196,World,simple_intersection,normal,day,Good,70,4.6379660000000005,720,1280,train,train
videos/TqwcLiIQq3A_3_00.mp4,t-bone,1,91.024267,895,0.45886145421835256,0.24388190993217734,0.33018090689672464,0.14915721370369925,0.5875420015399805,0.33860660616065547,World,signalized_intersection,normal,day,Poor,950,98.6986,360,480,train,train
videos/TvPX5q1VvE0_0_00.mp4,rear-end,0,6.172833,140,0.8172529827428932,0.5393068131546932,0.6715233344281164,0.3998887874462004,0.9629826310576698,0.6787248388631859,World,simple_intersection,normal,day,Good,240,10.877533,720,1280,train,train
videos/UEXRGvWNta8_0_00.mp4,t-bone,0,4.933333,59,0.6663375677959901,0.7349705957536263,0.535032382486683,0.6596876832242102,0.7976427531052972,0.8102535082830425,World,signalized_intersection,snow,day,Fine,69,5.766667,720,1280,train,train
videos/UcJKeuDYOzc_12_00.mp4,single,0,1.52,38,0.6322175635151803,0.29306093871511407,0.5927372656205342,0.2535292883426253,0.6716978614098263,0.3325925890876028,World,signalized_intersection,normal,night,Very_Poor,162,7.16,360,450,train,train
videos/UcJKeuDYOzc_15_00.mp4,t-bone,0,5.48,137,0.7315321159238855,0.31121014462941426,0.6834041103709619,0.27257829284381185,0.7796601214768089,0.3498419964150167,World,roundabout,normal,day,Poor,203,9.72,360,450,train,train
videos/UcJKeuDYOzc_16_00.mp4,t-bone,0,6.04,151,0.4026977896940264,0.16790912489432147,0.34350441101077767,0.13916543139313808,0.4618911683772752,0.19665281839550483,World,signalized_intersection,normal,day,Fine,246,9.84,360,450,train,train
videos/UcJKeuDYOzc_19_00.mp4,sideswipe,0,3.84,96,0.2697779197522922,0.5586664754738286,0.1609984688340814,0.5036560177052353,0.37855737067050305,0.6136769332424221,World,city_street,normal,day,Fine,244,9.92,360,450,train,train
videos/UcJKeuDYOzc_3_00.mp4,t-bone,0,7.84,196,0.2251195832700823,0.3596716716345504,0.15001309083270892,0.3075916904238781,0.3002260757074557,0.4117516528452227,World,simple_intersection,normal,night,Poor,351,14.04,360,450,train,train
videos/UcJKeuDYOzc_4_00.mp4,t-bone,0,3.08,77,0.10314127512898537,0.45599565428178973,0.008302243901234761,0.3509315246709219,0.19798030635673597,0.5610597838926575,World,signalized_intersection,normal,day,Poor,183,7.32,360,450,train,train
videos/UcJKeuDYOzc_6_00.mp4,t-bone,0,9.0,161,0.6845223943910403,0.36596881753334604,0.6079239470777476,0.32403099188464457,0.761120841704333,0.4079066431820475,World,signalized_intersection,normal,day,Poor,220,14.64,360,450,train,train
videos/UcJKeuDYOzc_8_00.mp4,t-bone,0,3.68,92,0.6964661524376519,0.722201308314071,0.5275210263394641,0.5598216551044886,0.8654112785358397,0.8845809615236534,World,signalized_intersection,normal,night,Very_Poor,170,7.16,360,450,train,train
videos/UcJKeuDYOzc_9_00.mp4,single,1,5.88,127,0.6360039118540133,0.48565715232691925,0.5840043269085639,0.4204765568026384,0.6880034967994626,0.5508377478512001,World,signalized_intersection,normal,night,Poor,225,9.8,360,450,train,train
videos/V0iWmOFca7w_4_00.mp4,t-bone,1,18.601917,348,0.25986962465339475,0.47960613226732507,0.17240267931014966,0.4011730432344157,0.34733656999663987,0.5580392213002344,World,signalized_intersection,normal,day,Good,423,22.564208,720,1280,train,train
videos/zs895pofwv4_00.mp4,single,0,6.583,98,0.17311618077390942,0.7521005018886819,0.11347245657966722,0.67001148418972,0.2327599049681516,0.8341895195876439,Arkansas,highway,normal,day,Fine,296,19.792,720,960,test,test
videos/DEmCJ-_E3tY_00.mp4,single,0,3.7,56,0.5801741335747492,0.6674589369032131,0.5695939909006635,0.6468082004123265,0.5907542762488348,0.6881096733940998,Virginia,highway,normal,day,Poor,297,19.767,384,854,train,test
videos/zefBTt5RXko_00.mp4,single,0,5.833333,87,0.43339193403056,0.33686019358780395,0.40284846581916944,0.3014489782645956,0.46393540224195057,0.3722714089110123,Virginia,tunnel,normal,day,Fine,447,29.958333,720,960,test,test
videos/K0YHy4UKGE4_00.mp4,rear-end,0,3.625,54,0.8959277310191098,0.9074941216926963,0.7918554620382198,0.815554507637437,1.0,0.9994337357479556,Louisiana,highway,normal,day,Fine,111,7.416666,720,1056,test,test
videos/SMqZ9jI9TOE_00.mp4,t-bone,0,5.2,156,0.2652444104986803,0.3617557568280164,0.16926075229260298,0.29334898678163496,0.3612280687047576,0.4301625268743978,Minnesota,signalized_intersection,normal,night,Poor,889,29.967,720,1080,test,test
videos/-yuVlpyayOI_00.mp4,single,0,10.333,219,0.662707881392737,0.31511208172972405,0.6415896740346941,0.28991661980362465,0.6838260887507797,0.3403075436558235,Virginia,highway,normal,day,Poor,510,27.083,720,960,train,test
videos/JEv4-TJDQlQ_00.mp4,rear-end,0,9.65,144,0.552774016199862,0.4313460153182206,0.40606209051161385,0.2585228806995746,0.6994859418881102,0.6041691499368667,Seattle,signalized_intersection,normal,day,Excellent,383,25.517,2160,3840,test,test
videos/SZA0u7rLVL4_00.mp4,sideswipe,0,9.799999999999999,294,0.35010583024786585,0.376793980593443,0.28071124425221167,0.28006951498700744,0.41950041624352,0.47351844619987854,Seattle,city_street,normal,day,Good,723,24.166999999999998,1080,2400,test,test
videos/i62_ZJJeR-Y_00.mp4,single,0,2.633,77,0.32731725202032724,0.3826093961474646,0.30677876225136536,0.3581370578123108,0.3478557417892892,0.4070817344826183,Seattle,signalized_intersection,normal,night,Fine,753,29.967,720,1280,test,test
videos/efXT6-Z1BGg_00.mp4,t-bone,0,1.4000000000000004,35,0.5339174648379792,0.2256235313369121,0.5001201175604858,0.198964532545206,0.5677148121154725,0.25228253012861823,Seattle,signalized_intersection,rain,day,Poor,497,24.834,720,1280,test,test
videos/jndtah0zyZ4_00.mp4,sideswipe,0,24.333333,612,0.4791619307300346,0.15835377510794488,0.43529042100265414,0.09465914260913871,0.5230334404574151,0.22204840760675104,Seattle,signalized_intersection,normal,day,Excellent,763,29.962963000000002,720,1280,test,test
videos/z6AXuWSU63M_00.mp4,sideswipe,0,13.533,202,0.1885255295607765,0.23314630361997973,0.17282502315935855,0.21216867472717071,0.2042260359621945,0.25412393251278875,Wisconsin,highway,normal,day,Very_Poor,373,24.95,1080,1584,test,test
videos/Xe9CoVqpv9c_2_00.mp4,rear-end,0,5.933333,149,0.6264845969107926,0.16393944879946082,0.41399060013384553,0.09701777837319948,0.8389785936877396,0.23086111922572217,World,simple_intersection,snow,night,Good,175,7.0,720,1280,train,train
videos/Xu1KsH1j2iQ_1_00.mp4,t-bone,0,4.9049,113,0.817432789694391,0.5537407304235924,0.635589414557531,0.3953104962528254,0.999276164831251,0.7121709645943594,World,signalized_intersection,normal,day,Fine,225,9.075733,720,960,train,train
videos/Xu1KsH1j2iQ_11_00.mp4,single,0,6.5065,130,0.38145626164762675,0.34836565638749933,0.26810321777190893,0.12465246153730682,0.49480930552334457,0.5720788512376919,World,city_street,normal,day,Excellent,354,17.650967,720,960,train,train
videos/YTOvt3Ac1z4_0_00.mp4,t-bone,0,24.8248,635,0.3980924872201207,0.3750933984356699,0.2525836401269937,0.3063127265333235,0.5436013343132478,0.4438740703380164,World,signalized_intersection,normal,day,Poor,1066,39.205833,720,1280,train,train
videos/YtKuNIcpvlY_0_00.mp4,t-bone,0,8.294118,125,0.403960094334731,0.7797950009210838,0.3093277996359632,0.6207962097988095,0.4985923890334988,0.9387937920433581,World,signalized_intersection,normal,day,Good,674,44.941176,720,1280,train,train
videos/Z52L6jGdSkY_0_00.mp4,t-bone,1,0.734067,22,0.7958421819215433,0.6502628939412776,0.6109039444097633,0.5607733380539222,0.9807804194333235,0.7397524498286329,World,signalized_intersection,normal,day,Poor,161,5.372033,720,1280,train,train
videos/Z52L6jGdSkY_10_00.mp4,t-bone,1,2.7027,81,0.8251498937205715,0.4575020143865707,0.6599639826159968,0.3677826176130052,0.9903358048251463,0.5472214111601362,World,signalized_intersection,normal,day,Poor,198,6.6066,720,1280,train,train
videos/Z52L6jGdSkY_11_00.mp4,t-bone,0,0.967633,29,0.8741258033470736,0.509940681117668,0.7486406068000118,0.43051059669360925,0.9996109998941355,0.5893707655417267,World,signalized_intersection,normal,day,Fine,65,2.168833,720,1280,train,train
videos/Z52L6jGdSkY_12_00.mp4,t-bone,0,2.168833,65,0.7626188025748835,0.4569801546247466,0.6645318367084234,0.3812042418439449,0.8607057684413434,0.5327560674055484,World,signalized_intersection,normal,day,Very_Poor,100,3.336667,720,1280,train,train
videos/Z52L6jGdSkY_14_00.mp4,sideswipe,0,1.468133,44,0.5541670702822721,0.6219252972241369,0.3245149508383013,0.4995871332391727,0.7838191897262429,0.7442634612091011,World,signalized_intersection,normal,day,Poor,110,3.670333,720,1280,train,train
videos/Z52L6jGdSkY_15_00.mp4,t-bone,0,1.868533,56,0.9453499494936314,0.4028186219370089,0.8906998989872628,0.3575700561679923,1.0,0.44806718770602555,World,signalized_intersection,normal,night,Poor,161,5.372033,720,1280,train,train
videos/Z52L6jGdSkY_3_00.mp4,t-bone,0,1.3013,38,0.5256672363444347,0.48955121801119217,0.4447104169125116,0.42087104768468014,0.6066240557763578,0.5582313883377041,World,signalized_intersection,normal,day,Poor,107,3.6036,720,1280,train,train
videos/Z52L6jGdSkY_6_00.mp4,t-bone,0,1.034367,26,0.661147983417104,0.5474183847622843,0.47284616572924465,0.4492378234416989,0.8494498011049634,0.6455989460828698,World,signalized_intersection,normal,day,Fine,96,3.837167,720,1280,train,train
videos/Z52L6jGdSkY_7_00.mp4,t-bone,0,1.868533,46,0.8391763935484953,0.408733462944298,0.7500657621024165,0.36046051630414105,0.9282870249945739,0.457006409584455,World,signalized_intersection,normal,day,Fine,104,4.170833,720,1280,train,train
videos/Z52L6jGdSkY_8_00.mp4,t-bone,0,1.534867,37,0.5914712600934742,0.5651156120474815,0.45759900069562365,0.45561077754027707,0.7253435194913247,0.674620446554686,World,signalized_intersection,rain,day,Fine,106,4.270933,720,1280,train,train
videos/Z52L6jGdSkY_9_00.mp4,t-bone,1,1.5015,45,0.3905671026754511,0.6347375050854891,0.25305461353506564,0.5158704481448189,0.5280795918158365,0.7536045620261592,World,signalized_intersection,normal,day,Poor,112,3.737067,720,1280,train,train
videos/_FjROQyb1C8_1_00.mp4,sideswipe,0,2.9029,72,0.5666540896892693,0.3439383732719147,0.5104137686811167,0.3066162263947785,0.6228944106974221,0.3812605201490509,World,city_street,normal,day,Poor,164,7.5075,360,640,train,train
videos/bSZkOI7eF8k_1_00.mp4,t-bone,0,3.433333,103,0.526709678836711,0.756063532483752,0.3795095564905779,0.5136831104441382,0.6739098011828442,0.9984439545233659,World,simple_intersection,normal,day,Good,212,7.066667,720,1280,train,train
videos/bSZkOI7eF8k_2_00.mp4,t-bone,0,11.2,322,0.11969400629415385,0.6898876189861922,0.0030074297336459685,0.5064123868060539,0.23638058285466174,0.8733628511663306,World,signalized_intersection,normal,night,Fine,364,12.6,720,1280,train,train
videos/bSZkOI7eF8k_3_00.mp4,t-bone,0,5.966667,179,0.33035569643826457,0.41066439023312945,0.2634149621128117,0.3105579346948574,0.3972964307637175,0.5107708457714015,World,signalized_intersection,normal,night,Fine,389,13.666667,720,1280,train,train
videos/bSZkOI7eF8k_4_00.mp4,t-bone,0,1.2,36,0.909974515803665,0.46843961873819734,0.8328544658696837,0.3649092278330348,0.9870945657376462,0.5719700096433599,World,signalized_intersection,normal,night,Good,424,15.1,720,1280,train,train
videos/bSZkOI7eF8k_7_00.mp4,sideswipe,0,2.266667,68,0.5877080566765415,0.5046168307695321,0.44731230567040825,0.38574051364045303,0.7281038076826747,0.6234931478986112,World,simple_intersection,normal,day,Good,118,3.933333,720,1280,train,train
videos/bXaAw1730zE_0_00.mp4,t-bone,0,3.066667,45,0.33482005359099265,0.293688173282371,0.2724624898942091,0.24493426840369079,0.39717761728777623,0.34244207816105127,World,simple_intersection,normal,day,Excellent,90,6.266667,720,1280,train,train
videos/bwW_wL4TwZg_1_00.mp4,single,0,1.28,32,0.2294536637773689,0.2280871029449612,0.1763173647280098,0.19452811535493816,0.282589962826728,0.2616460905349843,World,tunnel,normal,day,Poor,82,3.36,240,320,train,train
videos/bwW_wL4TwZg_2_00.mp4,single,0,6.4,158,0.29144475459581354,0.2998850405419325,0.23029295755567886,0.23920505071911924,0.3525965516359482,0.36056503036474574,World,tunnel,normal,day,Very_Poor,275,11.08,240,320,train,train
videos/dmwcqNAuZcM_1_00.mp4,t-bone,1,25.658967,325,0.6270438810489127,0.3149848190342772,0.5007533849064657,0.1768094903109007,0.7533343771913596,0.45316014775765373,World,signalized_intersection,normal,day,Good,721,52.018633,720,1276,train,train
videos/h50TQ3i9k5I_0_00.mp4,t-bone,0,3.3,41,0.48920123894166134,0.3452270853215412,0.3763148443744067,0.25834905457845625,0.602087633508916,0.43210511606462626,World,signalized_intersection,normal,night,Poor,299,23.866667,720,1280,train,train
videos/h50TQ3i9k5I_2_00.mp4,t-bone,0,6.033333,121,0.727229324403149,0.1713324859595273,0.6841611918079589,0.13981468937146288,0.7702974569983392,0.20285028254759171,World,signalized_intersection,snow,day,Good,238,11.866667,720,1280,train,train
videos/hSt-aJwZqsY_2_00.mp4,head-on,0,2.7,81,0.583341440507984,0.6039284472370043,0.5640682085294045,0.5666189452977556,0.6026146724865635,0.6412379491762531,World,simple_intersection,normal,day,Good,214,7.133333,720,1280,train,train
videos/hSt-aJwZqsY_3_00.mp4,t-bone,0,4.2,126,0.8452574150951626,0.644158391204279,0.814209803125569,0.611713034034962,0.8763050270647563,0.6766037483735958,World,simple_intersection,normal,day,Good,204,6.8,720,1280,train,train
videos/ieFXAiS97A0_1_00.mp4,sideswipe,0,4.938267,74,0.1951105981577233,0.5262727295670149,0.08822540770277151,0.4409053380846417,0.3019957886126751,0.611640121049388,World,signalized_intersection,normal,day,Very_Poor,138,9.676333,338,450,train,train
videos/ieFXAiS97A0_5_00.mp4,t-bone,0,4.7047,94,0.28480629672958324,0.35463392004268907,0.2255442839990846,0.32499563906316487,0.3440683094600819,0.38427220102221327,World,signalized_intersection,rain,day,Very_Poor,207,10.4104,338,450,train,train
videos/k932VZGqE6c_0_00.mp4,t-bone,0,7.866667,216,0.7922589377702052,0.31120977045982906,0.6792404687734422,0.2590478509814274,0.9052774067669682,0.3633716899382307,World,signalized_intersection,snow,night,Poor,377,13.233333,240,320,train,train
videos/k932VZGqE6c_1_00.mp4,t-bone,0,4.033333,121,0.7219199300463468,0.34139560809910685,0.6350717112456248,0.30344975540837266,0.8087681488470688,0.3793414607898411,World,signalized_intersection,snow,day,Poor,227,7.566667,240,320,train,train
videos/k932VZGqE6c_2_00.mp4,rear-end,0,5.633333,157,0.7906213274613226,0.5898233064073893,0.7284513674984282,0.4836690091358555,0.8527912874242171,0.6959776036789233,World,signalized_intersection,snow,day,Poor,236,8.266667,240,320,train,train
videos/k932VZGqE6c_3_00.mp4,rear-end,0,4.533333,98,0.1947282247685043,0.41391731172615714,0.14788460963679123,0.3592669039222604,0.24157183990021736,0.4685677195300539,World,signalized_intersection,snow,day,Very_Poor,231,10.066667,240,320,train,train
videos/kv-u4ZiEGJA_4_00.mp4,head-on,1,0.766667,15,0.349698930993509,0.5876109134065053,0.18216277230486827,0.4496958756825936,0.5172350896821498,0.7255259511304168,World,signalized_intersection,normal,day,Poor,80,3.5,720,1280,train,train
videos/lJvJnAxuX5U_0_00.mp4,t-bone,0,6.76,161,0.6474082523683488,0.5111969613141489,0.4498498654624797,0.3628927058219991,0.8449666392742179,0.6595012168062988,World,signalized_intersection,rain,day,Good,223,9.88,720,1280,train,train
videos/mOwuW8t6-GQ_2_00.mp4,head-on,0,5.76,144,0.35185796697076055,0.548989212054292,0.3205965576333526,0.4884320024224937,0.38311937630816856,0.6095464216860903,World,simple_intersection,rain,day,Fine,437,17.52,720,1280,train,train
videos/mOwuW8t6-GQ_4_00.mp4,t-bone,1,25.64,507,0.5589270648157876,0.3286994170034455,0.42538053220146327,0.1977823693866766,0.6924735974301119,0.4596164646202144,World,signalized_intersection,normal,day,Good,1076,53.24,720,1280,train,train
videos/mOwuW8t6-GQ_5_00.mp4,t-bone,0,4.76,84,0.4365107731137843,0.3482146300428718,0.372226933049735,0.27739405935070427,0.5007946131778336,0.4190352007350393,World,signalized_intersection,normal,day,Poor,173,9.08,720,1280,train,train
videos/mOwuW8t6-GQ_6_00.mp4,t-bone,1,8.64,173,0.44581690127293194,0.334415584256503,0.3862180568252313,0.2945666672270902,0.5054157457206325,0.3742645012859157,World,signalized_intersection,normal,day,Fine,371,20.64,720,1280,train,train
videos/mg6PLF8sHWw_0_00.mp4,t-bone,0,5.481894,96,0.27323375874922873,0.25680439489241214,0.2108196990936939,0.19233265634639135,0.3356478184047635,0.321276133438433,World,simple_intersection,normal,day,Poor,301,16.746518,720,1280,train,train
videos/mhQIf0yVU3g_1_00.mp4,t-bone,0,2.933333,44,0.37750921368787427,0.5188624194025713,0.3199827027575656,0.4762531503526993,0.43503572461818296,0.5614716884524433,World,signalized_intersection,snow,day,Fine,99,6.566667,720,1280,train,train
videos/mhQIf0yVU3g_3_00.mp4,head-on,0,3.266667,59,0.6805704692538425,0.28293849783470215,0.577294615609208,0.21066895529638885,0.7838463228984769,0.3552080403730155,World,signalized_intersection,snow,day,Good,112,6.2,720,1280,train,train
videos/nFpT2-RpAS8_0_00.mp4,t-bone,0,2.64,66,0.13271438645395364,0.4099104947075533,0.018094907037419717,0.3565580213835056,0.24733386587048756,0.463262968031601,World,signalized_intersection,normal,day,Poor,171,6.84,360,480,train,train
videos/nFpT2-RpAS8_1_00.mp4,sideswipe,0,2.28,57,0.11924313768593922,0.3366564341295114,0.0335950119714716,0.2601374119651003,0.20489126340040684,0.41317545629392244,World,city_street,normal,day,Poor,630,25.44,360,480,train,train
videos/nFpT2-RpAS8_2_00.mp4,single,0,4.92,119,0.5850038829305282,0.2957424644759823,0.5241208003632487,0.2591029422653837,0.6458869654978078,0.3323819866865809,World,city_street,normal,night,Poor,360,14.8,360,480,train,train
videos/nFpT2-RpAS8_3_00.mp4,single,0,0.76,19,0.6649041941113087,0.16475317558314667,0.635462039954531,0.14399610738770813,0.6943463482680865,0.18551024377858522,World,city_street,normal,day,Poor,233,9.72,360,480,train,train
videos/nSK7cehJiCE_6_00.mp4,t-bone,0,2.64,66,0.1256478809742615,0.7542912765790675,0.005208333333333334,0.5902869297477856,0.24608742861518967,0.9182956234103492,World,grade_separated_intersection,normal,night,Very_Poor,125,5.0,720,1280,train,train
videos/nSK7cehJiCE_8_00.mp4,t-bone,0,1.68,38,0.6266566039616687,0.5875422492648399,0.5460219964048837,0.4542239978212482,0.7072912115184536,0.7208605007084316,World,signalized_intersection,normal,day,Fine,132,5.8,720,1280,train,train
videos/nSK7cehJiCE_9_00.mp4,t-bone,0,1.88,46,0.5860582681321006,0.2834029495279668,0.3475482567822846,0.10794649563491744,0.8245682794819166,0.4588594034210161,World,simple_intersection,normal,night,Fine,137,5.52,720,1280,train,train
videos/nsHYg3ENgk4_1_00.mp4,t-bone,0,5.438767,162,0.5720067153379429,0.43441690354605955,0.41858154140000037,0.36507841235482047,0.7254318892758853,0.5037553947372986,World,signalized_intersection,normal,night,Poor,240,8.041367,720,1280,train,train
videos/nsHYg3ENgk4_2_00.mp4,t-bone,0,6.139467,154,0.6193764158888176,0.5137862313785188,0.46773307924018653,0.4463944907224215,0.7710197525374487,0.581177972034616,World,signalized_intersection,normal,night,Very_Poor,242,9.642967,720,1280,train,train
videos/nsHYg3ENgk4_5_00.mp4,sideswipe,0,5.739067,171,0.7053865713054726,0.5000673520181538,0.6061303442523979,0.41953959473201863,0.8046427983585474,0.580595109304289,World,signalized_intersection,normal,day,Very_Poor,292,9.776433,720,1280,train,train
videos/nsHYg3ENgk4_6_00.mp4,t-bone,0,6.773433,202,0.7078170879309582,0.40979059329141587,0.58375926139779,0.33916239674611004,0.8318749144641264,0.48041878983672176,World,signalized_intersection,normal,day,Very_Poor,254,8.5085,720,1280,train,train
videos/nsHYg3ENgk4_7_00.mp4,t-bone,0,5.972633,178,0.5483312643022824,0.421620717226854,0.4385660107416943,0.3367864156467721,0.6580965178628706,0.506455018806936,World,signalized_intersection,normal,day,Poor,245,8.2082,720,1280,train,train
videos/nsHYg3ENgk4_9_00.mp4,t-bone,0,5.638967,169,0.4141258571723587,0.6323910103480191,0.2673543167180014,0.5265046903272387,0.5608973976267161,0.7382773303687996,World,signalized_intersection,normal,day,Very_Poor,237,7.9079,720,1280,train,train
videos/pA6q7Q2EQrw_20_00.mp4,t-bone,0,1.066667,21,0.4850159085552858,0.4742607003138565,0.4109129461264601,0.42391051826141557,0.5591188709841115,0.5246108823662974,World,city_street,normal,day,Poor,147,7.333333,720,1280,train,train
videos/pA6q7Q2EQrw_21_00.mp4,t-bone,0,1.3,33,0.6775417000584784,0.46456445888305103,0.5607415626619532,0.3874016064352216,0.7943418374550035,0.5417273113308805,World,signalized_intersection,normal,night,Fine,101,4.033333,720,1280,train,train
videos/pA6q7Q2EQrw_22_00.mp4,rear-end,0,1.633333,20,0.4030072694111124,0.4715591123925791,0.28260169736878993,0.2862992793725265,0.5234128414534349,0.6568189454126316,World,city_street,normal,day,Fine,158,12.566667,720,1280,train,train
videos/pA6q7Q2EQrw_25_00.mp4,t-bone,1,1.166667,17,0.7304492819434842,0.9252498987679418,0.6556430716007451,0.8514540811908159,0.8052554922862234,0.9990457163450679,World,signalized_intersection,normal,day,Fine,108,7.233333,720,1280,train,train
videos/pA6q7Q2EQrw_3_00.mp4,t-bone,0,3.333333,83,0.5823558297933348,0.2940481458794167,0.5307411184080948,0.24863621995609045,0.6339705411785748,0.3394600718027429,World,simple_intersection,normal,day,Fine,208,8.333333,720,1280,train,train
videos/pA6q7Q2EQrw_32_00.mp4,single,0,1.866667,46,0.7024364419518769,0.20053590697569412,0.6844876579267123,0.1758183429161439,0.7203852259770415,0.22525347103524432,World,city_street,normal,night,Poor,205,8.333333,720,1280,train,train
videos/pA6q7Q2EQrw_8_00.mp4,sideswipe,0,2.4,60,0.5902386035904293,0.3900248025759378,0.3955688093284669,0.25549152793216257,0.7849083978523917,0.524558077219713,World,signalized_intersection,normal,night,Very_Poor,235,9.466667,720,1280,train,train
videos/rQy2l6gxB8c_0_00.mp4,t-bone,0,5.8058,173,0.1898442281941217,0.5150295368444487,0.1590082335397966,0.4800115331168728,0.2206802228484468,0.5500475405720248,World,signalized_intersection,snow,day,Poor,386,12.9129,720,1280,train,train
videos/rQy2l6gxB8c_1_00.mp4,head-on,0,2.6026,78,0.4682599176628287,0.5468584308668546,0.450897437957362,0.5026605718605045,0.4856223973682954,0.5910562898732047,World,signalized_intersection,snow,night,Fine,300,10.043367,720,1280,train,train
videos/rQy2l6gxB8c_3_00.mp4,rear-end,0,6.339667,167,0.31437010755788725,0.37349061855596677,0.2613230292757114,0.2724110093481032,0.3674171858400631,0.4745702277638303,World,city_street,normal,day,Fine,501,19.352667,720,1280,train,train
videos/tDN-mwNSJc8_2_00.mp4,head-on,0,4.315068,80,0.7617797403893415,0.49205888298516853,0.6833193069850789,0.38531753513739797,0.840240173793604,0.5988002308329391,World,signalized_intersection,normal,night,Very_Poor,116,6.246575,720,1280,train,train
videos/tDN-mwNSJc8_3_00.mp4,sideswipe,0,3.123288,60,0.8781621343038192,0.5418595577342254,0.7563242686076384,0.4642488265107532,1.0,0.6194702889576976,World,signalized_intersection,normal,night,Very_Poor,101,5.547945,720,1280,train,train
videos/tDN-mwNSJc8_4_00.mp4,t-bone,0,2.876712,58,0.63344052371511,0.4922539066727912,0.5347609045084577,0.4172142806796021,0.7321201429217623,0.5672935326659803,World,signalized_intersection,normal,day,Poor,123,6.246575,720,1280,train,train
videos/tDN-mwNSJc8_5_00.mp4,sideswipe,0,1.890411,34,0.7807746427289639,0.46102603546324955,0.6562216507045207,0.38438662619240505,0.9053276347534072,0.5376654447340941,World,signalized_intersection,normal,day,Very_Poor,97,5.342466,720,1280,train,train
videos/tDN-mwNSJc8_8_00.mp4,sideswipe,0,2.506849,44,0.7938932300939687,0.4180288794980407,0.6968701496857638,0.3479333572586155,0.8909163105021738,0.48812440173746585,World,signalized_intersection,normal,day,Very_Poor,122,6.328767,720,1280,train,train
videos/tDN-mwNSJc8_9_00.mp4,t-bone,0,4.643836,92,0.8774254758255297,0.41972402543352494,0.7704173429330889,0.35453186018541216,0.9844336087179704,0.48491619068163766,World,signalized_intersection,normal,night,Poor,161,8.465753,720,1280,train,train
videos/upawiSphDM8_2_00.mp4,t-bone,1,1.133333,33,0.29360642791415376,0.6656080700935326,0.004469878960451487,0.45891710740608876,0.582742976867856,0.8722990327809765,World,signalized_intersection,normal,day,Poor,143,5.1,356,640,train,train
videos/wScVipt0pWk_10_00.mp4,t-bone,0,1.2799999999999998,26,0.5564074141217914,0.6352030172096235,0.4745780769576565,0.5404580607020021,0.6382367512859262,0.7299479737172448,World,signalized_intersection,normal,day,Good,67,3.32,720,1280,train,train
videos/wScVipt0pWk_12_00.mp4,rear-end,0,2.64,52,0.15517887780408657,0.7818531256227217,0.012803125792713388,0.7052208342973161,0.29755462981545977,0.8584854169481274,World,city_street,normal,day,Poor,120,6.04,720,1280,train,train
videos/wScVipt0pWk_13_00.mp4,rear-end,0,2.92,37,0.4883523971506122,0.388935365366862,0.3372025027205728,0.3090366188855948,0.6395022915806516,0.46883411184812923,World,signalized_intersection,normal,day,Good,71,5.68,720,1280,train,train
videos/wScVipt0pWk_15_00.mp4,t-bone,0,1.08,22,0.32961678283026963,0.8667065409504829,0.11830200021017312,0.7346559679397836,0.5409315654503661,0.9987571139611823,World,roundabout,normal,day,Good,44,2.72,720,1280,train,train
videos/wScVipt0pWk_17_00.mp4,t-bone,0,2.44,48,0.3128302807452849,0.7547986755491249,0.10492552535229863,0.5577914558256863,0.5207350361382712,0.9518058952725634,World,simple_intersection,normal,day,Good,122,6.12,720,1280,train,train
videos/wScVipt0pWk_3_00.mp4,t-bone,0,1.04,13,0.2001691711483275,0.5672260771379065,0.08405123639203063,0.4116048696520045,0.3162871059046244,0.7228472846238085,World,city_street,normal,day,Good,57,4.52,720,1280,train,train
videos/wScVipt0pWk_7_00.mp4,sideswipe,0,1.64,20,0.5079044594105201,0.572143440240849,0.39497166377521986,0.5207595842023415,0.6208372550458203,0.6235272962793563,World,signalized_intersection,normal,day,Fine,62,5.04,720,1280,train,train
videos/xKT7khciy-c_10_00.mp4,single,0,2.1021,59,0.3264189897254134,0.3501650995473312,0.2844424624865269,0.31575937403427157,0.36839551696429984,0.3845708250603909,World,city_street,normal,night,Very_Poor,89,4.471133,226,400,train,train
videos/xKT7khciy-c_14_00.mp4,t-bone,0,2.769433,47,0.6178904479595364,0.2604852473796562,0.554785379129039,0.20878903994638312,0.6809955167900337,0.3121814548129293,World,signalized_intersection,normal,day,Very_Poor,63,3.6036,226,400,train,train
videos/xKT7khciy-c_16_00.mp4,t-bone,0,2.769434,63,0.5213940824977726,0.5477448291737298,0.480825685859592,0.5152184817167828,0.5619624791359532,0.5802711766306768,World,signalized_intersection,normal,day,Very_Poor,178,9.075733999999999,226,400,train,train
videos/xKT7khciy-c_18_00.mp4,single,0,1.4014,16,0.3798902178630245,0.5096292234506603,0.3104109727839644,0.44339599978607425,0.44936946294208463,0.5758624471152463,World,roundabout,snow,night,Very_Poor,75,7.340667,226,400,train,train
videos/xKT7khciy-c_2_00.mp4,t-bone,0,0.6006,10,0.05564733682361596,0.22278613126511498,0.0,0.16031664069055898,0.11129467364723192,0.28525562183967096,World,signalized_intersection,normal,day,Very_Poor,42,2.5024999999999995,226,400,train,train
videos/xKT7khciy-c_20_00.mp4,single,0,1.5015,20,0.7784788881284733,0.23705110631053847,0.7625901346102136,0.20669988100328962,0.794367641646733,0.2674023316177873,World,city_street,normal,day,Very_Poor,84,6.473133,226,400,train,train
videos/xKT7khciy-c_22_00.mp4,t-bone,0,2.4691330000000002,29,0.8907426833721934,0.46380291358877845,0.7814853667443867,0.3687479168078034,1.0,0.5588579103697535,World,signalized_intersection,normal,day,Poor,166,8.742067,226,400,train,train
videos/xKT7khciy-c_5_00.mp4,sideswipe,0,4.571233,80,0.2786099239225723,0.1606564390480918,0.24434696980116313,0.11560095276169616,0.31287287804398145,0.20571192533448743,World,signalized_intersection,rain,day,Poor,235,11.878533,226,400,train,train
videos/xKT7khciy-c_8_00.mp4,t-bone,0,2.7027,44,0.4058307400440125,0.39627894669775904,0.22480641662132558,0.0953074633977814,0.5868550634666994,0.6972504299977367,World,simple_intersection,normal,day,Fine,72,4.471133,226,400,train,train
videos/y4Evv5By6sg_1_00.mp4,t-bone,0,4.5045,112,0.6035696939242605,0.546514295313119,0.5362857897354629,0.49737685422780525,0.6708535981130581,0.5956517363984327,World,city_street,normal,day,Excellent,246,9.876533,720,1280,train,train
videos/y4Evv5By6sg_3_00.mp4,head-on,0,3.2032,79,0.3841018880183583,0.5682434860860822,0.3076056128371699,0.3950737863525294,0.46059816319954666,0.7414131858196351,World,simple_intersection,normal,day,Good,183,7.340667,720,1280,train,train
videos/y4Evv5By6sg_4_00.mp4,head-on,0,2.969633,73,0.563863446951926,0.6111221051840566,0.46538776085280303,0.48040298172698687,0.6623391330510491,0.7418412286411264,World,simple_intersection,normal,day,Good,168,6.773433,720,1280,train,train
videos/5m8QzQubYOI_00.mp4,single,0,3.68,19,0.5038438557538183,0.19917806163439877,0.42158340083501383,0.1465300427968217,0.5861043106726227,0.25182608047197585,World,tunnel,normal,day,Fine,115,20.08,288,384,test,train
videos/kaggle-fahaddalwai-cctvfootagevideo_1_00.mp4,t-bone,0,1.933333,51,0.28680853611996326,0.2115915808098525,0.14660298270995042,0.11845496786741024,0.4270140895299761,0.30472819375229476,World,signalized_intersection,normal,day,Good,204,8.066667,360,640,test,train
videos/kaggle-fahaddalwai-cctvfootagevideo_3_00.mp4,t-bone,0,4.266667,126,0.5882509464668326,0.30768347006789165,0.4776655319361538,0.21881505804132959,0.6988363609975115,0.39655188209445374,World,simple_intersection,normal,day,Fine,306,10.466667,360,640,test,train
videos/kaggle-fahaddalwai-cctvfootagevideo_4_00.mp4,t-bone,0,5.066666000000001,111,0.6473955210211998,0.4457950553100714,0.49011923215881936,0.3334034959445338,0.8046718098835802,0.558186614675609,World,highway,normal,night,Fine,426,19.066666,360,640,test,train
videos/kaggle-fahaddalwai-cctvfootagevideo_5_00.mp4,t-bone,0,3.833333,96,0.4427427829235545,0.37862970961309317,0.2615777938513427,0.22287093384578907,0.6239077719957663,0.5343884853803973,World,simple_intersection,normal,day,Good,176,7.0,360,640,test,train
videos/kaggle-fahaddalwai-cctvfootagevideo_6_00.mp4,t-bone,0,3.833333,96,0.44298678964897864,0.37784743226267,0.2618602221078485,0.22174437664197352,0.6241133571901087,0.5339504878833664,World,simple_intersection,normal,day,Good,198,7.866666,360,640,test,train
videos/KUBbn-T3XYI_00.mp4,head-on,0,12.08,156,0.42202169724664584,0.09722989463475284,0.2912164141456704,0.03449058527196611,0.5528269803476212,0.15996920399753958,World,parking_lot,normal,day,Poor,301,22.08,288,352,test,train
videos/russia1_00.mp4,head-on,0,5.300000000000001,154,0.26994176381346,0.3667556665064251,0.23460078336171863,0.33816179371507193,0.3052827442652014,0.3953495392977783,World,signalized_intersection,normal,day,Fine,332,11.416667,1352,2392,test,train
videos/russia11_00.mp4,single,0,5.633333,198,0.30715680392266786,0.5396069702760122,0.2537582552647767,0.45840667112044614,0.36055535258055904,0.6208072694315784,World,signalized_intersection,normal,day,Good,426,13.25,1352,2392,test,train
videos/russia12_00.mp4,single,0,3.5,106,0.2701606039477399,0.4523721503816416,0.1744779787594062,0.37112591226265235,0.3658432291360736,0.5336183885006308,World,highway,normal,day,Fine,172,5.833333,1352,2392,test,train
videos/russia13_00.mp4,t-bone,0,1.85,65,0.23679677549055078,0.2793225940926451,0.19475701161853848,0.24182862577447148,0.2788365393625631,0.31681656241081874,World,simple_intersection,normal,day,Fine,124,3.65,1352,2392,test,train
videos/russia14_00.mp4,t-bone,0,2.116667,52,0.6152341229827718,0.5315034860426054,0.43189267362818395,0.3512914692469114,0.7985755723373597,0.7117155028382994,World,simple_intersection,normal,day,Good,175,7.45,1330,2390,test,train
videos/russia15_00.mp4,t-bone,1,3.116667,82,0.6685926182654267,0.37459477012815245,0.5404070439075531,0.21093872392827684,0.7967781926233002,0.5382508163280281,World,signalized_intersection,normal,day,Excellent,189,7.016667,1330,2390,test,train
videos/russia16_00.mp4,t-bone,0,4.233333,105,0.5730933012057042,0.15171209463932905,0.4691759809608196,0.04558419081487845,0.6770106214505888,0.25783999846377964,World,simple_intersection,normal,day,Excellent,237,9.316667,1330,2390,test,train
videos/russia17_00.mp4,sideswipe,0,3.25,86,0.5660708856024184,0.25146838127685034,0.5000377111579077,0.17927107874752266,0.6321040600469289,0.32366568380617805,World,signalized_intersection,normal,day,Good,226,8.316667,1330,2390,test,train
videos/russia18_00.mp4,rear-end,0,5.233333999999999,99,0.5962744824802446,0.38635533744915107,0.5145317124497295,0.32309645035855156,0.6780172525107598,0.4496142245397506,World,signalized_intersection,normal,day,Good,199,9.883334,1330,2390,test,train
videos/russia19_00.mp4,t-bone,0,4.183333,115,0.4535074562173368,0.3348499890602967,0.4088886046980936,0.2910285748728383,0.49812630773657995,0.3786714032477552,World,signalized_intersection,normal,day,Good,258,9.35,1330,2390,test,train
videos/russia2_00.mp4,t-bone,0,2.083333,62,0.29167660480616064,0.2138136902549001,0.15193086203090622,0.12071836567142949,0.43142234758141507,0.30690901483837074,World,signalized_intersection,normal,day,Good,263,8.716667,1332,2386,test,train
videos/russia20_00.mp4,rear-end,0,1.516667,40,0.20204517989637852,0.6120222191495509,0.0011521303578011057,0.4429684993696324,0.40293822943495594,0.7810759389294694,World,signalized_intersection,rain,day,Excellent,167,6.116667,1330,2390,test,train
videos/russia21_00.mp4,head-on,0,5.516667,82,0.5485819765227591,0.3612721285583016,0.4774048523317582,0.2809404506072341,0.6197591007137598,0.44160380650936915,World,simple_intersection,normal,night,Poor,283,13.566667,1246,1786,test,train
videos/russia22_00.mp4,sideswipe,0,1.766667,44,0.4123412393168853,0.7035988473569541,0.2298055934852161,0.5407894046800213,0.5948768851485545,0.8664082900338868,World,signalized_intersection,normal,day,Fine,105,4.2,1246,1786,test,train
videos/russia23_00.mp4,t-bone,0,3.166667,95,0.7454183688822936,0.4183533886698385,0.6716139746370733,0.3627820342475052,0.819222763127514,0.4739247430921718,World,signalized_intersection,normal,day,Good,134,4.466667,1234,2368,test,train
videos/russia3_00.mp4,t-bone,0,4.116667,141,0.4212123128928562,0.238065324421248,0.37453968539454413,0.18818339711351537,0.4678849403911683,0.28794725172898067,World,signalized_intersection,normal,night,Good,335,11.116667,1332,2386,test,train
videos/russia4_00.mp4,t-bone,0,4.933333,144,0.663123771630439,0.45533519894228836,0.5060337887184854,0.3361730223785265,0.8202137545423926,0.5744973755060502,World,highway,normal,night,Fine,445,17.2,1332,2386,test,train
videos/russia6_00.mp4,head-on,0,3.866667,102,0.419275359958563,0.4889406551731017,0.30910031877507604,0.36249162490098663,0.52945040114205,0.6153896854452168,World,signalized_intersection,normal,night,Good,198,7.55,1332,2386,test,train
videos/russia7_00.mp4,t-bone,0,4.833333,102,0.3682876338533204,0.3446303405650264,0.2811210217033768,0.29209895117251433,0.45545424600326406,0.39716172995753846,World,simple_intersection,normal,day,Good,341,15.083333,1352,2392,test,train
videos/russia8_00.mp4,sideswipe,0,2.933333,93,0.4681801621179119,0.2929741248397717,0.32498015057651886,0.22494782973173794,0.611380173659305,0.36100041994780546,World,simple_intersection,normal,day,Excellent,258,8.55,1352,2392,test,train
videos/video13_00.mp4,sideswipe,0,8.033333,205,0.6187530071575454,0.2170438879634271,0.5964254403147199,0.18682908584668168,0.641080574000371,0.24725869008017254,World,highway,normal,day,Fine,440,17.166667,720,1280,train,train
videos/video130_00.mp4,t-bone,0,4.6,118,0.3079422899336156,0.2525155399681501,0.11572525742589934,0.1677074414233523,0.5001593224413319,0.337323638512948,World,signalized_intersection,normal,day,Fine,172,6.8,1080,1920,train,train
videos/video136_00.mp4,single,1,4.583333,57,0.5494791143230044,0.21774340637298562,0.5135373175099794,0.18917601662698286,0.5854209111360295,0.24631079611898837,World,city_street,normal,day,Fine,337,16.791667,540,960,train,train
videos/video187_00.mp4,sideswipe,0,5.52,135,0.3367873443696268,0.6923256543519175,2.3210182331731707e-05,0.38526234266864107,0.6735514785569219,0.999388966035194,World,highway,normal,day,Fine,224,9.36,360,632,train,train
videos/video193_00.mp4,t-bone,1,8.666667,206,0.5757162541568606,0.27454209876895014,0.4612855888132433,0.21322565613190683,0.6901469195004779,0.3358585414059934,World,simple_intersection,normal,day,Poor,639,27.541667,544,960,train,train
videos/video24_00.mp4,sideswipe,0,3.76,89,0.528235704403309,0.4066002442917091,0.3295909695782152,0.23974424809258651,0.726880439228403,0.5734562404908317,World,simple_intersection,normal,day,Poor,123,5.12,720,1280,train,train
videos/video26_00.mp4,rear-end,0,10.68,257,0.32523129028742853,0.23058473289051876,0.2857875746813266,0.17424113573874428,0.36467500589353047,0.28692833004229323,World,highway,normal,day,Poor,791,33.16,1080,1880,train,train
videos/video33_00.mp4,rear-end,0,2.65,53,0.5600437645353906,0.465401438639516,0.4954377163809507,0.3664218015351379,0.6246498126898304,0.5643810757438941,World,highway,normal,day,Poor,105,5.25,192,314,train,train
videos/video38_00.mp4,single,1,2.9,58,0.499236382775663,0.3031247905048773,0.46064444984517516,0.27401727721518154,0.5378283157061509,0.3322323037945731,World,city_street,normal,day,Poor,84,4.75,194,346,train,train
videos/video52_00.mp4,t-bone,0,4.066667,80,0.2833184985587489,0.35362090824802195,0.13961224297074687,0.24445367705725513,0.4270247541467509,0.4627881394387888,World,signalized_intersection,normal,night,Fine,257,13.133333,1080,1920,train,train
videos/video56_00.mp4,t-bone,1,1.125,27,0.20817443204954128,0.34839278594729195,0.10749327370900705,0.28177820914924684,0.3088555903900755,0.415007362745337,World,signalized_intersection,normal,night,Poor,307,12.791667,368,640,train,train
videos/video57_00.mp4,t-bone,0,2.7,70,0.18835216312762984,0.43931344915057213,0.08488826048952092,0.3209006799271641,0.29181606576573876,0.5577262183739802,World,signalized_intersection,normal,night,Fine,179,6.9,1080,1920,train,train
videos/video60_00.mp4,head-on,0,6.3,165,0.4373646480193634,0.3515611710901721,0.34048971550899154,0.24116453068129962,0.5342395805297353,0.4619578114990446,World,simple_intersection,normal,day,Good,575,22.666667,1080,1920,train,train
videos/video72_00.mp4,sideswipe,1,1.633333,41,0.13601235798575073,0.15142692834011476,0.021362913092252474,0.026511042119363993,0.250661802879249,0.2763428145608655,World,city_street,normal,day,Poor,152,8.733333,720,1270,train,train
videos/hFaYR4zsGzA_00.mp4,head-on,0,19.08,433,0.587365701157145,0.36314390367084026,0.48248747285775223,0.3094517426161036,0.6922439294565379,0.4168360647255769,World,signalized_intersection,normal,day,Good,679,29.96,720,1280,test,train
videos/4qfPNqggweo_00.mp4,t-bone,0,6.233333,143,0.7974906130125854,0.3836862986927507,0.740389981437372,0.33083718472041584,0.8545912445877989,0.43653541266508566,World,signalized_intersection,snow,night,Fine,890,51.9,268,480,test,train
videos/6wze8ucfW1g_00.mp4,single,1,5.005,62,0.6044023957898855,0.45136179883902044,0.5751934061971913,0.3952062047136543,0.6336113853825798,0.5075173929643866,World,signalized_intersection,normal,night,Good,370,30.13,720,1280,test,train
videos/v_i8N0-kt2w_00.mp4,t-bone,0,11.04,264,0.6763764263251797,0.31453259440148923,0.6403187614769984,0.29463655697372365,0.7124340911733611,0.3344286318292548,World,signalized_intersection,normal,night,Good,579,23.64,1080,1920,test,train
videos/PVYTq0m-OR0_00.mp4,rear-end,0,8.113207000000001,192,0.4841504565118884,0.7979367843532357,0.4647852189545304,0.7743749905019379,0.5035156940692465,0.8214985782045333,World,signalized_intersection,normal,night,Fine,192,8.113207000000001,720,1280,test,train
videos/KPyyCBJKS98_00.mp4,t-bone,0,18.552,184,0.5244264850531779,0.5129520663137218,0.43244068748057196,0.4068433179628292,0.6164122826257838,0.6190608146646144,World,city_street,normal,day,Excellent,257,25.959,1080,1920,test,train
videos/Hg0kgEuDppk_00.mp4,sideswipe,0,1.017,25,0.7647385535812115,0.4367768411743572,0.6711785320114889,0.37509530315106837,0.8582985751509341,0.498458379197646,World,city_street,rain,night,Good,500,30.051,910,1920,test,train
videos/OehnhIPFm4Q_00.mp4,single,0,3.2399999999999998,59,0.5521029959555563,0.09379391543754656,0.5032877932598151,0.041751587635040596,0.6009181986512975,0.1458362432400525,UAE,highway,normal,night,Good,98,4.800000000000001,1080,1920,train,train
videos/OehnhIPFm4Q_01.mp4,rear-end,1,2.68,67,0.5246629865801941,0.14454894815505248,0.4441296180748525,0.014750608192376986,0.6051963550855356,0.27434728811772796,UAE,highway,normal,day,Excellent,147,5.88,1080,1920,test,train
videos/OehnhIPFm4Q_02.mp4,single,1,3.84,96,0.45961175543647764,0.5433772624410491,0.41940530994389336,0.4973587583365164,0.49981820092906193,0.5893957665455819,UAE,highway,normal,day,Excellent,145,5.8,1080,1920,test,train
videos/OehnhIPFm4Q_03.mp4,single,0,4.12,103,0.5968947643264765,0.2528360760275903,0.5720804338721981,0.2162645187604747,0.6217090947807549,0.28940763329470587,UAE,highway,normal,night,Good,149,5.96,1080,1920,train,train
videos/OehnhIPFm4Q_04.mp4,t-bone,0,5.92,148,0.40063996257963136,0.40830113398488904,0.3232080166768005,0.31061701339089054,0.4780719084824622,0.5059852545788875,UAE,highway,normal,day,Excellent,203,8.12,1080,1920,test,train
videos/kd7QwQqeJZQ_00.mp4,rear-end,0,2.7199999999999998,67,0.8404694277928,0.35224822879754303,0.7529979256798476,0.19978093285485948,0.9279409299057524,0.5047155247402265,UAE,highway,normal,day,Excellent,123,4.96,1080,1920,test,train
videos/kd7QwQqeJZQ_01.mp4,single,0,4.48,102,0.5263967975063505,0.3807685594001048,0.448532662102533,0.2527631879503722,0.604260932910168,0.5087739308498374,UAE,highway,normal,night,Excellent,235,9.92,1080,1920,train,train
videos/kd7QwQqeJZQ_02.mp4,rear-end,1,4.08,102,0.5546932806894859,0.22661205860258324,0.49828798127945856,0.15896139908651363,0.6110985800995132,0.29426271811865284,UAE,highway,normal,night,Excellent,136,5.4399999999999995,1080,1920,train,train
videos/Nlb0EeukIEQ_00.mp4,rear-end,1,1.1600000000000001,29,0.7077382718441451,0.3658149299204757,0.6493912075896042,0.2959888412477124,0.7660853360986859,0.43564101859323906,UAE,highway,normal,day,Excellent,137,5.4799999999999995,1080,1920,test,train
videos/KZl-FNCuiGs_00.mp4,rear-end,0,6.32,142,0.6005095000474521,0.2750947690569855,0.5099440214398824,0.15871134916381457,0.6910749786550217,0.39147818895015646,UAE,highway,normal,day,Excellent,170,7.4399999999999995,1080,1920,test,train
videos/PoPhUbkrq9g_00.mp4,t-bone,1,0.16000000000000014,4,0.45262739188566975,0.16131434194131433,0.3967891655421383,0.12948155878234754,0.5084656182292012,0.19314712510028112,UAE,signalized_intersection,normal,day,Good,52,2.24,720,1280,test,train
videos/zYgBOSbkY3A_00.mp4,t-bone,0,0.92,17,0.3262844183297583,0.1849671663678133,0.2505726914342173,0.1305251964464125,0.4019961452252993,0.23940913628921406,UAE,signalized_intersection,normal,day,Excellent,74,3.32,1080,1920,test,train
videos/zYgBOSbkY3A_01.mp4,t-bone,0,3.84,96,0.6423274046818603,0.31235182924149874,0.581199276267868,0.24175205693344493,0.7034555330958526,0.38295160154955254,UAE,signalized_intersection,normal,day,Good,224,8.96,1080,1920,test,train
videos/T636miXHz3U_00.mp4,single,0,5.28,132,0.1520094919112711,0.40439962790755946,0.08472849709090251,0.34867647813365593,0.21929048673163973,0.460122777681463,UAE,highway,normal,day,Excellent,149,5.96,1080,1920,test,train
videos/2unYN0QzOFk_00.mp4,rear-end,0,0.6799999999999999,17,0.28380130249011776,0.12854260149908012,0.1920970489042541,0.06041536965484384,0.3755055560759814,0.1966698333433164,UAE,highway,normal,night,Fine,87,3.4799999999999995,720,1280,test,train
videos/1_F0r7KVJ1k_00.mp4,rear-end,0,6.4,160,0.3430494449980287,0.47137664559765896,0.25170318848647877,0.37159429472624617,0.4343957015095786,0.5711589964690718,UAE,highway,normal,night,Good,285,11.56,720,1280,train,train
videos/e17Wq4Hpqlk_00.mp4,head-on,0,1.3199999999999998,33,0.8001052825011202,0.43600525304888926,0.681222525262505,0.36301231898539726,0.9189880397397354,0.5089981871123812,UAE,signalized_intersection,normal,day,Good,121,4.84,1080,1920,test,train
videos/e17Wq4Hpqlk_01.mp4,head-on,0,1.2,30,0.19781021758701248,0.33644229833024625,0.06925592045385448,0.24716412925760475,0.3263645147201705,0.4257204674028877,UAE,signalized_intersection,normal,day,Good,98,3.92,1080,1920,test,train
videos/e17Wq4Hpqlk_02.mp4,head-on,0,0.72,18,0.5247326037964015,0.5208204816942916,0.350664386738547,0.3870427104319687,0.6988008208542561,0.6545982529566146,UAE,signalized_intersection,normal,day,Excellent,148,5.92,1080,1920,test,train
videos/OY5bWBGoSwc_00.mp4,rear-end,0,2.766666,69,0.24060369984182473,0.4778281546398805,0.15386196990200682,0.3722444845034884,0.32734542978164266,0.5834118247762725,UAE,highway,normal,day,Excellent,124,4.966666,1080,1920,test,train
videos/hdyWKrR5uCk_00.mp4,rear-end,0,1.52,38,0.23741254776272666,0.21173432769962422,0.19513645823380915,0.1541395109484559,0.27968863729164417,0.26932914445079253,UAE,city_street,normal,day,Excellent,143,5.72,720,1280,test,train
videos/hdyWKrR5uCk_01.mp4,t-bone,0,1.44,36,0.3200087709092386,0.3368358005128399,0.2332065425405702,0.292157945978941,0.4068109992779071,0.3815136550467388,UAE,signalized_intersection,normal,day,Good,149,5.96,720,1280,test,train
videos/NF5q7ye97l0_00.mp4,rear-end,0,4.52,113,0.16823613456203979,0.12089206430350377,0.12133373262069683,0.07861801798160455,0.21513853650338272,0.16316611062540298,UAE,highway,normal,day,Good,159,6.359999999999999,720,1280,test,train
videos/LeRsK6lfpK8_00.mp4,t-bone,0,1.64,41,0.4908382807857812,0.3163549985003602,0.42662167580261184,0.26462789273514403,0.5550548857689506,0.3680821042655764,UAE,signalized_intersection,normal,day,Good,124,4.96,720,1280,test,train
videos/LeRsK6lfpK8_01.mp4,t-bone,0,1.68,42,0.7456667731354116,0.2597796298779515,0.6964067462728157,0.22552713582507314,0.7949267999980075,0.2940321239308299,UAE,signalized_intersection,normal,day,Good,97,3.88,720,1280,test,train
videos/LeRsK6lfpK8_02.mp4,t-bone,0,5.52,138,0.3683654954422795,0.3634810821333476,0.2651909190964195,0.29446484356322983,0.4715400717881394,0.4324973207034654,UAE,signalized_intersection,normal,day,Excellent,158,6.32,720,1280,test,train
videos/nEszisiy2ho_00.mp4,rear-end,0,3.72,93,0.2679804337759625,0.15895728756448466,0.21054622532708908,0.08469146526805543,0.3254146422248359,0.23322310986091388,UAE,highway,normal,day,Good,199,7.96,1080,1920,test,train
videos/jYai-crKZx8_00.mp4,t-bone,0,0.6,13,0.293015076660009,0.4296013633258312,0.18875017831590116,0.3420082518556301,0.3972799750041168,0.5171944747960323,UAE,signalized_intersection,normal,day,Excellent,29,1.3199999999999998,1080,1920,test,train
videos/Y5oIfasCYJM_00.mp4,rear-end,0,1.0,25,0.4600203699340574,0.2854642083195207,0.37562279016694455,0.20447635714903142,0.5444179497011703,0.3664520594900099,UAE,highway,normal,night,Excellent,86,3.4400000000000004,1080,1920,test,train
videos/ACcnz_yNp6Q_00.mp4,rear-end,0,1.64,41,0.2114906456640978,0.1869212628254731,0.1753689404430143,0.14212666841441896,0.24761235088518135,0.2317158572365273,UAE,highway,normal,day,Excellent,144,5.76,720,1280,test,train
videos/65p17BwHTaw_00.mp4,single,0,1.2,30,0.37759780663683434,0.31833146466089046,0.35625515151657794,0.2919996328034055,0.39894046175709075,0.3446632965183754,UAE,highway,normal,day,Good,149,5.96,720,1280,test,train
videos/65p17BwHTaw_01.mp4,single,0,2.48,62,0.9026789315873789,0.26008465191711727,0.8639729228195927,0.22493589374800682,0.9413849403551652,0.2952334100862277,UAE,highway,normal,day,Good,78,3.12,720,1280,test,train
videos/q7UutMH5DTM_00.mp4,rear-end,0,0.6000000000000001,15,0.4301674681730371,0.27254432141670665,0.3601131885978096,0.1783013420379971,0.5002217477482646,0.36678730079541616,UAE,highway,normal,day,Excellent,190,7.600000000000001,720,1280,test,train
videos/YueG1zLkV8o_00.mp4,rear-end,0,2.16,54,0.5832989955350976,0.49976579394040294,0.5004819155262393,0.42635093433843874,0.6661160755439558,0.5731806535423671,UAE,highway,normal,night,Good,61,2.4400000000000004,1080,1920,train,train
videos/YueG1zLkV8o_01.mp4,sideswipe,0,4.8,120,0.16877413990527812,0.13960210892777197,0.08929438010400695,0.07516734002465623,0.2482538997065493,0.20403687783088773,UAE,highway,normal,day,Excellent,154,6.16,1080,1920,test,train
videos/YueG1zLkV8o_02.mp4,single,1,5.24,131,0.4947154121703127,0.1341095799584312,0.4608403662610613,0.08824836745389456,0.5285904580795641,0.17997079246296785,UAE,highway,normal,day,Good,196,7.840000000000001,1080,1920,test,train
videos/U53oza5hHEM_00.mp4,rear-end,0,1.44,36,0.5797958623368529,0.25812128328069717,0.4971319730512732,0.17438516417734753,0.6624597516224326,0.3418574023840468,UAE,highway,normal,day,Good,139,5.56,720,1280,test,train
videos/X5RwksTFZW8_00.mp4,t-bone,0,4.64,25,0.3153724784544056,0.13581696783841868,0.17080839779353976,0.03316508414794262,0.4599365591152714,0.23846885152889474,World,parking_lot,normal,day,Good,160,21.76,720,1280,test,train
videos/987C4_UdnJE_00.mp4,t-bone,1,0.8,16,0.39872156849490425,0.08746633659793714,0.3271924085811492,0.022247628356299006,0.47025072840865934,0.15268504483957526,UAE,signalized_intersection,normal,day,Good,65,3.12,720,1280,test,train
videos/987C4_UdnJE_01.mp4,t-bone,0,1.92,39,0.42112113217052327,0.4781589712373826,0.2573713073337373,0.37419265914398375,0.5848709570073093,0.5821252833307814,UAE,signalized_intersection,normal,day,Good,99,4.92,720,1280,test,train
videos/eQvvIoDMXzY_00.mp4,single,1,6.644433,148,0.45364008308419557,0.6298232436246579,0.42484008386969235,0.6054699169378022,0.4824400822986988,0.6541765703115137,World,highway,normal,day,Fine,287,12.453089,720,1280,test,train
videos/eQvvIoDMXzY_01.mp4,single,0,5.390767,118,0.24914764250273197,0.37092172509594845,0.22415604294448835,0.34968497511388336,0.2741392420609756,0.3921584750780135,World,highway,normal,day,Poor,448,22.064533,720,1280,test,train
videos/ZftLPdDo5K8_00.mp4,single,0,3.625,54,0.7418621080924346,0.47455099994871935,0.7190992678416971,0.45685441814261124,0.7646249483431721,0.49224758175482747,Virginia,highway,normal,day,Poor,449,29.958,720,960,train,test
