,path,accident_time,center_x,center_y,type
0,videos/Z4kg2Ev3vhk_00.mp4,14.9835,0.5,0.5,single
1,videos/unS0-TLF1ao_00.mp4,2.96,0.5,0.5,t-bone
2,videos/UarP8qU1S-c_00.mp4,7.6665,0.5,0.5,single
3,videos/UarP8qU1S-c_01.mp4,3.083500000000001,0.5,0.5,single
4,videos/nAXTthLfgtI_00.mp4,6.9375,0.5,0.5,single
5,videos/fzWY0vLAXzI_00.mp4,4.433333,0.5,0.5,t-bone
6,videos/vxZ47DoPNY8_00.mp4,3.8666665000000005,0.5,0.5,single
7,videos/OXVXsdDT9QQ_00.mp4,2.65,0.5,0.5,t-bone
8,videos/VozrseCzhQc_00.mp4,4.7915,0.5,0.5,single
9,videos/kABWTDKgc9U_00.mp4,14.8,0.5,0.5,t-bone
10,videos/ftk_fSc4haM_00.mp4,7.2,0.5,0.5,t-bone
11,videos/BgdKGnFqz0I_00.mp4,4.8165,0.5,0.5,t-bone
12,videos/LiM5LPSZoow_00.mp4,14.9585,0.5,0.5,t-bone
13,videos/F0NHENn-HS4_00.mp4,10.45,0.5,0.5,single
14,videos/maJsgJsapH4_00.mp4,15.0,0.5,0.5,single
15,videos/iA_u73BG4ZM_00.mp4,15.0,0.5,0.5,single
16,videos/maJGw3hQs_s_00.mp4,14.9585,0.5,0.5,t-bone
17,videos/aPsS_HaokoU_00.mp4,14.854,0.5,0.5,t-bone
18,videos/aF2Hbp8C23A_00.mp4,4.854,0.5,0.5,t-bone
19,videos/82sQ7N-aHOw_00.mp4,7.812499999999999,0.5,0.5,t-bone
20,videos/bJMc3sNP2AU_00.mp4,3.3,0.5,0.5,single
21,videos/XaqA-uzqeNc_00.mp4,4.0625,0.5,0.5,single
22,videos/gp_9zTMpVrs_00.mp4,14.021,0.5,0.5,t-bone
23,videos/B_nBw3PcHXg_00.mp4,14.9665,0.5,0.5,t-bone
24,videos/jq-5EaxSR3M_00.mp4,14.979,0.5,0.5,single
25,videos/4jVVNw9AF2s_00.mp4,14.979,0.5,0.5,t-bone
26,videos/FR3eYZzgeJY_00.mp4,14.979,0.5,0.5,t-bone
27,videos/ApyekBAgfg8_00.mp4,14.9791665,0.5,0.5,t-bone
28,videos/Mem77KKhF8c_00.mp4,14.979,0.5,0.5,t-bone
29,videos/GSvQCAPnFGo_00.mp4,14.9585,0.5,0.5,t-bone
30,videos/fgI4vUtP_1I_00.mp4,14.9585,0.5,0.5,single
31,videos/TthKPyywzu8_00.mp4,15.0,0.5,0.5,t-bone
32,videos/LklNl33KztU_00.mp4,13.3,0.5,0.5,single
33,videos/tK1wd_HCYNo_00.mp4,15.0165,0.5,0.5,single
34,videos/mntY3Xh8lT4_00.mp4,12.2915,0.5,0.5,single
35,videos/CzOWGXrwbp4_00.mp4,11.7915,0.5,0.5,single
36,videos/7AFnEpBVrr4_00.mp4,14.9835,0.5,0.5,t-bone
37,videos/njJxs1KozgE_00.mp4,14.9585,0.5,0.5,t-bone
38,videos/-AztVDZ6cEE_00.mp4,13.1875,0.5,0.5,t-bone
39,videos/kUp_0rJe_OI_00.mp4,14.979,0.5,0.5,t-bone
40,videos/a8zHkZ_t16k_00.mp4,14.9835,0.5,0.5,t-bone
41,videos/PQHiBa179Ew_00.mp4,14.9835,0.5,0.5,t-bone
42,videos/-SNFUobKjoM_00.mp4,15.0,0.5,0.5,t-bone
43,videos/TahWBItdUvQ_00.mp4,2.3545,0.5,0.5,t-bone
44,videos/reXieySb4JI_00.mp4,15.0,0.5,0.5,t-bone
45,videos/m2uBNOFIvKk_00.mp4,14.979,0.5,0.5,t-bone
46,videos/VXuNX_OYkig_00.mp4,3.6,0.5,0.5,t-bone
47,videos/GsRdjuR2PpE_00.mp4,13.1665,0.5,0.5,t-bone
48,videos/dGUCJwW8b1g_00.mp4,12.55,0.5,0.5,single
49,videos/FV6XO5Yg9VU_00.mp4,13.896,0.5,0.5,single
50,videos/iYAIZEocjbg_00.mp4,14.9815,0.5,0.5,t-bone
51,videos/n-aa3NIlRMo_00.mp4,14.979,0.5,0.5,t-bone
52,videos/mDtCi-XVAbo_00.mp4,11.75,0.5,0.5,t-bone
53,videos/QJYDZ1PBiYQ_00.mp4,12.4835,0.5,0.5,single
54,videos/1ZQAChv0TEI_00.mp4,14.95,0.5,0.5,t-bone
55,videos/e6ZQvn6NyLI_00.mp4,14.9585,0.5,0.5,t-bone
56,videos/ui52V2KkRN4_00.mp4,5.25,0.5,0.5,t-bone
57,videos/QyRcmm87rJ8_00.mp4,14.979,0.5,0.5,t-bone
58,videos/C7gOL8qM71E_00.mp4,15.0,0.5,0.5,single
59,videos/At-4-Y2g7Y8_00.mp4,15.0,0.5,0.5,single
60,videos/1BIZOZtxRpY_00.mp4,14.979,0.5,0.5,single
61,videos/GWx-Z5rWhzc_00.mp4,13.2915,0.5,0.5,t-bone
62,videos/bow1eKeR6oY_00.mp4,14.9585,0.5,0.5,single
63,videos/7CO_LqgfiFg_00.mp4,14.9585,0.5,0.5,single
64,videos/6T58bsyZz40_00.mp4,14.9585,0.5,0.5,single
65,videos/bn7c9LxpeuA_00.mp4,12.5625,0.5,0.5,single
66,videos/zISHd2Jt7Qs_00.mp4,14.9835,0.5,0.5,single
67,videos/0isplBZQftg_00.mp4,15.0,0.5,0.5,t-bone
68,videos/1lD9kE-VJ7I_00.mp4,10.1665,0.5,0.5,t-bone
69,videos/afVZZ3v87cc_00.mp4,15.0,0.5,0.5,single
70,videos/fYUPTfVRKEk_00.mp4,12.166667,0.5,0.5,single
71,videos/NDkAFTqHLzo_00.mp4,12.3,0.5,0.5,single
72,videos/BR4WAtlyQEQ_00.mp4,14.9165,0.5,0.5,single
73,videos/zXKdiWjxhd8_00.mp4,15.0,0.5,0.5,t-bone
74,videos/JHq6SVNhY0Y_00.mp4,14.9835,0.5,0.5,t-bone
75,videos/03HtRCJa8Yk_00.mp4,15.0,0.5,0.5,t-bone
76,videos/6EW9PrDqKA8_00.mp4,13.5835,0.5,0.5,rear-end
77,videos/-NgnSm_oEB4_00.mp4,14.9585,0.5,0.5,single
78,videos/wQ_pGHoj2SI_00.mp4,15.0,0.5,0.5,single
79,videos/dZ-F8lZ16-A_00.mp4,3.65,0.5,0.5,single
80,videos/Chf8yRqccCM_00.mp4,5.479,0.5,0.5,rear-end
81,videos/P4oEdSFJvfU_00.mp4,12.167000000000002,0.5,0.5,single
82,videos/yQz3PyPvr5Y_00.mp4,14.9585,0.5,0.5,t-bone
83,videos/FhFwhsyOjUU_00.mp4,13.617,0.5,0.5,single
84,videos/GaAVUUYx9q8_00.mp4,15.0,0.5,0.5,single
85,videos/-jZ5Rlhzzi4_00.mp4,14.979,0.5,0.5,single
86,videos/LP_C34tyPl4_00.mp4,14.979,0.5,0.5,single
87,videos/tFS_Hk-qEiQ_00.mp4,2.5835,0.5,0.5,single
88,videos/mzHmLvV9QlM_00.mp4,4.567,0.5,0.5,single
89,videos/c4exlXawFaM_00.mp4,14.979,0.5,0.5,single
90,videos/-yLuZ5wxAsc_00.mp4,14.9835,0.5,0.5,single
91,videos/uKieP03gwxQ_00.mp4,12.9665,0.5,0.5,single
92,videos/Q72Ly8rGtnc_00.mp4,14.979,0.5,0.5,t-bone
93,videos/Img4DcUjRmo_00.mp4,14.979,0.5,0.5,single
94,videos/LMw1OJe37fM_00.mp4,14.979,0.5,0.5,t-bone
95,videos/jgAGNNIG13E_00.mp4,14.979,0.5,0.5,t-bone
96,videos/Fb1XWmXZTZw_00.mp4,13.2915,0.5,0.5,single
97,videos/mllfWsyVZ1s_00.mp4,14.979,0.5,0.5,single
98,videos/clXKxQWjB4c_00.mp4,13.0,0.5,0.5,single
99,videos/ozOAT76M0PM_00.mp4,14.9835,0.5,0.5,t-bone
100,videos/jc-fa_AjIXw_00.mp4,14.9835,0.5,0.5,t-bone
101,videos/YmMM4JeUJJ0_00.mp4,12.0,0.5,0.5,t-bone
102,videos/JNsoId5gPK8_00.mp4,13.75,0.5,0.5,single
103,videos/a8-i2E4jrpk_00.mp4,3.7,0.5,0.5,single
104,videos/a8-i2E4jrpk_01.mp4,9.95,0.5,0.5,single
105,videos/GIm11SfAp8c_00.mp4,14.9585,0.5,0.5,single
106,videos/CVSBJThqVgA_00.mp4,12.8,0.5,0.5,single
107,videos/CBPD-SF1p90_00.mp4,7.6665,0.5,0.5,single
108,videos/vMqldj7d7e0_00.mp4,14.9835,0.5,0.5,single
109,videos/pQ84BiOk854_00.mp4,12.767,0.5,0.5,t-bone
110,videos/NaRgSBNtbFY_00.mp4,15.05,0.5,0.5,t-bone
111,videos/2xFyklpa54I_00.mp4,15.0,0.5,0.5,t-bone
112,videos/PyYCjM8tvSY_00.mp4,14.979,0.5,0.5,t-bone
113,videos/nHmyMVHNPDs_00.mp4,13.2,0.5,0.5,t-bone
114,videos/diYHDL2G4KA_00.mp4,13.45,0.5,0.5,t-bone
115,videos/HZXYwgLy0RE_00.mp4,15.0,0.5,0.5,t-bone
116,videos/YYgdkr0Qiw0_00.mp4,14.9835,0.5,0.5,t-bone
117,videos/mDHuTgnSxMs_00.mp4,15.0,0.5,0.5,t-bone
118,videos/aUvorQJ7jRU_00.mp4,7.8835,0.5,0.5,single
119,videos/M6WWLqx3z88_00.mp4,15.0,0.5,0.5,t-bone
120,videos/HROdEY9OZk4_00.mp4,14.9835,0.5,0.5,t-bone
121,videos/PgdU-LSKlZU_00.mp4,15.0335,0.5,0.5,t-bone
122,videos/jFpORnj_-cI_00.mp4,13.192,0.5,0.5,t-bone
123,videos/Aj5AlGboqeI_00.mp4,13.6665,0.5,0.5,single
124,videos/GsL5oknV-w0_00.mp4,14.979,0.5,0.5,t-bone
125,videos/1BsCOLh_qEs_00.mp4,2.4665,0.5,0.5,t-bone
126,videos/jPTJZRBPQgc_00.mp4,5.0165,0.5,0.5,t-bone
127,videos/c8wyblfra3o_00.mp4,2.7665,0.5,0.5,single
128,videos/hT1Hz_gFnBs_00.mp4,14.979,0.5,0.5,t-bone
129,videos/YnYUC6nonG8_00.mp4,15.0,0.5,0.5,t-bone
130,videos/fJxVsTAIK5Y_00.mp4,11.3955,0.5,0.5,single
131,videos/8UJFstPfuhU_00.mp4,15.05,0.5,0.5,single
132,videos/jiiHFFhdKPc_00.mp4,14.979,0.5,0.5,t-bone
133,videos/JTIfOGQql0A_00.mp4,14.9665,0.5,0.5,t-bone
134,videos/r4P0kKBitVM_00.mp4,9.479,0.5,0.5,single
135,videos/OMjHjaMBzus_00.mp4,13.4585,0.5,0.5,t-bone
136,videos/otYsKPJqTr0_00.mp4,14.983,0.5,0.5,t-bone
137,videos/zVoe5ZUg3kE_00.mp4,14.9835,0.5,0.5,t-bone
138,videos/6J-qSLHzj_k_00.mp4,3.3835,0.5,0.5,t-bone
139,videos/qNH-EtH6qPo_00.mp4,14.979,0.5,0.5,t-bone
140,videos/sRyjIctHIdA_00.mp4,15.0,0.5,0.5,t-bone
141,videos/VpQn6ugiG1M_00.mp4,15.0165,0.5,0.5,single
142,videos/qOTEPSVfGSI_00.mp4,15.0,0.5,0.5,t-bone
143,videos/FnahNGsmeSQ_00.mp4,14.9585,0.5,0.5,t-bone
144,videos/exMp0HFGLFY_00.mp4,14.979,0.5,0.5,t-bone
145,videos/6hJ8mYLUfE8_00.mp4,12.5665,0.5,0.5,t-bone
146,videos/Er-dsvrO1UU_00.mp4,14.9835,0.5,0.5,t-bone
147,videos/OKlebmp3c0M_00.mp4,15.05,0.5,0.5,t-bone
148,videos/ZDiU58ZiXTk_00.mp4,14.9335,0.5,0.5,single
149,videos/0oA6iej2zdk_00.mp4,12.4835,0.5,0.5,t-bone
150,videos/S5EyvIwUUU0_00.mp4,15.0,0.5,0.5,t-bone
151,videos/T0Rkm2Q2e2k_00.mp4,15.0,0.5,0.5,t-bone
152,videos/-RrDtLjWsT4_00.mp4,15.0,0.5,0.5,t-bone
153,videos/FD2WTKo0V94_00.mp4,14.9585,0.5,0.5,t-bone
154,videos/CQaoY2QypM8_00.mp4,14.9585,0.5,0.5,t-bone
155,videos/kgifRjE69lo_00.mp4,14.979,0.5,0.5,t-bone
156,videos/cPyZuPSQrkI_00.mp4,14.9835,0.5,0.5,t-bone
157,videos/aRQeSqO9Ri4_00.mp4,12.9585,0.5,0.5,t-bone
158,videos/-oreKuCoQnI_00.mp4,14.9585,0.5,0.5,t-bone
159,videos/JGeH83hHjpE_00.mp4,14.9835,0.5,0.5,t-bone
160,videos/ZVFTg3X2Acc_00.mp4,14.9835,0.5,0.5,t-bone
161,videos/xQCJTgk1AxQ_00.mp4,13.0415,0.5,0.5,t-bone
162,videos/FojgBxlQgiw_00.mp4,14.9835,0.5,0.5,t-bone
163,videos/bzNkUstnRMM_00.mp4,14.9585,0.5,0.5,t-bone
164,videos/BVvMdTfk43Y_00.mp4,13.5,0.5,0.5,t-bone
165,videos/5fSIVNb3L64_00.mp4,14.979,0.5,0.5,t-bone
166,videos/uJR-x2ahMjo_00.mp4,14.9835,0.5,0.5,t-bone
167,videos/Jafouq9fwp4_00.mp4,14.9835,0.5,0.5,t-bone
168,videos/tnXaQLZivt0_00.mp4,14.9835,0.5,0.5,t-bone
169,videos/neiYtur4FOY_00.mp4,14.9835,0.5,0.5,single
170,videos/sy3K_DPXi1g_00.mp4,15.0,0.5,0.5,t-bone
171,videos/5UK0XveIgBA_00.mp4,14.9835,0.5,0.5,t-bone
172,videos/8uCJX3Qp78g_00.mp4,14.9585,0.5,0.5,t-bone
173,videos/X6sdr4NzEdU_00.mp4,14.983,0.5,0.5,t-bone
174,videos/gcbYjCgvbFc_00.mp4,14.979,0.5,0.5,t-bone
175,videos/bb7h-E9S_xE_00.mp4,1.9335,0.5,0.5,t-bone
176,videos/Rph4qz-nnAY_00.mp4,12.8,0.5,0.5,t-bone
177,videos/dVgyJhT1tiQ_00.mp4,15.0,0.5,0.5,t-bone
178,videos/mYTte8BTffA_00.mp4,15.0335,0.5,0.5,t-bone
179,videos/z4J6Y7Hgprc_00.mp4,14.229500000000002,0.5,0.5,t-bone
180,videos/EYu49m3fAp4_00.mp4,12.75,0.5,0.5,single
181,videos/lprYC7noW0w_00.mp4,12.25,0.5,0.5,single
182,videos/SX6WrzujsNg_00.mp4,3.6,0.5,0.5,single
183,videos/pWUkfZdWn7M_00.mp4,14.9585,0.5,0.5,t-bone
184,videos/NW8ZJK5zv_M_00.mp4,15.0,0.5,0.5,single
185,videos/4VuF1Be1yLE_00.mp4,15.0,0.5,0.5,t-bone
186,videos/OmriwRCPF7M_00.mp4,14.9835,0.5,0.5,t-bone
187,videos/IF-F7mUXhas_00.mp4,14.979,0.5,0.5,single
188,videos/NhVQ26Tutwg_00.mp4,12.9,0.5,0.5,single
189,videos/qCBttHwTwnQ_00.mp4,14.979,0.5,0.5,t-bone
190,videos/xJTY4uupVuI_00.mp4,15.05,0.5,0.5,t-bone
191,videos/3UBcAuDgcOg_00.mp4,8.5165,0.5,0.5,single
192,videos/YkEtYW_U1IY_00.mp4,14.9585,0.5,0.5,t-bone
193,videos/p-8rTEjl_30_00.mp4,14.979,0.5,0.5,t-bone
194,videos/Z3s9Wv38oRc_00.mp4,14.9835,0.5,0.5,t-bone
195,videos/WFPy6Jpx5iE_00.mp4,15.0,0.5,0.5,t-bone
196,videos/VMOqX7S4IVU_00.mp4,14.979,0.5,0.5,single
197,videos/Pv0z5OwmK-Y_00.mp4,10.0,0.5,0.5,single
198,videos/JZnyV3r3cA4_00.mp4,4.021,0.5,0.5,single
199,videos/gVXvlSSUr88_00.mp4,15.0,0.5,0.5,t-bone
200,videos/y396l4X6WOk_00.mp4,14.9835,0.5,0.5,t-bone
201,videos/WqO5068PPhA_00.mp4,12.817,0.5,0.5,t-bone
202,videos/GAuVOgez5bQ_00.mp4,14.9585,0.5,0.5,t-bone
203,videos/djlikkK0NnM_00.mp4,14.9815,0.5,0.5,t-bone
204,videos/VsJNApu-LP4_00.mp4,12.521,0.5,0.5,t-bone
205,videos/9PeFHB3oBKg_00.mp4,14.9585,0.5,0.5,single
206,videos/wrKbzGEUOlI_00.mp4,15.0165,0.5,0.5,single
207,videos/ILLwcx7DKvM_00.mp4,6.8835,0.5,0.5,single
208,videos/yap1ac36OsU_00.mp4,14.9585,0.5,0.5,single
209,videos/Zp5xCOo7DSE_00.mp4,12.3895,0.5,0.5,single
210,videos/MAlk_czfNIs_00.mp4,15.0165,0.5,0.5,t-bone
211,videos/swb5GdD__W0_00.mp4,12.5665,0.5,0.5,single
212,videos/GVHE7LumYVo_00.mp4,10.607735,0.5,0.5,single
213,videos/k-QTjGUDtZY_00.mp4,10.5,0.5,0.5,single
214,videos/jF_WIm0oxLc_00.mp4,14.0,0.5,0.5,single
215,videos/Ga8NZJ64V80_00.mp4,5.0625,0.5,0.5,single
216,videos/HMdWAx9g5eI_00.mp4,4.2335,0.5,0.5,single
217,videos/57T5Z3aTh4s_00.mp4,14.979,0.5,0.5,single
218,videos/PAuYsJns-Fc_00.mp4,14.9665,0.5,0.5,single
219,videos/lgU3T6kySLw_00.mp4,14.9791665,0.5,0.5,single
220,videos/y1FUdBq8QII_00.mp4,15.0,0.5,0.5,single
221,videos/XdFylnj-1B4_00.mp4,3.85,0.5,0.5,t-bone
222,videos/nxtAJF0x3qQ_00.mp4,12.05,0.5,0.5,single
223,videos/RTPo9EzJ2q4_00.mp4,14.9585,0.5,0.5,single
224,videos/pwc7SEk8BA4_00.mp4,14.979,0.5,0.5,t-bone
225,videos/7v3_mO6HyPk_00.mp4,8.979,0.5,0.5,single
226,videos/ve9ThZ4xzrQ_00.mp4,14.979,0.5,0.5,single
227,videos/olrS9Xl-I70_00.mp4,14.958333,0.5,0.5,single
228,videos/QiRF34ZCDBo_00.mp4,15.0,0.5,0.5,single
229,videos/paIiPXuFj7Q_00.mp4,12.25,0.5,0.5,single
230,videos/ig4k6LEEMy0_00.mp4,15.0,0.5,0.5,single
231,videos/n1da-gnbUBU_00.mp4,13.521,0.5,0.5,single
232,videos/PaOMI4lZ7UI_00.mp4,5.6335,0.5,0.5,t-bone
233,videos/R8HeYWy2-HI_00.mp4,12.9165,0.5,0.5,single
234,videos/EkSE8710mGg_00.mp4,14.979,0.5,0.5,single
235,videos/1DTzvlqxm5c_00.mp4,4.5415,0.5,0.5,single
236,videos/YaMXFpSYjOk_00.mp4,8.75,0.5,0.5,single
237,videos/U9lXW10TLQw_00.mp4,14.9375,0.5,0.5,single
238,videos/mjKiqWEZoAM_00.mp4,4.7335,0.5,0.5,single
239,videos/pSjvg4Zq3-4_00.mp4,14.95,0.5,0.5,single
240,videos/-i9bRJWMtTo_00.mp4,14.9375,0.5,0.5,single
241,videos/3taDrOi_n0E_00.mp4,11.229500000000002,0.5,0.5,single
242,videos/LY4ki_2dmwU_00.mp4,14.9585,0.5,0.5,single
243,videos/7ORiNi_LtxY_00.mp4,14.979,0.5,0.5,single
244,videos/gbM45Kpz814_00.mp4,12.4165,0.5,0.5,single
245,videos/kDvSnh2NmpM_00.mp4,14.9165,0.5,0.5,single
246,videos/Ah1BmOi3V4Q_00.mp4,14.9835,0.5,0.5,single
247,videos/BEZNd0pYy-4_00.mp4,14.958333,0.5,0.5,single
248,videos/WvBtraA2jsA_00.mp4,15.0,0.5,0.5,single
249,videos/Jt65lD9BAPY_00.mp4,14.9585,0.5,0.5,t-bone
250,videos/l2iiHvICI2Y_00.mp4,7.9375,0.5,0.5,single
251,videos/WTz4apKhaQY_00.mp4,14.875,0.5,0.5,single
252,videos/pS5SXfuqz-4_00.mp4,12.8958335,0.5,0.5,single
253,videos/dfEFaPk-2-Y_00.mp4,9.4165,0.5,0.5,single
254,videos/24IyPsinbH8_00.mp4,14.9791665,0.5,0.5,single
255,videos/9VTtD6Sw6N4_00.mp4,15.0,0.5,0.5,single
256,videos/xSMybsal-zs_00.mp4,5.0625,0.5,0.5,single
257,videos/-dmYsQc-odI_00.mp4,14.9791665,0.5,0.5,single
258,videos/Z_GJQ1KrRJw_00.mp4,14.9165,0.5,0.5,single
259,videos/a5_Q39h5LM4_00.mp4,13.104,0.5,0.5,t-bone
260,videos/OIbLSlLL47A_00.mp4,14.9375,0.5,0.5,single
261,videos/AEzHgZ0xjlk_00.mp4,14.9375,0.5,0.5,single
262,videos/Czp_f_DrRB8_00.mp4,14.958333,0.5,0.5,single
263,videos/H6FXwjTkWYI_00.mp4,10.1458335,0.5,0.5,single
264,videos/XSgpMS9s9B8_00.mp4,2.9165,0.5,0.5,single
265,videos/XSgpMS9s9B8_01.mp4,12.667,0.5,0.5,single
266,videos/bCQ6OCJYKw0_00.mp4,13.3835,0.5,0.5,single
267,videos/T4luKRj7Mhg_00.mp4,13.6835,0.5,0.5,single
268,videos/04O2SOGSG_U_00.mp4,3.0835,0.5,0.5,single
269,videos/0BHjx8wX7pc_00.mp4,14.9375,0.5,0.5,single
270,videos/sl2h_VexIkA_00.mp4,14.9791665,0.5,0.5,t-bone
271,videos/uPwNRl6V9i8_00.mp4,14.9165,0.5,0.5,single
272,videos/IcHtsAFIRjk_00.mp4,8.1665,0.5,0.5,single
273,videos/5lfIORCL5FA_00.mp4,14.9375,0.5,0.5,single
274,videos/7EqwXtQkP1I_00.mp4,14.9585,0.5,0.5,single
275,videos/n0pXXp0cWWw_00.mp4,14.979,0.5,0.5,single
276,videos/KMUWUj13hFw_00.mp4,14.9375,0.5,0.5,single
277,videos/8s8en2EJPzg_00.mp4,14.9791665,0.5,0.5,single
278,videos/5Vhz1P2k8Ds_00.mp4,15.0,0.5,0.5,single
279,videos/M1ooGq00a4w_00.mp4,14.9585,0.5,0.5,single
280,videos/r30SzXochSk_00.mp4,14.979,0.5,0.5,single
281,videos/G84adP8TOLw_00.mp4,14.979,0.5,0.5,single
282,videos/oXMCX36zERc_00.mp4,13.5,0.5,0.5,single
283,videos/2wUrP2wgXhs_00.mp4,6.5335,0.5,0.5,single
284,videos/5K9ZZNwt9Fw_00.mp4,14.9835,0.5,0.5,single
285,videos/i3WeiV3H_aQ_00.mp4,14.95,0.5,0.5,single
286,videos/aPXUOJ6X43E_00.mp4,5.104,0.5,0.5,single
287,videos/KIAzlkbMog4_00.mp4,14.979,0.5,0.5,single
288,videos/o45cTuevkJ8_00.mp4,14.979,0.5,0.5,single
289,videos/a9U54ImNK2M_00.mp4,13.8125,0.5,0.5,single
290,videos/oPdIw4WJ6ZU_00.mp4,5.0,0.5,0.5,single
291,videos/91DHD6SEyVU_00.mp4,14.9375,0.5,0.5,single
292,videos/kOOstkWDxz0_00.mp4,14.9585,0.5,0.5,single
293,videos/mEQxozTl1S4_00.mp4,11.0665,0.5,0.5,t-bone
294,videos/mlv_VGdtang_00.mp4,8.0165,0.5,0.5,single
295,videos/UrmfisD-cpk_00.mp4,14.9375,0.5,0.5,single
296,videos/g59nWt3t9ZM_00.mp4,3.5416665,0.5,0.5,single
297,videos/8i0FSER7SuE_00.mp4,14.9585,0.5,0.5,single
298,videos/LMr2EuxQ1IY_00.mp4,14.979,0.5,0.5,single
299,videos/HxxaCH818LI_00.mp4,14.9835,0.5,0.5,single
300,videos/SUK79gpopL0_00.mp4,15.03,0.5,0.5,single
301,videos/uAmblqScf8Q_00.mp4,14.979,0.5,0.5,single
302,videos/7dMxFaTmaBs_00.mp4,12.183,0.5,0.5,single
303,videos/LZY4HepPGu0_00.mp4,14.9791665,0.5,0.5,single
304,videos/adNfN1i5mXs_00.mp4,5.45,0.5,0.5,single
305,videos/3N9sKQIYMy4_00.mp4,7.125,0.5,0.5,single
306,videos/yxdh-n8LgyY_00.mp4,14.979,0.5,0.5,single
307,videos/LmWvBPSBxNE_00.mp4,14.9165,0.5,0.5,single
308,videos/SFQKAmwf-3g_00.mp4,14.9375,0.5,0.5,single
309,videos/ITahkTaWzyQ_00.mp4,14.979,0.5,0.5,single
310,videos/XBOz63PuSvE_00.mp4,14.958333,0.5,0.5,single
311,videos/xrQ3mx08clM_00.mp4,15.0,0.5,0.5,single
312,videos/MA3KBCQu9eY_00.mp4,15.0,0.5,0.5,single
313,videos/9K5XWxsJleU_00.mp4,14.958333,0.5,0.5,single
314,videos/6nM9m2VkeYk_00.mp4,5.3125,0.5,0.5,single
315,videos/4EJgJ6IcI9E_00.mp4,14.979,0.5,0.5,single
316,videos/X-S19mWQG9s_00.mp4,3.354,0.5,0.5,single
317,videos/nGHp5y9P0Ic_00.mp4,14.979,0.5,0.5,single
318,videos/9u2VbfYpcBw_00.mp4,15.0,0.5,0.5,single
319,videos/og42C5ewnRY_00.mp4,14.9835,0.5,0.5,single
320,videos/Yllfxm5QxVE_00.mp4,15.0,0.5,0.5,single
321,videos/RBriQvW6fa4_00.mp4,14.979,0.5,0.5,single
322,videos/p7GtPUgji9w_00.mp4,14.979,0.5,0.5,t-bone
323,videos/1AfecaLCueU_00.mp4,15.0,0.5,0.5,single
324,videos/tB1MoGqqKsA_00.mp4,14.9375,0.5,0.5,single
325,videos/O_WaBEjEV2Y_00.mp4,15.0,0.5,0.5,single
326,videos/snZGxCZ7vFM_00.mp4,10.375,0.5,0.5,single
327,videos/J80rwyEvSlY_00.mp4,15.0,0.5,0.5,single
328,videos/vbIXlHZnRo4_00.mp4,15.0,0.5,0.5,single
329,videos/YigXRe0SDos_00.mp4,5.6835,0.5,0.5,single
330,videos/8h2Xq-MfXPE_00.mp4,15.05,0.5,0.5,single
331,videos/KQ1M-32l-E0_00.mp4,2.1458329999999997,0.5,0.5,single
332,videos/NpV7pI8k-SQ_00.mp4,14.9665,0.5,0.5,single
333,videos/2xyiKlvOZUQ_00.mp4,14.9375,0.5,0.5,single
334,videos/WA6hL9bRnNs_00.mp4,4.5625,0.5,0.5,single
335,videos/YwqAnRgRntg_00.mp4,7.833333,0.5,0.5,single
336,videos/6RZ_i-xao0s_00.mp4,14.9585,0.5,0.5,single
337,videos/4tOmPxnuANw_00.mp4,12.5665,0.5,0.5,t-bone
338,videos/hs-_vD6T78s_00.mp4,14.9375,0.5,0.5,single
339,videos/m8HHbAqyx8g_00.mp4,14.9585,0.5,0.5,single
340,videos/CD0ra7MBJJc_00.mp4,4.5,0.5,0.5,single
341,videos/wqYFt0bcNrA_00.mp4,14.958333,0.5,0.5,single
342,videos/l6WnoOecA9s_00.mp4,14.896,0.5,0.5,single
343,videos/TizK5BENdVg_00.mp4,14.979,0.5,0.5,single
344,videos/uiZD8Fw0SGc_00.mp4,14.979,0.5,0.5,single
345,videos/XaN99SF-mAo_00.mp4,15.0,0.5,0.5,single
346,videos/rivjQ5XnuIg_00.mp4,14.9585,0.5,0.5,single
347,videos/vVeLx1IopnM_00.mp4,8.3,0.5,0.5,single
348,videos/17u3l3wxfFI_00.mp4,14.9665,0.5,0.5,single
349,videos/KxlGte5pVZs_00.mp4,14.1665,0.5,0.5,single
350,videos/JeUAtNDJk9A_00.mp4,5.708333,0.5,0.5,single
351,videos/4ZGq9c3FKlE_00.mp4,8.9665,0.5,0.5,t-bone
352,videos/8asB-NXAPSc_00.mp4,7.3665,0.5,0.5,t-bone
353,videos/VpSREWsYWgY_00.mp4,14.979,0.5,0.5,single
354,videos/SpJiUTZO9Qg_00.mp4,4.771,0.5,0.5,t-bone
355,videos/8XV9oXxTZlI_00.mp4,5.8165,0.5,0.5,single
356,videos/HVAxCUrR_Qc_00.mp4,1.4375,0.5,0.5,t-bone
357,videos/HXttLdePt0k_00.mp4,4.8125,0.5,0.5,single
358,videos/ZDbR2jCDXjM_00.mp4,13.8541665,0.5,0.5,single
359,videos/BF5W6-8AkGM_00.mp4,14.9791665,0.5,0.5,single
360,videos/LGanHyFZCBg_00.mp4,4.875,0.5,0.5,t-bone
361,videos/-2UPLUV7JLg_00.mp4,14.9585,0.5,0.5,single
362,videos/w5gsLw2EF-w_00.mp4,14.958333,0.5,0.5,single
363,videos/zqhQY3WbRjY_00.mp4,14.979,0.5,0.5,single
364,videos/7DhAOb5V7_Y_00.mp4,12.75,0.5,0.5,single
365,videos/eQ1QDZ811c0_00.mp4,11.5835,0.5,0.5,t-bone
366,videos/W8B8zo8IFPg_00.mp4,14.9791665,0.5,0.5,t-bone
367,videos/ufUZKmdTyaM_00.mp4,14.9165,0.5,0.5,t-bone
368,videos/CwynQU9-yhE_00.mp4,14.9791665,0.5,0.5,t-bone
369,videos/WroDrfySdmc_00.mp4,14.979,0.5,0.5,t-bone
370,videos/yfkkIC-AN68_00.mp4,14.9585,0.5,0.5,t-bone
371,videos/nwb6yD8CMaM_00.mp4,14.9,0.5,0.5,t-bone
372,videos/VLYIKXy1gzg_00.mp4,14.979,0.5,0.5,t-bone
373,videos/O4eKyRwAKXQ_00.mp4,14.9585,0.5,0.5,t-bone
374,videos/9gEAWXvgLTw_00.mp4,14.979,0.5,0.5,t-bone
375,videos/Be6S5ecMGXA_00.mp4,14.979,0.5,0.5,t-bone
376,videos/aW7LYUp_0ig_00.mp4,14.979,0.5,0.5,t-bone
377,videos/J489DF-y2B8_00.mp4,14.9585,0.5,0.5,t-bone
378,videos/RWbYqk_RtSE_00.mp4,6.375,0.5,0.5,single
379,videos/trvzPZZfNPs_00.mp4,10.375,0.5,0.5,single
380,videos/_9tp71S2Gwg_00.mp4,14.958333,0.5,0.5,single
381,videos/tHW7Y0dIwkg_00.mp4,3.6041665,0.5,0.5,single
382,videos/hJJlducz7aE_00.mp4,11.917000000000002,0.5,0.5,single
383,videos/luYrUPWqC5w_00.mp4,14.9585,0.5,0.5,t-bone
384,videos/iguVq1mMWKg_00.mp4,3.6875,0.5,0.5,t-bone
385,videos/tm9gYOoBRmM_00.mp4,14.979,0.5,0.5,t-bone
386,videos/2BBwMYE-FC4_00.mp4,14.9585,0.5,0.5,t-bone
387,videos/BiAj8Q5I710_00.mp4,14.979,0.5,0.5,single
388,videos/5X2Ik8WsWVY_00.mp4,13.729,0.5,0.5,single
389,videos/YXRvo8IOyUM_00.mp4,7.646,0.5,0.5,t-bone
390,videos/jD8ybdMZOU8_00.mp4,14.979,0.5,0.5,t-bone
391,videos/HgLFvVtCXRw_00.mp4,15.0,0.5,0.5,t-bone
392,videos/bZp0v_Xt8EU_00.mp4,14.9585,0.5,0.5,t-bone
393,videos/vMzEXTNSTzw_00.mp4,8.4375,0.5,0.5,t-bone
394,videos/-wlnF8vCVMo_00.mp4,14.979,0.5,0.5,t-bone
395,videos/b2FAuGPoivk_00.mp4,14.9666665,0.5,0.5,t-bone
396,videos/cCofNt_oBE8_00.mp4,14.9791665,0.5,0.5,t-bone
397,videos/sV5FN5PePOQ_00.mp4,14.9791665,0.5,0.5,t-bone
398,videos/yS2IYwSqqVk_00.mp4,14.979,0.5,0.5,t-bone
399,videos/mhLc2Vl1ekk_00.mp4,14.958333,0.5,0.5,t-bone
400,videos/0eoMti_njew_00.mp4,14.979,0.5,0.5,single
401,videos/sfGi08xARHo_00.mp4,14.9375,0.5,0.5,t-bone
402,videos/e5KS6Gffb3A_00.mp4,14.9791665,0.5,0.5,t-bone
403,videos/wGZiHg7a5wU_00.mp4,14.521,0.5,0.5,single
404,videos/GPMefBsSI44_00.mp4,7.4240835,0.5,0.5,t-bone
405,videos/NjK1CBPb0tY_00.mp4,15.0,0.5,0.5,t-bone
406,videos/tqSAFTzuCy4_00.mp4,7.92,0.5,0.5,single
407,videos/fcc1sGDTQLM_00.mp4,9.4165,0.5,0.5,single
408,videos/OjosPgV4Lss_00.mp4,9.6915,0.5,0.5,t-bone
409,videos/owO2-pjxOqs_00.mp4,7.4,0.5,0.5,t-bone
410,videos/jI0_0zPf6BQ_00.mp4,6.0,0.5,0.5,single
411,videos/MsQns-Oy-hk_00.mp4,2.483333,0.5,0.5,t-bone
412,videos/MsQns-Oy-hk_01.mp4,2.9000000000000004,0.5,0.5,t-bone
413,videos/MsQns-Oy-hk_02.mp4,0.7166665,0.5,0.5,t-bone
414,videos/zAqi6Odnoiw_00.mp4,4.3375,0.5,0.5,t-bone
415,videos/jTOB7nAs2HE_00.mp4,14.7615,0.5,0.5,single
416,videos/9PpJJxn6DmA_00.mp4,1.9916665,0.5,0.5,t-bone
417,videos/uSTubEz9Mpw_00.mp4,12.442,0.5,0.5,single
418,videos/Hu5cukZ0Zgw_00.mp4,3.9665,0.5,0.5,t-bone
419,videos/FbMyX_ZWAm8_00.mp4,4.28,0.5,0.5,rear-end
420,videos/yx-CTXIhAGA_00.mp4,5.65,0.5,0.5,single
421,videos/bKrsJSxuQZg_00.mp4,5.55,0.5,0.5,single
422,videos/bI_W3ZOeuUM_00.mp4,12.6060605,0.5,0.5,single
423,videos/c2-5uzj1W5k_00.mp4,9.9855,0.5,0.5,single
424,videos/glkdKMzVzkM_00.mp4,15.1285,0.5,0.5,rear-end
425,videos/pMA26OVWUOY_00.mp4,7.515,0.5,0.5,single
426,videos/xaZ2WJAHrgY_00.mp4,7.0243905,0.5,0.5,rear-end
427,videos/1KGjac-XgPM_00.mp4,7.1485,0.5,0.5,t-bone
428,videos/T5TGAD7ygY8_00.mp4,2.4833335,0.5,0.5,single
429,videos/TY8UXgpfBzU_00.mp4,15.0,0.5,0.5,t-bone
430,videos/Sq5i3O5yoAY_00.mp4,14.9165,0.5,0.5,t-bone
431,videos/k9CLUG7vBOY_00.mp4,14.9375,0.5,0.5,t-bone
432,videos/_GY8RpsMk9o_00.mp4,14.979,0.5,0.5,t-bone
433,videos/7b4ffyFOo_I_00.mp4,3.347,0.5,0.5,single
434,videos/0jk4tWwDKqc_00.mp4,12.45,0.5,0.5,t-bone
435,videos/6nlROBgKAnA_00.mp4,12.7,0.5,0.5,t-bone
436,videos/Am-8EdFyiOU_00.mp4,7.588,0.5,0.5,t-bone
437,videos/CyqcCI-woio_00.mp4,7.2835,0.5,0.5,t-bone
438,videos/KQETX3JfWlE_00.mp4,12.667000000000002,0.5,0.5,single
439,videos/TwHVVK-smoQ_00.mp4,14.689,0.5,0.5,single
440,videos/twdqtlixsj0_00.mp4,8.2,0.5,0.5,t-bone
441,videos/yqaUDA6i5GY_00.mp4,14.7225,0.5,0.5,t-bone
442,videos/QB42gU5X634_00.mp4,2.7583335,0.5,0.5,t-bone
443,videos/tnO5_kjf1II_00.mp4,3.4583329999999997,0.5,0.5,single
444,videos/oV7t0yEbT8c_00.mp4,2.716667,0.5,0.5,single
445,videos/Hjax6nMPd6Q_00.mp4,14.98,0.5,0.5,rear-end
446,videos/n77TaXyADls_00.mp4,5.1051,0.5,0.5,t-bone
447,videos/oAYCNrUXNow_00.mp4,9.9766335,0.5,0.5,t-bone
448,videos/4tXvj7hHsNA_00.mp4,4.9883165,0.5,0.5,t-bone
449,videos/4tXvj7hHsNA_01.mp4,2.936267,0.5,0.5,single
450,videos/ygTLvXB2H_o_00.mp4,5.6056,0.5,0.5,t-bone
451,videos/ygTLvXB2H_o_01.mp4,2.45245,0.5,0.5,t-bone
452,videos/ygTLvXB2H_o_02.mp4,10.5271835,0.5,0.5,t-bone
453,videos/YiQToVQInNw_00.mp4,2.95295,0.5,0.5,t-bone
454,videos/dEqwcxeYJw4_00.mp4,19.9866335,0.5,0.5,t-bone
455,videos/VVgQuJDBIfU_00.mp4,7.2072,0.5,0.5,t-bone
456,videos/VVgQuJDBIfU_01.mp4,6.222883,0.5,0.5,single
457,videos/ltBaGt6A30I_00.mp4,7.0904165,0.5,0.5,t-bone
458,videos/c_fIpDR79Wo_00.mp4,3.5035,0.5,0.5,t-bone
459,videos/FY2wvzTv5vo_00.mp4,4.5045,0.5,0.5,t-bone
460,videos/FY2wvzTv5vo_01.mp4,13.013,0.5,0.5,t-bone
461,videos/J2BlH3gdl0k_00.mp4,14.958333,0.5,0.5,single
462,videos/qZlVsk7-fsk_00.mp4,15.0,0.5,0.5,single
463,videos/0DB7w7rLGrk_00.mp4,14.979,0.5,0.5,single
464,videos/Lqgoisezv8E_00.mp4,14.958333,0.5,0.5,t-bone
465,videos/2vEysG50vYY_00.mp4,14.9375,0.5,0.5,single
466,videos/Tbl7dpfeXl8_00.mp4,14.933333,0.5,0.5,single
467,videos/SYBMrPb8-3Y_00.mp4,14.979,0.5,0.5,t-bone
468,videos/DJ-zFm_TSTM_00.mp4,14.9791665,0.5,0.5,single
469,videos/Wuq6RfJ-yPY_00.mp4,12.8835,0.5,0.5,single
470,videos/jnarvwUc5NU_00.mp4,14.9791665,0.5,0.5,single
471,videos/jfGiD4S9OiA_00.mp4,14.979,0.5,0.5,single
472,videos/JGD3vYYu5S4_00.mp4,8.3,0.5,0.5,single
473,videos/mJArIYTPLbE_00.mp4,6.104,0.5,0.5,t-bone
474,videos/Tzh_MXLofUI_00.mp4,14.958333,0.5,0.5,single
475,videos/AeQaR7cklVU_00.mp4,14.979,0.5,0.5,single
476,videos/CJYMnDmGxio_00.mp4,14.958333,0.5,0.5,single
477,videos/63jg9PMxHZM_00.mp4,14.625,0.5,0.5,single
478,videos/23huSUeAOso_00.mp4,14.979,0.5,0.5,t-bone
479,videos/MCeomZE3fqw_00.mp4,14.9791665,0.5,0.5,single
480,videos/47M8fAuFNOs_00.mp4,9.903,0.5,0.5,single
481,videos/XOA5P6Ph6kY_00.mp4,14.9835,0.5,0.5,single
482,videos/KcWnZOH5CK8_00.mp4,2.6665,0.5,0.5,single
483,videos/Nn10f6awuTk_00.mp4,13.096,0.5,0.5,single
484,videos/e__4RhcKov4_00.mp4,14.979,0.5,0.5,t-bone
485,videos/jaCr2wkcYJ8_00.mp4,14.979,0.5,0.5,single
486,videos/bw6JUt3iQls_00.mp4,14.9585,0.5,0.5,single
487,videos/sppaLXwUokY_00.mp4,12.4265,0.5,0.5,single
488,videos/YmswRbkR2YA_00.mp4,12.3335,0.5,0.5,single
489,videos/RBxSM1800xg_00.mp4,14.5205,0.5,0.5,single
490,videos/jbfxAh30dDc_00.mp4,3.6875,0.5,0.5,single
491,videos/YhXaFioaBfI_00.mp4,14.9585,0.5,0.5,single
492,videos/aliCOjgqdfU_00.mp4,7.4583335,0.5,0.5,single
493,videos/BVXW2dz2OYA_00.mp4,3.396,0.5,0.5,single
494,videos/sRM9RLRUYjI_00.mp4,11.433,0.5,0.5,single
495,videos/TvOF9UpguyM_00.mp4,14.9585,0.5,0.5,single
496,videos/zKzNUiaoHZI_00.mp4,4.7915,0.5,0.5,single
497,videos/HFgLNfSjd6g_00.mp4,2.9165,0.5,0.5,single
498,videos/YyJF_uXryNs_00.mp4,10.229,0.5,0.5,single
499,videos/YyJF_uXryNs_01.mp4,4.104,0.5,0.5,single
500,videos/EpkEvZLzKko_00.mp4,14.979,0.5,0.5,t-bone
501,videos/vXrwMyoMA4c_00.mp4,12.5335,0.5,0.5,single
502,videos/9VsL3A3PJ1Q_00.mp4,4.5,0.5,0.5,single
503,videos/W1hVOBEgpJA_00.mp4,12.4875,0.5,0.5,single
504,videos/mz-y5-ksDA8_00.mp4,13.25,0.5,0.5,single
505,videos/BGxp7NOV0AQ_00.mp4,14.979,0.5,0.5,t-bone
506,videos/4j9OcguWbcA_00.mp4,15.0165,0.5,0.5,single
507,videos/mgl0K0RP_y8_00.mp4,15.0165,0.5,0.5,single
508,videos/SvX1Ifafid0_00.mp4,11.2291665,0.5,0.5,single
509,videos/IrzdCEl72lc_00.mp4,3.6665,0.5,0.5,single
510,videos/DU2mJPGb3ys_00.mp4,10.75,0.5,0.5,t-bone
511,videos/Gi1LR7ikvBo_00.mp4,14.979,0.5,0.5,single
512,videos/Zq0TjWFlXQI_00.mp4,14.9791665,0.5,0.5,single
513,videos/mTYWjKznhOY_00.mp4,14.979,0.5,0.5,single
514,videos/ifCSaYvb0JA_00.mp4,11.875,0.5,0.5,single
515,videos/pS8q0o3ygtI_00.mp4,3.9375,0.5,0.5,single
516,videos/sja7nF8p6tw_00.mp4,14.9791665,0.5,0.5,single
517,videos/82garGyvexA_00.mp4,3.7665,0.5,0.5,rear-end
518,videos/WbLH4FMzHeo_00.mp4,7.9165,0.5,0.5,single
519,videos/PD-N1gMJNXg_00.mp4,13.8333335,0.5,0.5,single
520,videos/6MBstMRZV9g_00.mp4,14.979,0.5,0.5,t-bone
521,videos/nRLaHoFoa8s_00.mp4,14.8335,0.5,0.5,single
522,videos/DHG33zf-bkk_00.mp4,14.979,0.5,0.5,single
523,videos/MRyEislt23s_00.mp4,12.271,0.5,0.5,single
524,videos/FFkOuMBHngY_00.mp4,14.958333,0.5,0.5,single
525,videos/jiOupTjSods_00.mp4,13.2665,0.5,0.5,single
526,videos/7O4STdn35L0_00.mp4,3.8335,0.5,0.5,t-bone
527,videos/gtKsxCrjJ2Q_00.mp4,14.979,0.5,0.5,single
528,videos/QbTAfMWdSN0_00.mp4,14.875,0.5,0.5,t-bone
529,videos/TSHPa6dU_yo_00.mp4,14.9585,0.5,0.5,t-bone
530,videos/uwi_3_tL3us_00.mp4,3.0665,0.5,0.5,single
531,videos/EAXHuVGCmSA_00.mp4,14.9791665,0.5,0.5,single
532,videos/PYeSHbpGyn4_00.mp4,8.396,0.5,0.5,single
533,videos/C7fGGRaVtJs_00.mp4,3.271,0.5,0.5,single
534,videos/FImmtvW8KUI_00.mp4,13.458333,0.5,0.5,single
535,videos/5bxGXH9wjOs_00.mp4,4.396,0.5,0.5,single
536,videos/5bxGXH9wjOs_01.mp4,11.729,0.5,0.5,single
537,videos/9Pfq8OtTeQA_00.mp4,3.479,0.5,0.5,single
538,videos/LDFzVFnuKIg_00.mp4,15.0,0.5,0.5,single
539,videos/ZZM8_m1ngcc_00.mp4,14.9791665,0.5,0.5,single
540,videos/kM5FhXJsyWA_00.mp4,13.7335,0.5,0.5,single
541,videos/Mz3oLId8I5Y_00.mp4,12.104,0.5,0.5,single
542,videos/_NywzqOXZGE_00.mp4,2.771,0.5,0.5,single
543,videos/C5Vqz3BcyAs_00.mp4,4.0835,0.5,0.5,single
544,videos/nS5_c56gJKM_00.mp4,14.979,0.5,0.5,single
545,videos/QfxL7R00yJE_00.mp4,13.1665,0.5,0.5,single
546,videos/WeNSWeu3fe4_00.mp4,14.979,0.5,0.5,t-bone
547,videos/rEKHRhOLjm4_00.mp4,12.7395,0.5,0.5,single
548,videos/PIcPcm3xtX8_00.mp4,3.5625,0.5,0.5,single
549,videos/6z5WuGfCv1U_00.mp4,13.104,0.5,0.5,single
550,videos/2CilSgyYnK0_00.mp4,15.0,0.5,0.5,single
551,videos/ov4h43VcSuQ_00.mp4,14.979,0.5,0.5,single
552,videos/gmz3d4kegRk_00.mp4,12.7355,0.5,0.5,single
553,videos/VXFyQ2zekTg_00.mp4,2.367,0.5,0.5,t-bone
554,videos/d0uvO8FDM6U_00.mp4,4.396,0.5,0.5,single
555,videos/_wf9h2X_uU0_00.mp4,2.3335,0.5,0.5,single
556,videos/Gg9E2AQBMpM_00.mp4,14.9583335,0.5,0.5,single
557,videos/o5neAPqmNm8_00.mp4,10.25,0.5,0.5,single
558,videos/uD3kjTme_dU_00.mp4,4.271,0.5,0.5,single
559,videos/uD3kjTme_dU_01.mp4,1.5,0.5,0.5,single
560,videos/gRuYZISmQ3k_00.mp4,14.8235295,0.5,0.5,single
561,videos/c2lwfGKeaQU_00.mp4,12.6665,0.5,0.5,single
562,videos/Sv7nUzdTUDo_00.mp4,11.5,0.5,0.5,single
563,videos/RHwcGsU3d08_00.mp4,14.9791665,0.5,0.5,single
564,videos/HjA3G2yYrNg_00.mp4,7.5335,0.5,0.5,t-bone
565,videos/kR4rLZ7ANAQ_00.mp4,4.1665,0.5,0.5,t-bone
566,videos/Tx7F-6IsLCU_00.mp4,7.4,0.5,0.5,single
567,videos/ZQ4epUNXIYU_00.mp4,14.979,0.5,0.5,single
568,videos/DksclwuFCXI_00.mp4,12.8125,0.5,0.5,single
569,videos/7sPi12elNPc_00.mp4,11.25,0.5,0.5,single
570,videos/BX8gqiZIIHs_00.mp4,4.9,0.5,0.5,single
571,videos/CIN6BgkbMDQ_00.mp4,14.6955,0.5,0.5,t-bone
572,videos/CftpplTN-Qc_00.mp4,14.9375,0.5,0.5,t-bone
573,videos/qWlYogH_23M_00.mp4,14.979,0.5,0.5,t-bone
574,videos/pVzWMPYJOrI_00.mp4,4.0625,0.5,0.5,single
575,videos/R9u_i3M7YYA_00.mp4,12.3835,0.5,0.5,single
576,videos/RKxTyn2z-QQ_00.mp4,14.979,0.5,0.5,single
577,videos/D6jE82ExHv4_00.mp4,2.396,0.5,0.5,single
578,videos/D6jE82ExHv4_01.mp4,12.229,0.5,0.5,single
579,videos/MenTH2yFi6c_00.mp4,15.0,0.5,0.5,t-bone
580,videos/h9vCRW9MVKI_00.mp4,14.979,0.5,0.5,single
581,videos/F40LX7-M7xc_00.mp4,14.104,0.5,0.5,t-bone
582,videos/_KmJLS_TJKY_00.mp4,14.9791665,0.5,0.5,t-bone
583,videos/8jfM1_kqjuY_00.mp4,14.9165,0.5,0.5,t-bone
584,videos/32Ou4XKEmgs_00.mp4,11.521,0.5,0.5,single
585,videos/NxY_zN9UWqA_00.mp4,14.979,0.5,0.5,single
586,videos/YP7fpPBpqis_00.mp4,12.5835,0.5,0.5,single
587,videos/ufVELUluHJE_00.mp4,8.0165,0.5,0.5,single
588,videos/jBUe4pPfIEg_00.mp4,14.979,0.5,0.5,t-bone
589,videos/HMh6V4MXD38_00.mp4,7.8333335,0.5,0.5,single
590,videos/uC7g8msxRak_00.mp4,11.8125,0.5,0.5,single
591,videos/LrMyR9M_g3I_00.mp4,14.9585,0.5,0.5,single
592,videos/3Jiii8dJ4UY_00.mp4,14.979,0.5,0.5,single
593,videos/mEEMZBZHIrc_00.mp4,14.9535,0.5,0.5,single
594,videos/QE6eIgOY5v8_00.mp4,2.208,0.5,0.5,single
595,videos/yaP_9SJBWUg_00.mp4,15.181833,0.5,0.5,single
596,videos/-dqVECYKOk4_00.mp4,13.271,0.5,0.5,single
597,videos/THjJUsS8MXk_00.mp4,15.0335,0.5,0.5,single
598,videos/wVHxOW_jAvo_00.mp4,11.3958335,0.5,0.5,t-bone
599,videos/yA0g2eWjmNs_00.mp4,14.9585,0.5,0.5,single
600,videos/FGZ7r8JC1MY_00.mp4,9.4375,0.5,0.5,single
601,videos/YkJBdoMtBfU_00.mp4,3.5335,0.5,0.5,single
602,videos/YkJBdoMtBfU_01.mp4,12.1,0.5,0.5,single
603,videos/y-yIv_dFHuc_00.mp4,3.781,0.5,0.5,single
604,videos/x7R33QUiHHM_00.mp4,15.0,0.5,0.5,single
605,videos/Ok6RsksG3fY_00.mp4,14.9585,0.5,0.5,single
606,videos/xBSWuwJElBc_00.mp4,6.3333335,0.5,0.5,t-bone
607,videos/w-oDFvzkC8o_00.mp4,12.6095,0.5,0.5,single
608,videos/aP-xY6fjndg_00.mp4,14.975,0.5,0.5,t-bone
609,videos/1ySfr7IZBs8_00.mp4,12.0205,0.5,0.5,single
610,videos/0jlyeLcFLVc_00.mp4,12.896,0.5,0.5,single
611,videos/kkwEN_zBCx8_00.mp4,7.95,0.5,0.5,rear-end
612,videos/kkwEN_zBCx8_01.mp4,3.4833335,0.5,0.5,rear-end
613,videos/kkwEN_zBCx8_02.mp4,6.6666665,0.5,0.5,single
614,videos/nbSL1Tri9gc_00.mp4,2.8665,0.5,0.5,single
615,videos/h7MY4vNQ2Ak_00.mp4,14.967,0.5,0.5,t-bone
616,videos/IlublX9hlVc_00.mp4,14.979,0.5,0.5,t-bone
617,videos/fcJD3Xt4zzA_00.mp4,14.979,0.5,0.5,t-bone
618,videos/5caUHPE480M_00.mp4,13.26,0.5,0.5,single
619,videos/eilpGahN9JI_00.mp4,14.979,0.5,0.5,single
620,videos/EJodW3XFdU4_00.mp4,15.0,0.5,0.5,t-bone
621,videos/JvLt2kMm3Qs_00.mp4,3.354,0.5,0.5,single
622,videos/qfCt6R_rTMY_00.mp4,14.979,0.5,0.5,single
623,videos/u4lFhg1C20o_00.mp4,14.9835,0.5,0.5,t-bone
624,videos/Uc85umAPCc0_00.mp4,15.0,0.5,0.5,t-bone
625,videos/eZGqsmnXpHQ_00.mp4,4.517,0.5,0.5,single
626,videos/jzIahqK1XpM_00.mp4,14.98,0.5,0.5,t-bone
627,videos/7ufiKhY4D_Y_00.mp4,14.9835,0.5,0.5,single
628,videos/vcN-clDH2A8_00.mp4,14.9835,0.5,0.5,t-bone
629,videos/R29vBQmDFq4_00.mp4,15.0,0.5,0.5,single
630,videos/oXHq9qN7jyk_00.mp4,14.979,0.5,0.5,single
631,videos/dI-ueIMSLZQ_00.mp4,14.9835,0.5,0.5,single
632,videos/aPenMcX0LNY_00.mp4,13.0835,0.5,0.5,single
633,videos/PI75_k43UTI_00.mp4,4.82,0.5,0.5,single
634,videos/QeZz4_zmy1I_00.mp4,10.75,0.5,0.5,single
635,videos/pcT3Lr767_M_00.mp4,8.7835,0.5,0.5,single
636,videos/6rvo5STkUPw_00.mp4,14.9835,0.5,0.5,t-bone
637,videos/gzu1NnmXMuY_00.mp4,7.4665,0.5,0.5,single
638,videos/X0SCL-_zJ3o_00.mp4,14.9835,0.5,0.5,single
639,videos/fxiCDDZx2YM_00.mp4,15.0,0.5,0.5,single
640,videos/jrbryXS0w74_00.mp4,15.0,0.5,0.5,single
641,videos/Urin3yuptr8_00.mp4,14.9835,0.5,0.5,single
642,videos/rJaAl_YfQiM_00.mp4,14.9835,0.5,0.5,single
643,videos/H6DKiF_kwIs_00.mp4,14.104500000000002,0.5,0.5,single
644,videos/kbpb8IGOAP0_00.mp4,14.9585,0.5,0.5,single
645,videos/2dgMA7afLFc_00.mp4,11.897,0.5,0.5,single
646,videos/zDgcljcRR8A_00.mp4,14.9835,0.5,0.5,single
647,videos/KfSjYfTH-H4_00.mp4,14.98,0.5,0.5,single
648,videos/1ot_Dyi6XyI_00.mp4,14.9835,0.5,0.5,single
649,videos/llwNilbilqg_00.mp4,15.0,0.5,0.5,single
650,videos/ITHSYGUkuV8_00.mp4,14.9835,0.5,0.5,single
651,videos/dW7rp-cXNMY_00.mp4,15.0,0.5,0.5,t-bone
652,videos/QSPGXxzUXVs_00.mp4,14.98,0.5,0.5,t-bone
653,videos/24R72DZBQ5k_00.mp4,12.917,0.5,0.5,single
654,videos/9eE5_INjzaQ_00.mp4,2.6335,0.5,0.5,single
655,videos/vii3d_HkqvY_00.mp4,5.65,0.5,0.5,single
656,videos/qzOpk_d1pGU_00.mp4,9.4655,0.5,0.5,single
657,videos/3yNBYymxHys_00.mp4,14.9835,0.5,0.5,single
658,videos/cVil8sERLjg_00.mp4,6.4165,0.5,0.5,single
659,videos/kMm9K4FKQyA_00.mp4,14.983,0.5,0.5,single
660,videos/nKC_z-VEBfE_00.mp4,14.98,0.5,0.5,rear-end
661,videos/nnY1sFj3-Ag_00.mp4,11.467,0.5,0.5,single
662,videos/CRFFj83OIDU_00.mp4,7.52,0.5,0.5,t-bone
663,videos/l_2BO67srNo_00.mp4,4.0165,0.5,0.5,single
664,videos/M7tbQSvMe5o_00.mp4,14.9835,0.5,0.5,single
665,videos/FNS3OiJwL0k_00.mp4,14.9835,0.5,0.5,single
666,videos/X59Tadp1bjg_00.mp4,15.0,0.5,0.5,single
667,videos/zSujHC7MOcU_00.mp4,14.98,0.5,0.5,t-bone
668,videos/oeRlPluv-eY_00.mp4,12.3165,0.5,0.5,single
669,videos/bDLOyLAi51k_00.mp4,12.82,0.5,0.5,single
670,videos/V9uox3MIVrA_00.mp4,15.0,0.5,0.5,single
671,videos/dEINXAEIQjA_00.mp4,4.18,0.5,0.5,single
672,videos/AFK28KnqDOQ_00.mp4,1.88,0.5,0.5,t-bone
673,videos/Mujpcz6MX4g_00.mp4,14.9835,0.5,0.5,t-bone
674,videos/HYr1QeHHFkI_00.mp4,14.9835,0.5,0.5,single
675,videos/_SK-OKBNWj0_00.mp4,11.35,0.5,0.5,single
676,videos/0jCQy-BZ1uw_00.mp4,14.9835,0.5,0.5,t-bone
677,videos/UntkxMpwFSY_00.mp4,14.9835,0.5,0.5,t-bone
678,videos/c3B2ddiaBcQ_00.mp4,14.9835,0.5,0.5,single
679,videos/Sm-U6h1VUYQ_00.mp4,14.9835,0.5,0.5,t-bone
680,videos/r-k-zVvecKs_00.mp4,7.395833,0.5,0.5,t-bone
681,videos/cSCM3PYMKRo_00.mp4,14.531183,0.5,0.5,single
682,videos/cSCM3PYMKRo_01.mp4,11.6116,0.5,0.5,single
683,videos/YQxqeP2Q_-M_00.mp4,14.98,0.5,0.5,t-bone
684,videos/FAEmPbAt0Wk_00.mp4,14.9835,0.5,0.5,t-bone
685,videos/HC89136mZXs_00.mp4,14.979,0.5,0.5,single
686,videos/UZmfc00aSSQ_00.mp4,9.696,0.5,0.5,single
687,videos/NHOOHKL_z8s_00.mp4,14.9791665,0.5,0.5,t-bone
688,videos/dbIlU1q8lfM_00.mp4,14.9791665,0.5,0.5,t-bone
689,videos/u3KPKXc9A1c_00.mp4,15.0,0.5,0.5,t-bone
690,videos/fFxTIUK_Ju0_00.mp4,14.958333,0.5,0.5,t-bone
691,videos/fd3l6Z3OSXE_00.mp4,14.9791665,0.5,0.5,t-bone
692,videos/jriayW0n33c_00.mp4,14.9791665,0.5,0.5,t-bone
693,videos/iiBMFJqcrGY_00.mp4,15.0,0.5,0.5,single
694,videos/3AvjUT91bJA_00.mp4,14.9791665,0.5,0.5,t-bone
695,videos/ssoscEvTTLc_00.mp4,2.9795,0.5,0.5,single
696,videos/WagIvmw1jcI_00.mp4,4.125,0.5,0.5,single
697,videos/WagIvmw1jcI_01.mp4,2.1875,0.5,0.5,single
698,videos/tJlFR_bbD6s_00.mp4,7.2915,0.5,0.5,single
699,videos/NbRmwSIXDzw_00.mp4,14.958333,0.5,0.5,t-bone
700,videos/joRCqlk5sSA_00.mp4,14.9791665,0.5,0.5,t-bone
701,videos/Sb3SaOYjrrs_00.mp4,14.9791665,0.5,0.5,t-bone
702,videos/Xy3P5EhdZ7k_00.mp4,14.9482665,0.5,0.5,t-bone
703,videos/xCSV8hDQPDo_00.mp4,15.05,0.5,0.5,single
704,videos/9eOu-gdsJD4_00.mp4,14.9791665,0.5,0.5,t-bone
705,videos/_75B7Y8QaX0_00.mp4,6.1041665,0.5,0.5,single
706,videos/klHFoVQo--8_00.mp4,3.5999999999999996,0.5,0.5,single
707,videos/ja62cRF2tbQ_00.mp4,13.791667,0.5,0.5,single
708,videos/QGE0dV-iaSY_00.mp4,2.6665,0.5,0.5,single
709,videos/NeOMWr9b_7I_00.mp4,11.6665,0.5,0.5,single
710,videos/XPErIB4xgYg_00.mp4,7.083333,0.5,0.5,single
711,videos/IjYlfr_dwaE_00.mp4,6.125,0.5,0.5,t-bone
712,videos/G4QrIWuvNoM_00.mp4,7.1665,0.5,0.5,single
713,videos/1jCpA4y5NHY_00.mp4,14.9835,0.5,0.5,single
714,videos/5CNGhR8vBBk_00.mp4,14.9835,0.5,0.5,single
715,videos/WouBHgQJBM4_00.mp4,14.9585,0.5,0.5,t-bone
716,videos/SUjTl7OifoA_00.mp4,14.9835,0.5,0.5,single
717,videos/ZyHloKpLTDs_00.mp4,15.0,0.5,0.5,single
718,videos/tmv5qTrk8H4_00.mp4,4.1875,0.5,0.5,single
719,videos/6Wt8Y2Z1dkc_00.mp4,14.9585,0.5,0.5,single
720,videos/dO_jtPluv5Q_00.mp4,12.607,0.5,0.5,single
721,videos/lRcaIAGppGs_00.mp4,14.9585,0.5,0.5,single
722,videos/R9r3my7Q7po_00.mp4,15.1666665,0.5,0.5,t-bone
723,videos/QaJHRtPAQRE_00.mp4,15.0,0.5,0.5,t-bone
724,videos/oCp56IFmInU_00.mp4,14.958333,0.5,0.5,t-bone
725,videos/pyL525xZdfw_00.mp4,4.625,0.5,0.5,single
726,videos/HQSjoUe8M8U_00.mp4,14.9791665,0.5,0.5,single
727,videos/U46ElqUKa_4_00.mp4,13.55,0.5,0.5,single
728,videos/C5OJEzm0dio_00.mp4,4.4166665,0.5,0.5,single
729,videos/mh2N02NQ-bQ_00.mp4,14.979,0.5,0.5,t-bone
730,videos/zWKHAyNKlF4_00.mp4,15.0165,0.5,0.5,single
731,videos/2wWw4MidlLY_00.mp4,15.0,0.5,0.5,t-bone
732,videos/mD8Lu8KAoYc_00.mp4,2.2291665,0.5,0.5,t-bone
733,videos/J4QZ5vJy-3E_00.mp4,14.708333,0.5,0.5,t-bone
734,videos/gACmlFi5x0A_00.mp4,12.6,0.5,0.5,single
735,videos/Rsl5cRsKZQ8_00.mp4,7.75,0.5,0.5,single
736,videos/hQJqYD_MpRw_00.mp4,14.979,0.5,0.5,t-bone
737,videos/P74ieG--On8_00.mp4,7.765,0.5,0.5,single
738,videos/oiF_zB8j6MM_00.mp4,14.9835,0.5,0.5,single
739,videos/-z1jK6UwRec_00.mp4,14.9585,0.5,0.5,single
740,videos/K4we-6FhePo_00.mp4,15.0,0.5,0.5,single
741,videos/dPXXrFXPqGc_00.mp4,8.146,0.5,0.5,t-bone
742,videos/MXO-t9vukaM_00.mp4,1.895833,0.5,0.5,single
743,videos/dCV66Y9tV1s_00.mp4,13.6835,0.5,0.5,single
744,videos/idAIp622PoY_00.mp4,12.5,0.5,0.5,single
745,videos/o51jfgj-KEA_00.mp4,14.9585,0.5,0.5,t-bone
746,videos/Xdpsr1GVl4U_00.mp4,15.021,0.5,0.5,t-bone
747,videos/-_J5xdxCZZU_00.mp4,4.7916665,0.5,0.5,t-bone
748,videos/aMOOElIYyiU_00.mp4,14.9791665,0.5,0.5,single
749,videos/oc1DL7vLskc_00.mp4,14.9835,0.5,0.5,t-bone
750,videos/Ej9_uEsIejA_00.mp4,14.979,0.5,0.5,t-bone
751,videos/9j0swlmm6eg_00.mp4,14.9835,0.5,0.5,single
752,videos/OcSiHrgFRNs_00.mp4,15.06,0.5,0.5,rear-end
753,videos/6rWXOsN-MDM_00.mp4,15.0,0.5,0.5,t-bone
754,videos/FKB8WfghbV0_00.mp4,15.0335,0.5,0.5,t-bone
755,videos/Dupsb1RMpXM_00.mp4,11.5,0.5,0.5,single
756,videos/YWFPaOR1CZc_00.mp4,12.333,0.5,0.5,single
757,videos/L821I_3rs6Y_00.mp4,12.7665,0.5,0.5,single
758,videos/1hJlpaZsYa8_00.mp4,5.0,0.5,0.5,t-bone
759,videos/J4EFIegLA-I_00.mp4,15.0,0.5,0.5,t-bone
760,videos/fLdSFP_8PJ4_00.mp4,14.9835,0.5,0.5,t-bone
761,videos/knWz2A2w3Ts_00.mp4,14.9835,0.5,0.5,t-bone
762,videos/vWus0so2b0w_00.mp4,9.3165,0.5,0.5,t-bone
763,videos/typL5MlQdQU_00.mp4,15.0,0.5,0.5,t-bone
764,videos/91JpOFnaiD4_00.mp4,5.9585,0.5,0.5,single
765,videos/Zt2cNzpQIZc_00.mp4,3.48,0.5,0.5,t-bone
766,videos/1D0KxP4drTU_00.mp4,6.9736335,0.5,0.5,single
767,videos/5TdEe3ikbEM_00.mp4,4.4916665,0.5,0.5,rear-end
768,videos/5TdEe3ikbEM_01.mp4,4.0416669999999995,0.5,0.5,single
769,videos/zz0qZ-sSCbY_00.mp4,4.36,0.5,0.5,single
770,videos/CLxtkUlDwYs_00.mp4,7.5065,0.5,0.5,t-bone
771,videos/D7D-zT4wxC4_00.mp4,7.3665,0.5,0.5,single
772,videos/S4pRVJ-We44_00.mp4,7.3235,0.5,0.5,single
773,videos/mM1mhT8o578_00.mp4,15.05,0.5,0.5,single
774,videos/Dum9n19ZHYk_00.mp4,7.223,0.5,0.5,single
775,videos/neRsGdCvROM_00.mp4,13.9665,0.5,0.5,single
776,videos/QQ3MyzcyOL4_00.mp4,12.6165,0.5,0.5,t-bone
777,videos/EEYAqpWdNAE_00.mp4,13.9375,0.5,0.5,t-bone
778,videos/Ex8VtDfLq8M_00.mp4,5.15,0.5,0.5,single
779,videos/OlkuOuXVfQ8_00.mp4,15.0,0.5,0.5,single
780,videos/BFN3VYJ9ARs_00.mp4,12.6665,0.5,0.5,single
781,videos/JmRMCNbbhOY_00.mp4,13.9,0.5,0.5,single
782,videos/iQbsvy9KGC8_00.mp4,6.6165,0.5,0.5,t-bone
783,videos/-PpBteU0p3Q_00.mp4,14.979,0.5,0.5,single
784,videos/ozCjkCKp6DQ_00.mp4,12.15,0.5,0.5,t-bone
785,videos/oocg-wnFMDE_00.mp4,14.979,0.5,0.5,single
786,videos/Zw3DbNY6ZpE_00.mp4,14.9835,0.5,0.5,t-bone
787,videos/g1vKgJ9RN8c_00.mp4,4.517,0.5,0.5,single
788,videos/NJvjYUBWAc0_00.mp4,12.58,0.5,0.5,single
789,videos/CpBPz9n7_Rg_00.mp4,12.5,0.5,0.5,single
790,videos/3wK_g1985p4_00.mp4,14.9835,0.5,0.5,single
791,videos/AOlLjNQ2vu4_00.mp4,14.9585,0.5,0.5,single
792,videos/3dIt2gBnS7o_00.mp4,11.875,0.5,0.5,single
793,videos/w_4-UPeU_zc_00.mp4,12.7445,0.5,0.5,single
794,videos/Uf-KkS36dZg_00.mp4,3.646,0.5,0.5,single
795,videos/IbJBE53NXZc_00.mp4,5.0415,0.5,0.5,single
796,videos/W0qpYlyc-Ws_00.mp4,14.9665,0.5,0.5,single
797,videos/LI8ZZcRlFV8_00.mp4,2.5415,0.5,0.5,single
798,videos/9AnFK85qRjM_00.mp4,4.625,0.5,0.5,single
799,videos/0J5lP1YbTHc_00.mp4,14.9665,0.5,0.5,single
800,videos/zjHAkzyXOCg_00.mp4,14.9835,0.5,0.5,single
801,videos/lfQuoQHfc4k_00.mp4,2.7835,0.5,0.5,single
802,videos/JM2EUK2Odg8_00.mp4,2.683,0.5,0.5,single
803,videos/oWLWFTK4QdU_00.mp4,4.8335,0.5,0.5,single
804,videos/oWLWFTK4QdU_01.mp4,5.1,0.5,0.5,single
805,videos/oWLWFTK4QdU_02.mp4,3.7165,0.5,0.5,single
806,videos/WyJmpozauFo_00.mp4,3.6335,0.5,0.5,single
807,videos/fbkRjY737QE_00.mp4,14.979,0.5,0.5,single
808,videos/XOIVTT7Fn9U_00.mp4,14.979,0.5,0.5,single
809,videos/5ZHUJ6AwHGA_00.mp4,7.5625,0.5,0.5,single
810,videos/vrkLno9PSfU_00.mp4,15.0,0.5,0.5,t-bone
811,videos/Vtp5G_Z5BZQ_00.mp4,3.1,0.5,0.5,single
812,videos/Vtp5G_Z5BZQ_01.mp4,2.2665,0.5,0.5,single
813,videos/mRbMWblAmzo_00.mp4,14.98,0.5,0.5,single
814,videos/3Gc1wi2Qp4g_00.mp4,14.9835,0.5,0.5,single
815,videos/cF1M5Rhn8Zs_00.mp4,4.5165,0.5,0.5,single
816,videos/rDkG2tN8W8o_00.mp4,12.726316,0.5,0.5,single
817,videos/hHLYbcQzL0U_00.mp4,3.9375,0.5,0.5,single
818,videos/F8PPMv46IQk_00.mp4,8.2335,0.5,0.5,rear-end
819,videos/p-Tdocrz9HI_00.mp4,12.8835,0.5,0.5,single
820,videos/kUsZnGYhevs_00.mp4,2.65,0.5,0.5,single
821,videos/9P_vAk9ZExI_00.mp4,15.0165,0.5,0.5,single
822,videos/vtXjJLurYMY_00.mp4,9.95,0.5,0.5,t-bone
823,videos/UCNyjybsbiU_00.mp4,12.7166665,0.5,0.5,t-bone
824,videos/x7yDzEf3TxM_00.mp4,14.9835,0.5,0.5,single
825,videos/BGXx55xRiic_00.mp4,14.9835,0.5,0.5,single
826,videos/jsh--BYn0pc_00.mp4,5.7665,0.5,0.5,single
827,videos/ggSUG42G9YE_00.mp4,14.9835,0.5,0.5,single
828,videos/qCDsyJKE1MA_00.mp4,15.0,0.5,0.5,single
829,videos/AjhYRdkLdRc_00.mp4,13.117,0.5,0.5,single
830,videos/nHKTuIJZA1U_00.mp4,2.9375,0.5,0.5,t-bone
831,videos/nKz4V0ajOgc_00.mp4,14.979,0.5,0.5,single
832,videos/N8kPF4qITIM_00.mp4,9.458333,0.5,0.5,single
833,videos/xwp9G0TuTUk_00.mp4,14.9835,0.5,0.5,single
834,videos/uGvzo8mRSSo_00.mp4,15.0,0.5,0.5,single
835,videos/Ov8CuX37yeo_00.mp4,10.9335,0.5,0.5,single
836,videos/1yWbvi0K6Eg_00.mp4,9.125,0.5,0.5,single
837,videos/EyZo7F2P35A_00.mp4,14.9835,0.5,0.5,single
838,videos/yTkouPWrmpU_00.mp4,13.6,0.5,0.5,single
839,videos/pnV5RLCskPI_00.mp4,15.0,0.5,0.5,single
840,videos/x4jVejiZNsI_00.mp4,15.0,0.5,0.5,single
841,videos/_Etcfb7cUH8_00.mp4,14.979,0.5,0.5,t-bone
842,videos/SWAI7FYPhjc_00.mp4,14.979,0.5,0.5,single
843,videos/GI1-kjZaEWM_00.mp4,12.8,0.5,0.5,single
844,videos/5mrzzNJQOug_00.mp4,14.9833335,0.5,0.5,single
845,videos/ue2PvUTPXTs_00.mp4,10.3125,0.5,0.5,single
846,videos/FOPldt8txP4_00.mp4,15.0,0.5,0.5,single
847,videos/FDjxbPaxmho_00.mp4,14.9835,0.5,0.5,single
848,videos/SH93O7eHV08_00.mp4,10.1455,0.5,0.5,single
849,videos/MvV_hkztDqE_00.mp4,14.9585,0.5,0.5,single
850,videos/HGediRhCK14_00.mp4,12.9165,0.5,0.5,single
851,videos/2IY6PpDm85k_00.mp4,10.542000000000002,0.5,0.5,t-bone
852,videos/Th2EbZpLkrk_00.mp4,12.7835,0.5,0.5,single
853,videos/5ZYWhoVVLGI_00.mp4,12.6835,0.5,0.5,single
854,videos/IrdhgFvZE1Y_00.mp4,4.5,0.5,0.5,single
855,videos/0Kh7K1ftejg_00.mp4,1.1665,0.5,0.5,single
856,videos/qdHRfSReZ0w_00.mp4,3.5169999999999995,0.5,0.5,single
857,videos/0sxbjc7SAZA_00.mp4,14.9835,0.5,0.5,single
858,videos/egyW5DsK8BQ_00.mp4,6.396,0.5,0.5,single
859,videos/A6Ut8jw-oLs_00.mp4,14.9791665,0.5,0.5,t-bone
860,videos/6Xd4Xk76ylQ_00.mp4,14.9791665,0.5,0.5,t-bone
861,videos/Qbgh3C8ew2o_00.mp4,14.9816335,0.5,0.5,t-bone
862,videos/P7BOK9E4kS8_00.mp4,14.9791665,0.5,0.5,single
863,videos/Cu3dl1ABN2k_00.mp4,12.0,0.5,0.5,t-bone
864,videos/ed96OpSybeQ_00.mp4,15.1151,0.5,0.5,t-bone
865,videos/W1YnYuUFxwg_00.mp4,14.9791665,0.5,0.5,t-bone
866,videos/MQI5ApNNZPI_00.mp4,15.0250695,0.5,0.5,single
867,videos/k9lZ453AVO8_00.mp4,13.375,0.5,0.5,t-bone
868,videos/JDc09Tn1tR8_00.mp4,14.9585,0.5,0.5,single
869,videos/a3T2DygvH4w_00.mp4,14.979,0.5,0.5,t-bone
870,videos/7KAkcOyPqkw_00.mp4,3.646,0.5,0.5,single
871,videos/2UWHJTklurQ_00.mp4,5.8335,0.5,0.5,single
872,videos/i09Z9tesnac_00.mp4,14.9585,0.5,0.5,single
873,videos/T5396f4sJ5w_00.mp4,8.0415,0.5,0.5,single
874,videos/r_Ca7EkJDdg_00.mp4,5.895833,0.5,0.5,single
875,videos/8j-qfY6_Bxg_00.mp4,6.645833,0.5,0.5,t-bone
876,videos/iKpoAkiKqjw_00.mp4,2.25,0.5,0.5,single
877,videos/OdgIl355A80_00.mp4,3.520833,0.5,0.5,single
878,videos/hAaMPL2ieyE_00.mp4,14.9585,0.5,0.5,single
879,videos/9KTcbXYyzWI_00.mp4,14.958333,0.5,0.5,single
880,videos/4RAe_LEFTTU_00.mp4,14.9791665,0.5,0.5,single
881,videos/gnyMlVu3LzY_00.mp4,13.479,0.5,0.5,single
882,videos/vPWarRX_sVI_00.mp4,14.9791665,0.5,0.5,single
883,videos/ntjBOrqvD6Q_00.mp4,14.983333,0.5,0.5,single
884,videos/_5e--tkpUck_00.mp4,14.979,0.5,0.5,single
885,videos/xsX4nrMR0ds_00.mp4,14.979,0.5,0.5,single
886,videos/3oxYxwfTwro_00.mp4,3.16,0.5,0.5,t-bone
887,videos/6yQNWmpmUPk_00.mp4,14.8335,0.5,0.5,single
888,videos/J19P9fWUj2U_00.mp4,14.9585,0.5,0.5,single
889,videos/8ZzJdjQi-aM_00.mp4,3.8103450000000003,0.5,0.5,single
890,videos/vqIPnFuQ22c_00.mp4,15.0,0.5,0.5,single
891,videos/yD3Q70U-bD4_00.mp4,14.983333,0.5,0.5,single
892,videos/RokQ01Hx_Fg_00.mp4,14.9835,0.5,0.5,single
893,videos/6fIB4cD0IrE_00.mp4,12.767,0.5,0.5,single
894,videos/yWyxEWTof1A_00.mp4,10.5,0.5,0.5,single
895,videos/_Bm8NYVbTN4_00.mp4,14.979,0.5,0.5,single
896,videos/coukijt9MpI_00.mp4,10.7335,0.5,0.5,single
897,videos/kgfitHjT3cs_00.mp4,14.9585,0.5,0.5,single
898,videos/jopSKVpAIos_00.mp4,14.9375,0.5,0.5,single
899,videos/QrKQoabj12w_00.mp4,14.979,0.5,0.5,single
900,videos/neosg71VJkY_00.mp4,15.05,0.5,0.5,single
901,videos/5uh8-3q51uI_00.mp4,14.983333,0.5,0.5,single
902,videos/udxjyNtNiV4_00.mp4,14.9835,0.5,0.5,single
903,videos/cZkJ009T8mU_00.mp4,14.983333,0.5,0.5,single
904,videos/DZBg6CcIi6Y_00.mp4,15.0333335,0.5,0.5,t-bone
905,videos/cYwpWiiwZro_00.mp4,15.0,0.5,0.5,single
906,videos/wQ0jtlL3tbA_00.mp4,14.983333,0.5,0.5,single
907,videos/aw8RbjIaKKA_00.mp4,15.0,0.5,0.5,single
908,videos/NXGMpjaYFsw_00.mp4,14.9835,0.5,0.5,single
909,videos/iAsAPYpjkS8_00.mp4,14.9835,0.5,0.5,single
910,videos/y7FiOf3tpnk_00.mp4,14.9375,0.5,0.5,single
911,videos/l1_qLRlQw8U_00.mp4,14.9375,0.5,0.5,single
912,videos/iKor62WhYgc_00.mp4,14.979,0.5,0.5,t-bone
913,videos/5GV2ouD2_hA_00.mp4,14.694,0.5,0.5,single
914,videos/k88wOc1q7kI_00.mp4,14.9165,0.5,0.5,t-bone
915,videos/42g5gRbzYhY_00.mp4,4.8833335,0.5,0.5,single
916,videos/42g5gRbzYhY_01.mp4,4.7333335,0.5,0.5,single
917,videos/x8GY43DccAs_00.mp4,10.3,0.5,0.5,single
918,videos/unTKXNwIN1A_00.mp4,12.8835,0.5,0.5,t-bone
919,videos/oGQRRhrK2LA_00.mp4,7.8165,0.5,0.5,t-bone
920,videos/SA_ZC0qlqdg_00.mp4,12.2665,0.5,0.5,t-bone
921,videos/lj2jsTChFEo_00.mp4,13.8335,0.5,0.5,single
922,videos/aLrHglJ_H6o_00.mp4,3.5335,0.5,0.5,single
923,videos/yd7QK62ESfM_00.mp4,15.0,0.5,0.5,t-bone
924,videos/7jr-TzLKTrU_00.mp4,7.65,0.5,0.5,t-bone
925,videos/rk8CtIpbG5w_00.mp4,14.983333,0.5,0.5,single
926,videos/pyq3j3CobZ0_00.mp4,4.8166665,0.5,0.5,t-bone
927,videos/Y3OQspLTLok_00.mp4,14.983333,0.5,0.5,t-bone
928,videos/64ZEWTQY7SY_00.mp4,15.0665,0.5,0.5,single
929,videos/tmZqFNBoF-E_00.mp4,15.0,0.5,0.5,t-bone
930,videos/7ZCKQq8C3X0_00.mp4,14.983333,0.5,0.5,single
931,videos/soihnyrvZms_00.mp4,8.2835,0.5,0.5,single
932,videos/6wS8Dv8-S8s_00.mp4,14.983333,0.5,0.5,t-bone
933,videos/m33jiO8xGLk_00.mp4,15.0335,0.5,0.5,single
934,videos/9XfMq4ikGTU_00.mp4,14.983333,0.5,0.5,t-bone
935,videos/_-XReeuhpiE_00.mp4,14.9835,0.5,0.5,single
936,videos/vR3sZ1IxPAo_00.mp4,7.65,0.5,0.5,single
937,videos/vR3sZ1IxPAo_01.mp4,7.325,0.5,0.5,single
938,videos/3gFe7GtkEPk_00.mp4,10.0,0.5,0.5,single
939,videos/ao3VuM_p4_8_00.mp4,12.600000000000001,0.5,0.5,single
940,videos/-T_E4YhtjyE_00.mp4,14.983333,0.5,0.5,single
941,videos/QfHs3610Fw4_00.mp4,14.983333,0.5,0.5,single
942,videos/75qRY47mjfQ_00.mp4,15.0665,0.5,0.5,t-bone
943,videos/TPVutn4rHsU_00.mp4,14.9835,0.5,0.5,t-bone
944,videos/6CW7HogT0ZA_00.mp4,6.483333000000001,0.5,0.5,single
945,videos/vC6P5GxfX-Q_00.mp4,14.9835,0.5,0.5,single
946,videos/obqvQOIyzL4_00.mp4,14.983333,0.5,0.5,single
947,videos/ob6zKCT1SGE_00.mp4,13.25,0.5,0.5,t-bone
948,videos/QnEqrBCB7Ak_00.mp4,14.983333,0.5,0.5,t-bone
949,videos/v45DbbZotgI_00.mp4,14.9835,0.5,0.5,single
950,videos/ZQOzzKybkTA_00.mp4,14.983333,0.5,0.5,single
951,videos/Vh13EbZJAiA_00.mp4,12.9665,0.5,0.5,single
952,videos/GtL1Onu28Iw_00.mp4,5.7666665,0.5,0.5,single
953,videos/BY9XdpYwLto_00.mp4,14.9835,0.5,0.5,t-bone
954,videos/cHJRsctghpY_00.mp4,15.0,0.5,0.5,t-bone
955,videos/aD4MQN4ZM18_00.mp4,3.0335,0.5,0.5,t-bone
956,videos/6eUG-Pp36_s_00.mp4,10.0335,0.5,0.5,t-bone
957,videos/ZkHzHo_PvIM_00.mp4,12.8,0.5,0.5,t-bone
958,videos/9tBAfjjPEkw_00.mp4,12.6165,0.5,0.5,t-bone
959,videos/GbIQab3ECjI_00.mp4,14.95,0.5,0.5,t-bone
960,videos/DTPQZJzsoXY_00.mp4,2.1335,0.5,0.5,t-bone
961,videos/Pjuu3TEEonY_00.mp4,5.2665,0.5,0.5,single
962,videos/swjfOB7CzTM_00.mp4,15.0,0.5,0.5,single
963,videos/aTlLIoo3nCE_00.mp4,10.35,0.5,0.5,single
964,videos/wSuWfSgwKZU_00.mp4,2.317,0.5,0.5,single
965,videos/Mk3DdsuI71U_00.mp4,14.983333,0.5,0.5,single
966,videos/mmEiKiU-ZLs_00.mp4,14.9835,0.5,0.5,single
967,videos/gKNkwyn6a-o_00.mp4,10.0333335,0.5,0.5,t-bone
968,videos/1koo-2ZTC9U_00.mp4,7.7165,0.5,0.5,single
969,videos/Cfot7TRlxAQ_00.mp4,3.1000000000000005,0.5,0.5,t-bone
970,videos/at2_tQSDlKg_00.mp4,14.983333,0.5,0.5,single
971,videos/jzFOvz-C9q0_00.mp4,13.7166665,0.5,0.5,single
972,videos/wJBN4-qBBWI_00.mp4,15.0335,0.5,0.5,single
973,videos/CuKoIfFdF_U_00.mp4,15.0,0.5,0.5,t-bone
974,videos/LosVYAhNYlY_00.mp4,3.7335,0.5,0.5,t-bone
975,videos/tAGibqigAx0_00.mp4,15.05,0.5,0.5,t-bone
976,videos/W5YikE19nkc_00.mp4,15.05,0.5,0.5,t-bone
977,videos/n4SC6GEp99A_00.mp4,15.0,0.5,0.5,t-bone
978,videos/QmNsR_29zIs_00.mp4,12.8165,0.5,0.5,t-bone
979,videos/0a405keDKpc_00.mp4,15.0335,0.5,0.5,single
980,videos/XGmx0mhtM_A_00.mp4,14.9835,0.5,0.5,t-bone
981,videos/hgm6sQUl8Yg_00.mp4,12.6,0.5,0.5,single
982,videos/WgD4Rf1J8P4_00.mp4,15.0,0.5,0.5,t-bone
983,videos/7Q6tqECKuVw_00.mp4,14.9835,0.5,0.5,single
984,videos/bMFK3B5qPiE_00.mp4,14.983333,0.5,0.5,single
985,videos/9BbYjDDO59w_00.mp4,1.8834999999999995,0.5,0.5,single
986,videos/r_hzgvP7sJg_00.mp4,15.0,0.5,0.5,t-bone
987,videos/rqXj43PDmBw_00.mp4,11.5665,0.5,0.5,single
988,videos/T1g7fA6Ad-g_00.mp4,12.6165,0.5,0.5,single
989,videos/7FzkwCUqP1Y_00.mp4,14.7835,0.5,0.5,t-bone
990,videos/Ly7szYRjMdw_00.mp4,7.3665,0.5,0.5,single
991,videos/jPM0jwxK2W8_00.mp4,15.0665,0.5,0.5,single
992,videos/9nmufil1vvo_00.mp4,7.4665,0.5,0.5,t-bone
993,videos/bUn3nfDgLEs_00.mp4,14.9835,0.5,0.5,t-bone
994,videos/4geYk_miUzo_00.mp4,14.983333,0.5,0.5,single
995,videos/4Bde0lYQ4mg_00.mp4,14.979,0.5,0.5,t-bone
996,videos/0PrAtifCwjg_00.mp4,14.9835,0.5,0.5,t-bone
997,videos/xUocvk0m-mc_00.mp4,14.9835,0.5,0.5,t-bone
998,videos/jNzHFeCP2DU_00.mp4,3.36,0.5,0.5,t-bone
999,videos/jhkWGmAajmE_00.mp4,12.527,0.5,0.5,single
1000,videos/gpRtEfxMkYc_00.mp4,14.979,0.5,0.5,single
1001,videos/R69Y-qYAuis_00.mp4,14.9585,0.5,0.5,single
1002,videos/ZTLYOhzf8Jw_00.mp4,10.3,0.5,0.5,single
1003,videos/QX2MmlSq2AQ_00.mp4,13.4835,0.5,0.5,single
1004,videos/Ns30XeulhHo_00.mp4,3.92,0.5,0.5,single
1005,videos/Ns30XeulhHo_01.mp4,1.94,0.5,0.5,single
1006,videos/Ns30XeulhHo_02.mp4,2.74,0.5,0.5,single
1007,videos/Ns30XeulhHo_03.mp4,3.5799999999999996,0.5,0.5,single
1008,videos/Ns30XeulhHo_04.mp4,2.92,0.5,0.5,single
1009,videos/Ns30XeulhHo_05.mp4,2.3,0.5,0.5,single
1010,videos/IOxe9lyfZRA_00.mp4,3.3195,0.5,0.5,single
1011,videos/dQ0ao_Yu7II_00.mp4,12.55,0.5,0.5,single
1012,videos/6oymx7wBmjw_00.mp4,7.007,0.5,0.5,t-bone
1013,videos/6oymx7wBmjw_01.mp4,2.002,0.5,0.5,t-bone
1014,videos/6oymx7wBmjw_02.mp4,1.6349665,0.5,0.5,t-bone
1015,videos/6oymx7wBmjw_03.mp4,4.4711335,0.5,0.5,single
1016,videos/6oymx7wBmjw_04.mp4,7.05705,0.5,0.5,t-bone
1017,videos/cZo9DI6DSIY_00.mp4,5.5889165,0.5,0.5,t-bone
1018,videos/cZo9DI6DSIY_01.mp4,13.4134,0.5,0.5,single
1019,videos/cZo9DI6DSIY_02.mp4,12.46245,0.5,0.5,single
1020,videos/cZo9DI6DSIY_03.mp4,4.8882165,0.5,0.5,single
1021,videos/nGzSLxoFILc_00.mp4,2.7360665,0.5,0.5,t-bone
1022,videos/jvM9Js5f9dI_00.mp4,10.604,0.5,0.5,single
1023,videos/p1ibbi6Pljw_00.mp4,14.979,0.5,0.5,single
1024,videos/9jZ67_1d5nU_00.mp4,5.1665,0.5,0.5,single
1025,videos/O0_rWZB5-xM_00.mp4,14.979,0.5,0.5,single
1026,videos/Lm_u8Ey-588_00.mp4,15.0,0.5,0.5,t-bone
1027,videos/hyZ-ZbPYabo_00.mp4,14.979,0.5,0.5,t-bone
1028,videos/YDret7_VHUQ_00.mp4,14.9835,0.5,0.5,t-bone
1029,videos/w5i2d9URq1I_00.mp4,14.9585,0.5,0.5,single
1030,videos/y6d2TfbeWFk_00.mp4,15.0,0.5,0.5,single
1031,videos/4VVOcbvXgdE_00.mp4,7.375,0.5,0.5,single
1032,videos/BcZnPHU8nvY_00.mp4,14.979,0.5,0.5,t-bone
1033,videos/meDGeTof2x0_00.mp4,14.9835,0.5,0.5,single
1034,videos/WXUOlgOESJ4_00.mp4,14.979,0.5,0.5,single
1035,videos/qFypaL4RVTw_00.mp4,12.5835,0.5,0.5,single
1036,videos/-Qt5bDJNT84_00.mp4,1.654,0.5,0.5,single
1037,videos/6AzIoSDn5Qs_00.mp4,9.0,0.5,0.5,single
1038,videos/6s2KTCCo1Hw_00.mp4,14.979,0.5,0.5,single
1039,videos/tSSn6ZA4cfI_00.mp4,14.9585,0.5,0.5,single
1040,videos/CJP-_jaZ3FQ_00.mp4,14.979,0.5,0.5,single
1041,videos/PxRDOMjsbE8_00.mp4,14.979,0.5,0.5,single
1042,videos/lM1uI0uKh-U_00.mp4,14.9585,0.5,0.5,single
1043,videos/ajxUuxbpAVQ_00.mp4,12.479,0.5,0.5,single
1044,videos/H0MCccZiB3M_00.mp4,15.0,0.5,0.5,t-bone
1045,videos/GDadq8Vznvc_00.mp4,14.979,0.5,0.5,t-bone
1046,videos/-qmYW4S3Xxo_00.mp4,14.979,0.5,0.5,t-bone
1047,videos/E7SZ9wPStb4_00.mp4,14.979,0.5,0.5,single
1048,videos/y-QrV0SN9V0_00.mp4,7.3125,0.5,0.5,single
1049,videos/fK7DAi8Ybvc_00.mp4,14.979,0.5,0.5,single
1050,videos/LSiLtoXajJE_00.mp4,15.0,0.5,0.5,single
1051,videos/_0RDZgCKPGo_00.mp4,13.3955,0.5,0.5,single
1052,videos/BdHk9yhbB94_00.mp4,14.979,0.5,0.5,t-bone
1053,videos/mCR74lvVPdY_00.mp4,14.979,0.5,0.5,single
1054,videos/xYbFnmG3-Og_00.mp4,14.979,0.5,0.5,t-bone
1055,videos/FaI91W7BO04_00.mp4,4.354,0.5,0.5,t-bone
1056,videos/lpeKVGzEaUk_00.mp4,14.9735,0.5,0.5,single
1057,videos/ZSgfKfHNOb8_00.mp4,13.625,0.5,0.5,single
1058,videos/w1jVynKgMzo_00.mp4,14.9835,0.5,0.5,single
1059,videos/l9KMgfV5BeU_00.mp4,13.433333,0.5,0.5,single
1060,videos/_j_q79xO2ug_00.mp4,43.75,0.5,0.5,single
1061,videos/hzxEJZNwy6s_00.mp4,57.478723,0.5,0.5,single
1062,videos/x5XPG-uYJlM_00.mp4,14.979,0.5,0.5,single
1063,videos/qigDKE0vaXw_00.mp4,11.6215,0.5,0.5,single
1064,videos/CtYbOZdwGkY_00.mp4,14.979,0.5,0.5,single
1065,videos/fK5Y7gMh21c_00.mp4,2.9585,0.5,0.5,t-bone
1066,videos/08gvKdY9xj4_00.mp4,15.0,0.5,0.5,single
1067,videos/yab6XEomWGM_00.mp4,14.979,0.5,0.5,single
1068,videos/YD-7Fnztg_4_00.mp4,14.979,0.5,0.5,single
1069,videos/hQVkdwPxafw_00.mp4,14.9375,0.5,0.5,single
1070,videos/dgWpyczEx7U_00.mp4,14.979,0.5,0.5,t-bone
1071,videos/20zWZEGQ7GY_00.mp4,14.9585,0.5,0.5,single
1072,videos/TvdgqAnb3QM_00.mp4,14.979,0.5,0.5,single
1073,videos/zBa7uxOYBd0_00.mp4,6.2,0.5,0.5,single
1074,videos/XtJodwSF_lQ_00.mp4,12.634,0.5,0.5,single
1075,videos/xNdcRobqvsc_00.mp4,12.1155,0.5,0.5,single
1076,videos/cdKTiLurgOI_00.mp4,14.995,0.5,0.5,single
1077,videos/x2ymyeli9Xc_00.mp4,11.7291665,0.5,0.5,single
1078,videos/4IUmjPBj5ik_00.mp4,9.9,0.5,0.5,rear-end
1079,videos/1Utldy8lKBo_00.mp4,3.5035,0.5,0.5,t-bone
1080,videos/pB-O0UY9gM8_00.mp4,1.9185835,0.5,0.5,single
1081,videos/pB-O0UY9gM8_01.mp4,2.9612915,0.5,0.5,single
1082,videos/s80RaghtMRk_00.mp4,1.36,0.5,0.5,t-bone
1083,videos/s80RaghtMRk_01.mp4,1.46,0.5,0.5,t-bone
1084,videos/s80RaghtMRk_02.mp4,2.04,0.5,0.5,t-bone
1085,videos/s80RaghtMRk_03.mp4,2.2,0.5,0.5,single
1086,videos/s80RaghtMRk_04.mp4,3.2,0.5,0.5,single
1087,videos/IQDkEcJP3rw_00.mp4,8.58,0.5,0.5,single
1088,videos/0ThWw_efieo_00.mp4,3.9831459999999996,0.5,0.5,single
1089,videos/0ThWw_efieo_01.mp4,8.4459375,0.5,0.5,single
1090,videos/P9JZFMr8NeQ_00.mp4,9.99,0.5,0.5,t-bone
1091,videos/5-sIe-O1b8I_00.mp4,14.7575,0.5,0.5,single
1092,videos/-PpjzmhI_PE_00.mp4,15.0,0.5,0.5,single
1093,videos/yS19DGEwcO4_00.mp4,14.979,0.5,0.5,single
1094,videos/NyKEneNoK54_00.mp4,15.0,0.5,0.5,single
1095,videos/Vk8h0fpJgcs_00.mp4,13.9,0.5,0.5,single
1096,videos/yZNmOYWiGY0_00.mp4,14.979,0.5,0.5,single
1097,videos/_DbmvhywZZ8_00.mp4,15.0,0.5,0.5,single
1098,videos/bsvWhFHgta8_00.mp4,3.9585,0.5,0.5,single
1099,videos/ht0QCYJRWXc_00.mp4,13.0835,0.5,0.5,single
1100,videos/J22LBVPh5kk_00.mp4,9.6458335,0.5,0.5,single
1101,videos/O8x8fTbKfQo_00.mp4,14.9375,0.5,0.5,single
1102,videos/un3zKlzQR0s_00.mp4,14.9585,0.5,0.5,single
1103,videos/2xzko5Nggkc_00.mp4,14.9791665,0.5,0.5,single
1104,videos/FVZu22TdJwc_00.mp4,14.979,0.5,0.5,single
1105,videos/JsJ_gpjIH1k_00.mp4,1.0,0.5,0.5,single
1106,videos/WcZTk9VxOJo_00.mp4,14.979,0.5,0.5,t-bone
1107,videos/LIB4DVkk3lc_00.mp4,12.65,0.5,0.5,single
1108,videos/5ayuUyxh1aQ_00.mp4,15.0,0.5,0.5,t-bone
1109,videos/xPNA0BFy_og_00.mp4,14.9835,0.5,0.5,t-bone
1110,videos/r-fThmrFOqs_00.mp4,14.9585,0.5,0.5,t-bone
1111,videos/QtrYFnbDjeQ_00.mp4,14.979,0.5,0.5,t-bone
1112,videos/NfK10cGdiFw_00.mp4,12.618,0.5,0.5,single
1113,videos/emZJVcNK-q4_00.mp4,10.1665,0.5,0.5,t-bone
1114,videos/A8KM8YuiYIw_00.mp4,14.979,0.5,0.5,t-bone
1115,videos/BlqSYfAQSEA_00.mp4,14.979,0.5,0.5,t-bone
1116,videos/34Q7DXby2s4_00.mp4,14.979,0.5,0.5,t-bone
1117,videos/SPC9zwYFzdI_00.mp4,14.9585,0.5,0.5,t-bone
1118,videos/qkOFqDO_mL4_00.mp4,13.4665,0.5,0.5,t-bone
1119,videos/1ww7Jv5v3QA_00.mp4,15.0,0.5,0.5,t-bone
1120,videos/EVNMnYgWIuk_00.mp4,14.9375,0.5,0.5,t-bone
1121,videos/_BvchcqS_KQ_00.mp4,15.0,0.5,0.5,t-bone
1122,videos/w7lzIHFlSsE_00.mp4,15.0,0.5,0.5,t-bone
1123,videos/X0xzhXbBngE_00.mp4,15.0,0.5,0.5,t-bone
1124,videos/2W7S_-7F6S8_00.mp4,14.979,0.5,0.5,t-bone
1125,videos/8sg1ollKgh4_00.mp4,14.9585,0.5,0.5,t-bone
1126,videos/917eW1YYvc4_00.mp4,3.5625,0.5,0.5,t-bone
1127,videos/q0ReAwAoB6c_00.mp4,12.574,0.5,0.5,t-bone
1128,videos/dpwGsUssZeE_00.mp4,14.9585,0.5,0.5,t-bone
1129,videos/yzLkvjtWFeI_00.mp4,14.979,0.5,0.5,t-bone
1130,videos/5kZFvkKPHsc_00.mp4,14.208,0.5,0.5,t-bone
1131,videos/Iu6k6jWZGZ0_00.mp4,14.9666665,0.5,0.5,rear-end
1132,videos/oPHbqlp1o5k_00.mp4,11.983333,0.5,0.5,single
1133,videos/X09_GoSwRR0_00.mp4,14.6835,0.5,0.5,t-bone
1134,videos/ej0GaDepmoQ_00.mp4,14.9,0.5,0.5,single
1135,videos/LAojlJEDJ2w_00.mp4,14.95,0.5,0.5,t-bone
1136,videos/2U2gPpmCg_o_00.mp4,14.9585,0.5,0.5,single
1137,videos/iOQcKQHd1og_00.mp4,4.098,0.5,0.5,single
1138,videos/ebEA6IpCT5w_00.mp4,14.755,0.5,0.5,single
1139,videos/E56s-zfz2QE_00.mp4,12.5065,0.5,0.5,single
1140,videos/FJcKTvBI75U_00.mp4,29.2125165,0.5,0.5,t-bone
1141,videos/FJcKTvBI75U_01.mp4,7.7077,0.5,0.5,t-bone
1142,videos/FJcKTvBI75U_02.mp4,10.06005,0.5,0.5,single
1143,videos/O0v2MBUkTGk_00.mp4,4.1374665,0.5,0.5,t-bone
1144,videos/TXZfPbiopOE_00.mp4,6.5231835,0.5,0.5,t-bone
1145,videos/r0IIrqV5xPo_00.mp4,7.1404665,0.5,0.5,single
1146,videos/XESYC4RcqGQ_00.mp4,8.975633499999999,0.5,0.5,t-bone
1147,videos/XESYC4RcqGQ_01.mp4,8.2082,0.5,0.5,t-bone
1148,videos/XESYC4RcqGQ_02.mp4,9.4928165,0.5,0.5,t-bone
1149,videos/XESYC4RcqGQ_03.mp4,7.991316500000001,0.5,0.5,t-bone
1150,videos/XESYC4RcqGQ_04.mp4,7.1905165,0.5,0.5,t-bone
1151,videos/OjjbNRuOJhc_00.mp4,3.4868165,0.5,0.5,t-bone
1152,videos/OjjbNRuOJhc_01.mp4,8.1915165,0.5,0.5,t-bone
1153,videos/vOurgVV6O90_00.mp4,6.573233,0.5,0.5,single
1154,videos/bys_qghQe0w_00.mp4,5.0,0.5,0.5,single
1155,videos/bys_qghQe0w_01.mp4,2.46,0.5,0.5,single
1156,videos/bys_qghQe0w_02.mp4,5.3,0.5,0.5,t-bone
1157,videos/bys_qghQe0w_03.mp4,5.02,0.5,0.5,t-bone
1158,videos/qnyC61bVCJQ_00.mp4,14.9791665,0.5,0.5,single
1159,videos/-gbcp_G6NAE_00.mp4,19.05,0.5,0.5,single
1160,videos/Pd6Ii4dcaUg_00.mp4,12.3885,0.5,0.5,t-bone
1161,videos/0HjhBBGQT-0_00.mp4,12.666,0.5,0.5,single
1162,videos/r1fGrsOle9M_00.mp4,14.9655,0.5,0.5,single
1163,videos/J7Biq7X1kxQ_00.mp4,3.35,0.5,0.5,single
1164,videos/EBUkwCDDOIU_00.mp4,14.775,0.5,0.5,single
1165,videos/HLK2xLUfMsM_00.mp4,7.25,0.5,0.5,single
1166,videos/9E91OEkRB-4_00.mp4,14.979,0.5,0.5,t-bone
1167,videos/1_FuS-_ctGY_00.mp4,14.979,0.5,0.5,t-bone
1168,videos/Ywhp-yEW60k_00.mp4,14.979,0.5,0.5,t-bone
1169,videos/n_U9loEcX54_00.mp4,7.0,0.5,0.5,t-bone
1170,videos/t1jKUTg1Qq0_00.mp4,13.410714,0.5,0.5,t-bone
1171,videos/xlwF4_7_JIs_00.mp4,15.0,0.5,0.5,t-bone
1172,videos/SBTD7z4A1y8_00.mp4,15.0,0.5,0.5,t-bone
1173,videos/4y9dRdOoEzE_00.mp4,12.4166665,0.5,0.5,t-bone
1174,videos/poiJgI2OE-w_00.mp4,15.0,0.5,0.5,single
1175,videos/pYs0DHkGyec_00.mp4,14.979,0.5,0.5,t-bone
1176,videos/UjwqemSQkbQ_00.mp4,12.64,0.5,0.5,rear-end
1177,videos/PAStSUrr8h0_00.mp4,9.433,0.5,0.5,t-bone
1178,videos/S7Wa2Cag7ik_00.mp4,14.979,0.5,0.5,t-bone
1179,videos/cYmWOy46zF8_00.mp4,9.9,0.5,0.5,t-bone
1180,videos/KZq065NiqZM_00.mp4,6.383333,0.5,0.5,rear-end
1181,videos/Q90j5Irrj9g_00.mp4,14.9835,0.5,0.5,single
1182,videos/OBYOHYWB8XE_00.mp4,14.958333,0.5,0.5,t-bone
1183,videos/93SNo1CTA_w_00.mp4,14.9791665,0.5,0.5,t-bone
1184,videos/LQ3ERldwsJQ_00.mp4,15.0,0.5,0.5,t-bone
1185,videos/BJ2kS9k9sZI_00.mp4,14.975,0.5,0.5,t-bone
1186,videos/MXoQL7GPBts_00.mp4,2.75,0.5,0.5,t-bone
1187,videos/39Ac-6i9SVM_00.mp4,14.983333,0.5,0.5,single
1188,videos/G9G97Pf8hMk_00.mp4,14.979,0.5,0.5,t-bone
1189,videos/YlhV3d6sFhY_00.mp4,14.9835,0.5,0.5,single
1190,videos/Au7DlgzqzEo_00.mp4,14.9791665,0.5,0.5,t-bone
1191,videos/8G56ILxFFNM_00.mp4,10.586207,0.5,0.5,t-bone
1192,videos/1O-y5PmPWdU_00.mp4,14.9835,0.5,0.5,t-bone
1193,videos/ODXaUnji7LI_00.mp4,14.9642855,0.5,0.5,t-bone
1194,videos/vFEHKkVl-og_00.mp4,14.983333,0.5,0.5,rear-end
1195,videos/eQ8yX8V88l8_00.mp4,14.983333,0.5,0.5,t-bone
1196,videos/8ohINS1qks8_00.mp4,14.982759,0.5,0.5,t-bone
1197,videos/jT5Kpwh7mBE_00.mp4,14.983,0.5,0.5,t-bone
1198,videos/fgsiojBKfKY_00.mp4,14.9615385,0.5,0.5,t-bone
1199,videos/NdXcu0X1nH8_00.mp4,14.979,0.5,0.5,t-bone
1200,videos/jx00BpwvIEc_00.mp4,8.75,0.5,0.5,t-bone
1201,videos/lkIQC6QRbys_00.mp4,2.7335,0.5,0.5,t-bone
1202,videos/jNwobbqjKiE_00.mp4,14.9375,0.5,0.5,t-bone
1203,videos/YXj8m_rAyaE_00.mp4,7.9166665,0.5,0.5,t-bone
1204,videos/pJD9bGTb5Mo_00.mp4,14.980769,0.5,0.5,single
1205,videos/JAVaEV-aUjM_00.mp4,2.1166665,0.5,0.5,t-bone
1206,videos/nROU35t27G4_00.mp4,14.983,0.5,0.5,t-bone
1207,videos/SS38UP-0QnU_00.mp4,14.479,0.5,0.5,t-bone
1208,videos/BwR4-5ASq1k_00.mp4,14.979,0.5,0.5,rear-end
1209,videos/gXDhzlVtCXI_00.mp4,15.0,0.5,0.5,t-bone
1210,videos/NmExQpJsyOA_00.mp4,14.983333,0.5,0.5,rear-end
1211,videos/sxonKsim9qE_00.mp4,14.9835,0.5,0.5,single
1212,videos/fIwRdglX1WE_00.mp4,1.5664999999999996,0.5,0.5,t-bone
1213,videos/YrKYYuQHW9M_00.mp4,15.0,0.5,0.5,t-bone
1214,videos/taahlmWl1Pc_00.mp4,14.9835,0.5,0.5,t-bone
1215,videos/Yf9mgizvxiE_00.mp4,14.9666665,0.5,0.5,t-bone
1216,videos/c-nmxpXGBaA_00.mp4,6.9665,0.5,0.5,t-bone
1217,videos/7QawsvO1F1M_00.mp4,15.0,0.5,0.5,single
1218,videos/g_x7gdvFBWk_00.mp4,15.025,0.5,0.5,single
1219,videos/JHmNWiEhINQ_00.mp4,15.0,0.5,0.5,t-bone
1220,videos/BwSlVnQTtNo_00.mp4,6.172414,0.5,0.5,t-bone
1221,videos/b9pzQFB39ZU_00.mp4,12.55,0.5,0.5,t-bone
1222,videos/ZQU-7hSIJ-s_00.mp4,4.9165,0.5,0.5,t-bone
1223,videos/94fta3ZwkM0_00.mp4,14.9585,0.5,0.5,t-bone
1224,videos/NIwmS3dbHY0_00.mp4,3.2,0.5,0.5,t-bone
1225,videos/dHWTcKj5oY4_00.mp4,15.0,0.5,0.5,t-bone
1226,videos/gkyJ3CwetQY_00.mp4,4.9375,0.5,0.5,t-bone
1227,videos/2PtXKoTbv0c_00.mp4,14.9835,0.5,0.5,t-bone
1228,videos/Fix7_GpawXw_00.mp4,14.9815,0.5,0.5,single
1229,videos/RcjhhMTuVSs_00.mp4,15.0,0.5,0.5,t-bone
1230,videos/wHixrZXgXRI_00.mp4,14.983,0.5,0.5,t-bone
1231,videos/fEprGEfHTZE_00.mp4,14.98,0.5,0.5,t-bone
1232,videos/nKi8Onx1jI4_00.mp4,14.983333,0.5,0.5,rear-end
1233,videos/MruMFUBosJU_00.mp4,15.05,0.5,0.5,t-bone
1234,videos/L2cVGFG5rwE_00.mp4,14.9814815,0.5,0.5,single
1235,videos/GBKfe2jmXn4_00.mp4,12.2,0.5,0.5,single
1236,videos/pPBBcgLkgfE_00.mp4,9.333333000000001,0.5,0.5,single
1237,videos/aDBb3QMnKZc_00.mp4,15.0,0.5,0.5,t-bone
1238,videos/T24gWiWxbZs_00.mp4,12.5415,0.5,0.5,single
1239,videos/3dL7_KqiBoo_00.mp4,13.6165,0.5,0.5,t-bone
1240,videos/9xwZ_urlz-k_00.mp4,14.9585,0.5,0.5,t-bone
1241,videos/tmklYgHVZcY_00.mp4,14.9835,0.5,0.5,t-bone
1242,videos/W0KJ7kxqtQo_00.mp4,10.604,0.5,0.5,t-bone
1243,videos/JEclWwaL-Ps_00.mp4,15.0,0.5,0.5,t-bone
1244,videos/UjEFjnXKXXc_00.mp4,3.1665,0.5,0.5,t-bone
1245,videos/eaAiEUwvy20_00.mp4,15.0,0.5,0.5,t-bone
1246,videos/dMUTwvfgKFQ_00.mp4,15.0,0.5,0.5,t-bone
1247,videos/fEijKQwtcD4_00.mp4,14.9791665,0.5,0.5,t-bone
1248,videos/QiPUrCmw4xk_00.mp4,14.9585,0.5,0.5,t-bone
1249,videos/mUvPuML7-2k_00.mp4,15.0,0.5,0.5,t-bone
1250,videos/RmsH7RavMYM_00.mp4,14.979,0.5,0.5,single
1251,videos/HsI9suJ4Mkw_00.mp4,8.0625,0.5,0.5,single
1252,videos/uh5OqU0h4ZM_00.mp4,15.0335,0.5,0.5,t-bone
1253,videos/NuLbMFaj3Lk_00.mp4,14.9821425,0.5,0.5,t-bone
1254,videos/Ru94OqVK6Rs_00.mp4,14.9585,0.5,0.5,single
1255,videos/llupGpa4OMQ_00.mp4,14.979,0.5,0.5,single
1256,videos/7Nc9tJ7R4KY_00.mp4,3.75,0.5,0.5,t-bone
1257,videos/ycOLojVqIAg_00.mp4,14.983333,0.5,0.5,t-bone
1258,videos/SDYTt7CqbTE_00.mp4,14.9375,0.5,0.5,t-bone
1259,videos/uAkT7TEx6uM_00.mp4,15.0165,0.5,0.5,t-bone
1260,videos/1fpsdsKWH_M_00.mp4,14.9815,0.5,0.5,single
1261,videos/zYp-honyJC0_00.mp4,5.5625,0.5,0.5,t-bone
1262,videos/EXaPMbnM4Vs_00.mp4,12.55,0.5,0.5,t-bone
1263,videos/EVZe1VSzboY_00.mp4,15.0,0.5,0.5,t-bone
1264,videos/ZsPhpxb8OTM_00.mp4,14.983333,0.5,0.5,t-bone
1265,videos/JeIJWYefuBQ_00.mp4,11.9835,0.5,0.5,t-bone
1266,videos/W6JG5xVIEHs_00.mp4,12.3835,0.5,0.5,t-bone
1267,videos/KJdY94Xu5x0_00.mp4,14.9915,0.5,0.5,t-bone
1268,videos/jecwwv5-8Q0_00.mp4,14.979,0.5,0.5,t-bone
1269,videos/RoaPLskRqF8_00.mp4,15.0,0.5,0.5,t-bone
1270,videos/Q5YnuRI6QSM_00.mp4,14.9835,0.5,0.5,t-bone
1271,videos/Gw3WQGxMH_I_00.mp4,14.979,0.5,0.5,t-bone
1272,videos/ulSxHhFWUhM_00.mp4,14.979,0.5,0.5,t-bone
1273,videos/DVEA5y2V4-w_00.mp4,14.979,0.5,0.5,t-bone
1274,videos/JdSFsM58Vrs_00.mp4,14.9835,0.5,0.5,t-bone
1275,videos/rSQtKYBkOg0_00.mp4,15.0,0.5,0.5,single
1276,videos/jiliVB6lsKE_00.mp4,14.979,0.5,0.5,t-bone
1277,videos/p5G4xCcukEA_00.mp4,15.0335,0.5,0.5,t-bone
1278,videos/xrzQq265lAc_00.mp4,12.45,0.5,0.5,t-bone
1279,videos/ooFHzXAx7EU_00.mp4,6.979,0.5,0.5,t-bone
1280,videos/SCrgYtvPgzY_00.mp4,14.979,0.5,0.5,t-bone
1281,videos/ExU1_ouZ3bw_00.mp4,14.9835,0.5,0.5,t-bone
1282,videos/s5rpnFmqofQ_00.mp4,14.979,0.5,0.5,t-bone
1283,videos/Jr-RXkEv6Ds_00.mp4,15.0,0.5,0.5,t-bone
1284,videos/S166sr07mgA_00.mp4,15.0,0.5,0.5,single
1285,videos/LCkt9L0JnXU_00.mp4,14.979,0.5,0.5,t-bone
1286,videos/6sgXO96LXOE_00.mp4,14.983333,0.5,0.5,t-bone
1287,videos/l4xiNaUc-Bw_00.mp4,14.979,0.5,0.5,single
1288,videos/PW_hCnmtgf4_00.mp4,12.5,0.5,0.5,t-bone
1289,videos/07Eu77WorsY_00.mp4,14.979,0.5,0.5,t-bone
1290,videos/orZsH8JuEE4_00.mp4,12.4665,0.5,0.5,single
1291,videos/OJkIuYwVcHA_00.mp4,14.982,0.5,0.5,t-bone
1292,videos/v0VVrqk4l3o_00.mp4,14.983333,0.5,0.5,single
1293,videos/VSNqivMhWnM_00.mp4,14.983333,0.5,0.5,t-bone
1294,videos/RJWAkvcho-k_00.mp4,15.0,0.5,0.5,t-bone
1295,videos/RpeH9OruLwI_00.mp4,12.9165,0.5,0.5,t-bone
1296,videos/urdxgkwYUqM_00.mp4,14.9835,0.5,0.5,t-bone
1297,videos/g9P2Y9bwPQQ_00.mp4,7.6665,0.5,0.5,t-bone
1298,videos/TilBcBFe1gc_00.mp4,14.979,0.5,0.5,t-bone
1299,videos/6EqMA8no42o_00.mp4,14.9791665,0.5,0.5,t-bone
1300,videos/gZdaWZGFUs4_00.mp4,10.703500000000002,0.5,0.5,t-bone
1301,videos/dyMWcSQGi0g_00.mp4,14.9665,0.5,0.5,t-bone
1302,videos/xApGBKUGoR4_00.mp4,14.963,0.5,0.5,single
1303,videos/WYG0XT9hzQA_00.mp4,15.0254235,0.5,0.5,single
1304,videos/Ga3FbFSHZdA_00.mp4,4.396,0.5,0.5,t-bone
1305,videos/F_UEUU6h33s_00.mp4,3.3958335000000006,0.5,0.5,single
1306,videos/w0jywVfX7LY_00.mp4,12.3125,0.5,0.5,single
1307,videos/G0jQdKiCbhU_00.mp4,14.35,0.5,0.5,single
1308,videos/9z7lG2OdBoM_00.mp4,9.3,0.5,0.5,single
1309,videos/sKJdbm04q6U_00.mp4,11.2665,0.5,0.5,single
1310,videos/_9zrXENlky0_00.mp4,4.9165,0.5,0.5,single
1311,videos/RyBUzrZQ0Bc_00.mp4,14.9791665,0.5,0.5,single
1312,videos/7m77G8C7hiE_00.mp4,14.979,0.5,0.5,single
1313,videos/4AWUHOvuV9I_00.mp4,14.9835,0.5,0.5,single
1314,videos/rTa4OCFz0i8_00.mp4,14.9585,0.5,0.5,t-bone
1315,videos/LLead91Xhho_00.mp4,5.482,0.5,0.5,t-bone
1316,videos/VRayIckJrBs_00.mp4,9.1875,0.5,0.5,single
1317,videos/uQHq1rdhTNQ_00.mp4,14.9585,0.5,0.5,single
1318,videos/ZAVsunMOapQ_00.mp4,14.9585,0.5,0.5,single
1319,videos/E6rFBPMiDy0_00.mp4,14.698885,0.5,0.5,single
1320,videos/zCJ_1fc2nwk_00.mp4,14.979,0.5,0.5,single
1321,videos/EOylWdC12mY_00.mp4,6.9165,0.5,0.5,single
1322,videos/GINQ6xQrz94_00.mp4,11.983,0.5,0.5,t-bone
1323,videos/XI9xhHUOo5o_00.mp4,12.567,0.5,0.5,single
1324,videos/QwFFfl2CNUY_00.mp4,4.0416665,0.5,0.5,single
1325,videos/nlRWwNiCtsE_00.mp4,7.6835,0.5,0.5,single
1326,videos/NTMLhz_KdXo_00.mp4,3.0363665,0.5,0.5,t-bone
1327,videos/B85gUt1fzIU_00.mp4,4.395833,0.5,0.5,t-bone
1328,videos/B6eG9Bvwj8o_00.mp4,14.9791665,0.5,0.5,t-bone
1329,videos/xpVTZU4KeZA_00.mp4,11.0,0.5,0.5,t-bone
1330,videos/mTVpYeTKFN4_00.mp4,14.9583335,0.5,0.5,t-bone
1331,videos/aPavFeAFhnk_00.mp4,14.9585,0.5,0.5,t-bone
1332,videos/GjcgUDvSdls_00.mp4,14.979,0.5,0.5,t-bone
1333,videos/oBN7DtMXoSw_00.mp4,15.0335,0.5,0.5,t-bone
1334,videos/teLTVBt01wU_00.mp4,14.979,0.5,0.5,t-bone
1335,videos/KiVTcO5wpds_00.mp4,14.979,0.5,0.5,t-bone
1336,videos/fZfs2l5bv2Q_00.mp4,14.9585,0.5,0.5,t-bone
1337,videos/CV8iSUAmHvw_00.mp4,12.4825,0.5,0.5,t-bone
1338,videos/8o-2-9mO8C0_00.mp4,14.979,0.5,0.5,t-bone
1339,videos/-zhGaEV8w0o_00.mp4,14.95,0.5,0.5,rear-end
1340,videos/WigzRPlpVlQ_00.mp4,15.0,0.5,0.5,single
1341,videos/1yedrznGA8g_00.mp4,15.0335,0.5,0.5,t-bone
1342,videos/_hJdTE1wHoI_00.mp4,14.979,0.5,0.5,single
1343,videos/BEBYF3xd0Lk_00.mp4,12.45,0.5,0.5,single
1344,videos/gi01QYHz8-E_00.mp4,9.5835,0.5,0.5,t-bone
1345,videos/UH2j4IrB2Sg_00.mp4,5.0416665,0.5,0.5,single
1346,videos/YsyVUKTZgpo_00.mp4,15.04,0.5,0.5,single
1347,videos/0vD3cfW9BtI_00.mp4,6.3335,0.5,0.5,single
1348,videos/inJcKZ42Ovc_00.mp4,14.9585,0.5,0.5,single
1349,videos/x25XtFGKc-E_00.mp4,14.7665,0.5,0.5,t-bone
1350,videos/Xb0mQCFP8_o_00.mp4,13.5335,0.5,0.5,single
1351,videos/vsgWvWqscHk_00.mp4,14.9835,0.5,0.5,single
1352,videos/1VI1lKlJQd0_00.mp4,14.9835,0.5,0.5,single
1353,videos/EdvDlbnKQYI_00.mp4,15.0,0.5,0.5,t-bone
1354,videos/xP_sW92sGh8_00.mp4,14.979,0.5,0.5,single
1355,videos/IxLBncFm-oE_00.mp4,14.9835,0.5,0.5,single
1356,videos/irYEjSeXzAM_00.mp4,12.8165,0.5,0.5,single
1357,videos/xFWObpD8KiE_00.mp4,14.979,0.5,0.5,single
1358,videos/-dVU8qW4ik8_00.mp4,14.979,0.5,0.5,single
1359,videos/qq34-Ch0SYE_00.mp4,14.9585,0.5,0.5,single
1360,videos/rA5O9Okdkss_00.mp4,15.0,0.5,0.5,single
1361,videos/ZsVOhyuD0sQ_00.mp4,14.9835,0.5,0.5,t-bone
1362,videos/X8JXbRxpKk0_00.mp4,14.979,0.5,0.5,single
1363,videos/sckLwIfeCT4_00.mp4,14.9585,0.5,0.5,single
1364,videos/LPQ23LL3dG4_00.mp4,4.396,0.5,0.5,single
1365,videos/0lkTO-H5z6I_00.mp4,3.7915,0.5,0.5,single
1366,videos/UY6g1DtnlGE_00.mp4,4.75,0.5,0.5,single
1367,videos/1-xArHJFlAQ_00.mp4,14.979,0.5,0.5,single
1368,videos/snpgCzf-mK4_00.mp4,10.375,0.5,0.5,t-bone
1369,videos/xDnxHFltzfQ_00.mp4,12.1335,0.5,0.5,single
1370,videos/0puo8kJOlmU_00.mp4,15.0835,0.5,0.5,single
1371,videos/CvNTYeiVF7s_00.mp4,12.146,0.5,0.5,single
1372,videos/KwifJ6bebdo_00.mp4,14.9585,0.5,0.5,single
1373,videos/p3XgqO9PzH4_00.mp4,14.5,0.5,0.5,single
1374,videos/bSq7XtY629s_00.mp4,14.9791665,0.5,0.5,t-bone
1375,videos/r-f6Tk6M_kQ_00.mp4,14.9585,0.5,0.5,single
1376,videos/zxu3S-7VZUA_00.mp4,14.979,0.5,0.5,single
1377,videos/njI11mpdwo0_00.mp4,6.750000000000001,0.5,0.5,single
1378,videos/cFpwh4gBvDc_00.mp4,4.2916665,0.5,0.5,single
1379,videos/IvpRueS_9RI_00.mp4,14.9835,0.5,0.5,single
1380,videos/TLjDFutg8mI_00.mp4,15.0,0.5,0.5,single
1381,videos/cBZ3KswoFZY_00.mp4,14.979,0.5,0.5,single
1382,videos/jHJ3Sfhg4HA_00.mp4,14.979,0.5,0.5,single
1383,videos/XAxaY7MPnms_00.mp4,14.979,0.5,0.5,single
1384,videos/KOeH4VgqYR4_00.mp4,14.9585,0.5,0.5,single
1385,videos/5dZ0U3pINII_00.mp4,12.5,0.5,0.5,single
1386,videos/Qi7voHChFxk_00.mp4,3.125,0.5,0.5,single
1387,videos/Ef9PwNwVRvY_00.mp4,5.3335,0.5,0.5,t-bone
1388,videos/oRG1-9tRk5w_00.mp4,12.104,0.5,0.5,single
1389,videos/suSfwiex1Kk_00.mp4,2.9665,0.5,0.5,single
1390,videos/7UHfU52BUbQ_00.mp4,5.8955,0.5,0.5,single
1391,videos/E65lhgBF1rM_00.mp4,15.0,0.5,0.5,single
1392,videos/0GPuugnrf3Y_00.mp4,15.0,0.5,0.5,single
1393,videos/tX9OSNQL0hg_00.mp4,6.0,0.5,0.5,single
1394,videos/V57SWCl2WTc_00.mp4,9.9665,0.5,0.5,single
1395,videos/uwdOQc-iC_c_00.mp4,14.2915,0.5,0.5,single
1396,videos/9z1bEUb3qGI_00.mp4,14.9585,0.5,0.5,single
1397,videos/_ky1Mxj5bQY_00.mp4,13.5625,0.5,0.5,single
1398,videos/rZ4OS1E_Hqg_00.mp4,15.0,0.5,0.5,single
1399,videos/FyUKGsHyoxE_00.mp4,14.979,0.5,0.5,single
1400,videos/XLGAfvkvHO0_00.mp4,14.979,0.5,0.5,single
1401,videos/UWgxylOwa5M_00.mp4,14.979,0.5,0.5,single
1402,videos/v9jwlgooOmE_00.mp4,3.1875,0.5,0.5,single
1403,videos/begSCBJgT4o_00.mp4,14.979,0.5,0.5,single
1404,videos/jJ4IJnInYnE_00.mp4,12.3665,0.5,0.5,single
1405,videos/lpJL9-mBNmk_00.mp4,14.979,0.5,0.5,single
1406,videos/-9oifpjUxxM_00.mp4,14.2,0.5,0.5,t-bone
1407,videos/XTAIiEEE8dU_00.mp4,14.979,0.5,0.5,single
1408,videos/iYmL1rEyiqE_00.mp4,14.979,0.5,0.5,single
1409,videos/dIbxWir400s_00.mp4,15.0,0.5,0.5,single
1410,videos/p6vrqyzdnSQ_00.mp4,14.9585,0.5,0.5,single
1411,videos/seHQ5Y5g5Ns_00.mp4,12.875,0.5,0.5,single
1412,videos/zMya6lxe5s8_00.mp4,10.45,0.5,0.5,t-bone
1413,videos/EcsgXARlmDI_00.mp4,8.083333,0.5,0.5,single
1414,videos/rsB7TD2zW4A_00.mp4,9.7915,0.5,0.5,single
1415,videos/3QBeZfYEAYY_00.mp4,12.604,0.5,0.5,t-bone
1416,videos/jw4_kT_xjsE_00.mp4,12.0,0.5,0.5,t-bone
1417,videos/mlkJl8ql03o_00.mp4,1.1999999999999997,0.5,0.5,single
1418,videos/4C5ZiBP7R04_00.mp4,7.65,0.5,0.5,single
1419,videos/Iy_GdGD-ySg_00.mp4,14.979,0.5,0.5,single
1420,videos/YBr96os6PvE_00.mp4,14.7385,0.5,0.5,single
1421,videos/71QSBkIXKXI_00.mp4,14.979,0.5,0.5,single
1422,videos/ysTXjULP4u8_00.mp4,14.9791665,0.5,0.5,single
1423,videos/BV2QGa5Dgaw_00.mp4,6.5,0.5,0.5,t-bone
1424,videos/_gv4lL1EPKU_00.mp4,7.95,0.5,0.5,t-bone
1425,videos/ebiX-_CCMSA_00.mp4,10.136500000000002,0.5,0.5,single
1426,videos/uoY--IlBdjw_00.mp4,1.86,0.5,0.5,single
1427,videos/uoY--IlBdjw_01.mp4,6.06,0.5,0.5,single
1428,videos/uoY--IlBdjw_02.mp4,3.9600000000000004,0.5,0.5,single
1429,videos/hYuubWpYtrI_00.mp4,6.25,0.5,0.5,single
1430,videos/SdeaEkrudys_00.mp4,14.737,0.5,0.5,t-bone
1431,videos/br57It5-6lM_00.mp4,10.625,0.5,0.5,t-bone
1432,videos/__WFqm4i3vE_00.mp4,12.75,0.5,0.5,t-bone
1433,videos/6oAeUvxmeME_00.mp4,15.0,0.5,0.5,t-bone
1434,videos/30EzKWQx48c_00.mp4,7.1995,0.5,0.5,t-bone
1435,videos/NdGEyXh1tqA_00.mp4,4.5,0.5,0.5,single
1436,videos/CRu-S6GbqF0_00.mp4,14.979,0.5,0.5,t-bone
1437,videos/ljLoCD0O9fM_00.mp4,14.9585,0.5,0.5,t-bone
1438,videos/As0H5IK0CBI_00.mp4,4.375,0.5,0.5,rear-end
1439,videos/c_u8oPMBGEI_00.mp4,4.5211835,0.5,0.5,single
1440,videos/c_u8oPMBGEI_01.mp4,4.65465,0.5,0.5,single
1441,videos/c_u8oPMBGEI_02.mp4,3.05305,0.5,0.5,single
1442,videos/hiBY1OLw4RQ_00.mp4,7.8835,0.5,0.5,single
1443,videos/-VM9fVYVI_w_00.mp4,14.979,0.5,0.5,single
1444,videos/kc_bYkuKn-g_00.mp4,7.3835,0.5,0.5,single
1445,videos/jWFyAaY7r8E_00.mp4,4.833333,0.5,0.5,t-bone
1446,videos/3gY2nZW6ZCM_00.mp4,0.6500000000000004,0.5,0.5,t-bone
1447,videos/LVrfZ4HLlR4_00.mp4,7.104,0.5,0.5,single
1448,videos/gS2xiB7q7sk_00.mp4,14.9585,0.5,0.5,single
1449,videos/rNLWvxHU5E4_00.mp4,14.979,0.5,0.5,t-bone
1450,videos/-Y4PJwqDjGc_00.mp4,14.979,0.5,0.5,single
1451,videos/BLq2n48HYZc_00.mp4,14.95,0.5,0.5,rear-end
1452,videos/BLq2n48HYZc_01.mp4,14.966667,0.5,0.5,rear-end
1453,videos/3mB4p8BgiTg_00.mp4,10.2936165,0.5,0.5,single
1454,videos/2QZf8MiIRK0_00.mp4,5.2719335,0.5,0.5,t-bone
1455,videos/2QZf8MiIRK0_01.mp4,10.5271835,0.5,0.5,single
1456,videos/4uRL85n-kDw_00.mp4,7.8665,0.5,0.5,single
1457,videos/V_2hATv3LNY_00.mp4,14.9835,0.5,0.5,single
1458,videos/HYUcneYzPZM_00.mp4,12.4835,0.5,0.5,single
1459,videos/czn7oGEwENs_00.mp4,7.7,0.5,0.5,single
1460,videos/B_6HYZSji3I_00.mp4,14.9835,0.5,0.5,single
1461,videos/G203AMlz_Yo_00.mp4,14.9835,0.5,0.5,single
1462,videos/kI-AKIXGLiY_00.mp4,15.0,0.5,0.5,t-bone
1463,videos/be0m9oxCN98_00.mp4,15.0165,0.5,0.5,t-bone
1464,videos/Jmd2l99EQZE_00.mp4,15.0165,0.5,0.5,single
1465,videos/l3GUdPH62y8_00.mp4,14.979,0.5,0.5,t-bone
1466,videos/70935VkkZSM_00.mp4,12.3835,0.5,0.5,single
1467,videos/AHIdbeOcAE0_00.mp4,8.7835,0.5,0.5,t-bone
1468,videos/yGYOGSKjE3o_00.mp4,14.9835,0.5,0.5,t-bone
1469,videos/JzYHiq1zaZs_00.mp4,15.0,0.5,0.5,single
1470,videos/uCHnvKyEwYU_00.mp4,7.6735,0.5,0.5,single
1471,videos/LiLrm5Zn19w_00.mp4,10.35,0.5,0.5,t-bone
1472,videos/YGBuLu9t4Ts_00.mp4,7.8,0.5,0.5,single
1473,videos/4XYVvTuLGCg_00.mp4,14.9835,0.5,0.5,single
1474,videos/MTOPgMW9aIg_00.mp4,14.9835,0.5,0.5,single
1475,videos/-6SQSDj8cYU_00.mp4,14.979,0.5,0.5,t-bone
1476,videos/deUf0-ljSIs_00.mp4,14.979,0.5,0.5,single
1477,videos/Fk2lELADm8U_00.mp4,15.0165,0.5,0.5,single
1478,videos/yj1M5Qp3k4w_00.mp4,14.979,0.5,0.5,t-bone
1479,videos/OaB8oFL1uKY_00.mp4,14.9835,0.5,0.5,single
1480,videos/udobZNZzMZE_00.mp4,14.9835,0.5,0.5,single
1481,videos/RK-Btjd1oXs_00.mp4,15.05,0.5,0.5,t-bone
1482,videos/InbJMYd79yc_00.mp4,14.979,0.5,0.5,single
1483,videos/zaafsIEj5DI_00.mp4,2.9835,0.5,0.5,single
1484,videos/zaafsIEj5DI_01.mp4,12.6,0.5,0.5,single
1485,videos/NKA8MgHBw5A_00.mp4,15.0335,0.5,0.5,single
1486,videos/06jVQmpCJn4_00.mp4,2.5665,0.5,0.5,single
1487,videos/2aYst3H2hjo_00.mp4,5.5835,0.5,0.5,single
1488,videos/-7-vQ4obVwQ_00.mp4,14.979,0.5,0.5,t-bone
1489,videos/IMy1fD-bTng_00.mp4,12.6,0.5,0.5,single
1490,videos/k-LD0H31Rug_00.mp4,12.65,0.5,0.5,t-bone
1491,videos/FjYZw1xUvqg_00.mp4,11.9585,0.5,0.5,single
1492,videos/mby2Klg_d10_00.mp4,14.9665,0.5,0.5,single
1493,videos/fHoZ2_uzu_k_00.mp4,14.9835,0.5,0.5,single
1494,videos/50uYv-SxT-o_00.mp4,14.979,0.5,0.5,t-bone
1495,videos/lXKSWeJ9jEc_00.mp4,2.2165,0.5,0.5,single
1496,videos/IgfiZK91D64_00.mp4,15.0,0.5,0.5,single
1497,videos/cvITZqgCI3M_00.mp4,14.979,0.5,0.5,t-bone
1498,videos/xDbMZ8L-1OY_00.mp4,14.9835,0.5,0.5,t-bone
1499,videos/XbW5qJKc8O8_00.mp4,14.979,0.5,0.5,t-bone
1500,videos/9_rjoTFi3Ek_00.mp4,14.8575,0.5,0.5,t-bone
1501,videos/DNXPVeHVfik_00.mp4,15.0,0.5,0.5,t-bone
1502,videos/nhEW6whH4HE_00.mp4,14.979,0.5,0.5,single
1503,videos/rm4qKkLP9-A_00.mp4,15.0165,0.5,0.5,single
1504,videos/jwhAPqcuObs_00.mp4,12.6165,0.5,0.5,single
1505,videos/rRqKYOsYITQ_00.mp4,7.2335,0.5,0.5,single
1506,videos/ru5QM17tRfk_00.mp4,12.65,0.5,0.5,t-bone
1507,videos/WR1xUm9CjqY_00.mp4,12.65,0.5,0.5,single
1508,videos/UUZr6xfWXPg_00.mp4,14.9835,0.5,0.5,t-bone
1509,videos/QiRO0xdhcdY_00.mp4,14.9835,0.5,0.5,single
1510,videos/lwsVlWv6Oe8_00.mp4,15.0165,0.5,0.5,t-bone
1511,videos/KTGByI3N4G0_00.mp4,15.0,0.5,0.5,single
1512,videos/Y0_pbJCqL6k_00.mp4,14.9791665,0.5,0.5,t-bone
1513,videos/0NixrF6Mt00_0_00.mp4,1.9352665,0.5,0.5,t-bone
1514,videos/3Xd6PxEvbNk_11_00.mp4,4.1041,0.5,0.5,t-bone
1515,videos/3Xd6PxEvbNk_2_00.mp4,6.0393665,0.5,0.5,t-bone
1516,videos/3Xd6PxEvbNk_3_00.mp4,7.7744335,0.5,0.5,t-bone
1517,videos/3Xd6PxEvbNk_4_00.mp4,4.7714335,0.5,0.5,t-bone
1518,videos/3Xd6PxEvbNk_5_00.mp4,7.35735,0.5,0.5,t-bone
1519,videos/3Xd6PxEvbNk_7_00.mp4,4.35435,0.5,0.5,t-bone
1520,videos/3Xd6PxEvbNk_8_00.mp4,6.7901165,0.5,0.5,t-bone
1521,videos/3Xd6PxEvbNk_9_00.mp4,7.6910165,0.5,0.5,t-bone
1522,videos/3p_-1RjvCmw_1_00.mp4,4.66,0.5,0.5,t-bone
1523,videos/4gFiGGeTp5w_0_00.mp4,4.0707335,0.5,0.5,t-bone
1524,videos/4gFiGGeTp5w_2_00.mp4,6.1227835,0.5,0.5,single
1525,videos/651RQwxB3WA_1_00.mp4,2.5833335,0.5,0.5,t-bone
1526,videos/651RQwxB3WA_12_00.mp4,6.5,0.5,0.5,single
1527,videos/651RQwxB3WA_13_00.mp4,3.5,0.5,0.5,rear-end
1528,videos/651RQwxB3WA_17_00.mp4,2.0,0.5,0.5,t-bone
1529,videos/651RQwxB3WA_2_00.mp4,4.3333335,0.5,0.5,rear-end
1530,videos/67eBRe-YfEE_2_00.mp4,3.6369665000000007,0.5,0.5,rear-end
1531,videos/6mVcTFd5TzI_0_00.mp4,1.94,0.5,0.5,t-bone
1532,videos/6mVcTFd5TzI_12_00.mp4,1.96,0.5,0.5,t-bone
1533,videos/6mVcTFd5TzI_14_00.mp4,3.26,0.5,0.5,single
1534,videos/6mVcTFd5TzI_16_00.mp4,4.68,0.5,0.5,single
1535,videos/6mVcTFd5TzI_18_00.mp4,3.44,0.5,0.5,t-bone
1536,videos/6mVcTFd5TzI_2_00.mp4,1.72,0.5,0.5,t-bone
1537,videos/6mVcTFd5TzI_20_00.mp4,2.14,0.5,0.5,t-bone
1538,videos/6mVcTFd5TzI_22_00.mp4,3.8,0.5,0.5,t-bone
1539,videos/6mVcTFd5TzI_23_00.mp4,3.34,0.5,0.5,t-bone
1540,videos/6mVcTFd5TzI_3_00.mp4,1.68,0.5,0.5,t-bone
1541,videos/7YEUfIVVk9Y_0_00.mp4,3.3,0.5,0.5,single
1542,videos/7YEUfIVVk9Y_2_00.mp4,4.359999999999999,0.5,0.5,t-bone
1543,videos/7YEUfIVVk9Y_4_00.mp4,2.14,0.5,0.5,single
1544,videos/7YEUfIVVk9Y_6_00.mp4,2.18,0.5,0.5,t-bone
1545,videos/7YEUfIVVk9Y_7_00.mp4,5.6,0.5,0.5,single
1546,videos/9DRFJxKHc6g_2_00.mp4,4.3376665,0.5,0.5,t-bone
1547,videos/9DRFJxKHc6g_3_00.mp4,2.75275,0.5,0.5,t-bone
1548,videos/9DRFJxKHc6g_4_00.mp4,6.3396665,0.5,0.5,t-bone
1549,videos/9DRFJxKHc6g_5_00.mp4,7.85785,0.5,0.5,t-bone
1550,videos/9fKAb-gGLRM_0_00.mp4,6.0,0.5,0.5,t-bone
1551,videos/9fKAb-gGLRM_1_00.mp4,5.5833335,0.5,0.5,t-bone
1552,videos/AJKLxHzIHYY_13_00.mp4,1.26,0.5,0.5,t-bone
1553,videos/AJKLxHzIHYY_15_00.mp4,5.92,0.5,0.5,single
1554,videos/AJKLxHzIHYY_19_00.mp4,2.32,0.5,0.5,t-bone
1555,videos/AJKLxHzIHYY_9_00.mp4,2.58,0.5,0.5,t-bone
1556,videos/ALFF5620ljk_1_00.mp4,5.8166665,0.5,0.5,t-bone
1557,videos/ALFF5620ljk_10_00.mp4,5.7833335,0.5,0.5,t-bone
1558,videos/ALFF5620ljk_12_00.mp4,5.55,0.5,0.5,t-bone
1559,videos/ALFF5620ljk_2_00.mp4,5.8833335,0.5,0.5,t-bone
1560,videos/ALFF5620ljk_3_00.mp4,5.5666665,0.5,0.5,t-bone
1561,videos/ALFF5620ljk_5_00.mp4,7.4833335,0.5,0.5,t-bone
1562,videos/ALFF5620ljk_7_00.mp4,5.5166665,0.5,0.5,t-bone
1563,videos/ALFF5620ljk_8_00.mp4,5.9166665,0.5,0.5,t-bone
1564,videos/ALFF5620ljk_9_00.mp4,10.35,0.5,0.5,t-bone
1565,videos/AuQz_-J2kzc_1_00.mp4,3.6415505,0.5,0.5,t-bone
1566,videos/AuQz_-J2kzc_14_00.mp4,7.182413,0.5,0.5,t-bone
1567,videos/AuQz_-J2kzc_15_00.mp4,7.115288,0.5,0.5,t-bone
1568,videos/AuQz_-J2kzc_19_00.mp4,3.910052,0.5,0.5,t-bone
1569,videos/AuQz_-J2kzc_25_00.mp4,5.101527,0.5,0.5,t-bone
1570,videos/AuQz_-J2kzc_27_00.mp4,1.9130725,0.5,0.5,t-bone
1571,videos/AuQz_-J2kzc_29_00.mp4,2.533982,0.5,0.5,t-bone
1572,videos/AuQz_-J2kzc_5_00.mp4,4.0778655,0.5,0.5,single
1573,videos/B3ehIhlZVD8_2_00.mp4,5.5889165,0.5,0.5,t-bone
1574,videos/BSNh9UoKY54_1_00.mp4,2.06,0.5,0.5,t-bone
1575,videos/BpMHNEa79lo_2_00.mp4,6.0833335,0.5,0.5,t-bone
1576,videos/BpMHNEa79lo_3_00.mp4,5.8833335,0.5,0.5,t-bone
1577,videos/BpMHNEa79lo_4_00.mp4,4.4666665,0.5,0.5,t-bone
1578,videos/CkI203kbHQ8_11_00.mp4,1.38,0.5,0.5,rear-end
1579,videos/CkI203kbHQ8_12_00.mp4,3.48,0.5,0.5,rear-end
1580,videos/CkI203kbHQ8_29_00.mp4,3.82,0.5,0.5,rear-end
1581,videos/CkI203kbHQ8_32_00.mp4,1.46,0.5,0.5,single
1582,videos/CkI203kbHQ8_5_00.mp4,2.52,0.5,0.5,single
1583,videos/CnsDyfXdf8s_0_00.mp4,8.3416665,0.5,0.5,t-bone
1584,videos/CnsDyfXdf8s_1_00.mp4,7.0236835,0.5,0.5,t-bone
1585,videos/D1eP4Bn4hDQ_0_00.mp4,8.9166665,0.5,0.5,t-bone
1586,videos/D2AHpCitweI_0_00.mp4,3.1843575,0.5,0.5,t-bone
1587,videos/EN-JKUXkwPQ_2_00.mp4,2.5,0.5,0.5,t-bone
1588,videos/EN-JKUXkwPQ_4_00.mp4,2.1,0.5,0.5,t-bone
1589,videos/EN-JKUXkwPQ_6_00.mp4,3.64,0.5,0.5,t-bone
1590,videos/EN-JKUXkwPQ_7_00.mp4,4.3,0.5,0.5,t-bone
1591,videos/rNaMkFBhxmI_00.mp4,14.958333,0.5,0.5,single
1592,videos/7_GBBO6jreo_00.mp4,12.9335,0.5,0.5,single
1593,videos/Bv1O4yUKzEo_00.mp4,7.9665,0.5,0.5,single
1594,videos/kj23OkxXMfU_00.mp4,4.2085,0.5,0.5,single
1595,videos/XqNrTjSsGrg_00.mp4,3.3165,0.5,0.5,single
1596,videos/eTF4L0hxKtI_00.mp4,14.979,0.5,0.5,single
1597,videos/NcksItQU_i0_00.mp4,11.625,0.5,0.5,single
1598,videos/Rnip1LReTsg_00.mp4,14.979,0.5,0.5,single
1599,videos/H7tS58aI1rM_00.mp4,14.9585,0.5,0.5,t-bone
1600,videos/rAqvr6D_CwU_00.mp4,15.0166665,0.5,0.5,single
1601,videos/a5AAO2Kcnhg_00.mp4,14.979,0.5,0.5,single
1602,videos/AdbmoLPWCUo_00.mp4,2.8335,0.5,0.5,t-bone
1603,videos/g-JnlWPEZd4_00.mp4,15.0,0.5,0.5,single
1604,videos/jBZOG3jhKp4_00.mp4,6.1875,0.5,0.5,single
1605,videos/aQRTpyTLTV0_00.mp4,14.979,0.5,0.5,t-bone
1606,videos/AJjnEMemjDk_00.mp4,6.2295,0.5,0.5,single
1607,videos/YQG_FvZM9pg_00.mp4,7.5625,0.5,0.5,single
1608,videos/PNXLwYc7TFo_00.mp4,7.6835,0.5,0.5,single
1609,videos/qRIoLYMJVcs_00.mp4,14.979,0.5,0.5,single
1610,videos/xKSqovMmBhw_00.mp4,14.9665,0.5,0.5,single
1611,videos/GnpwLP2THmM_0_00.mp4,1.9352665,0.5,0.5,t-bone
1612,videos/GnpwLP2THmM_1_00.mp4,3.5035,0.5,0.5,t-bone
1613,videos/GnpwLP2THmM_10_00.mp4,2.7027,0.5,0.5,t-bone
1614,videos/GnpwLP2THmM_2_00.mp4,2.6359665,0.5,0.5,t-bone
1615,videos/GnpwLP2THmM_3_00.mp4,3.2866165,0.5,0.5,t-bone
1616,videos/GnpwLP2THmM_4_00.mp4,3.0697335,0.5,0.5,t-bone
1617,videos/GnpwLP2THmM_5_00.mp4,1.4347665,0.5,0.5,t-bone
1618,videos/GnpwLP2THmM_6_00.mp4,2.85285,0.5,0.5,t-bone
1619,videos/GnpwLP2THmM_7_00.mp4,2.1021,0.5,0.5,t-bone
1620,videos/GnpwLP2THmM_9_00.mp4,3.7704335,0.5,0.5,t-bone
1621,videos/HD6QGx9d8ow_0_00.mp4,3.6202835,0.5,0.5,t-bone
1622,videos/HD6QGx9d8ow_1_00.mp4,3.65365,0.5,0.5,t-bone
1623,videos/xDNd4r5dECc_00.mp4,14.979,0.5,0.5,single
1624,videos/K98k1MB8rps_00.mp4,5.1835,0.5,0.5,single
1625,videos/EWacZjLgE18_00.mp4,14.9585,0.5,0.5,single
1626,videos/7NMgRqMghNs_00.mp4,12.6265,0.5,0.5,single
1627,videos/SBIUNqe_XTk_00.mp4,15.0835,0.5,0.5,single
1628,videos/oYaZpc8SL9c_00.mp4,14.979,0.5,0.5,t-bone
1629,videos/JZcTEwl1Od4_00.mp4,14.9835,0.5,0.5,t-bone
1630,videos/-RE3XseZINA_00.mp4,14.979,0.5,0.5,single
1631,videos/eSs-IaQJQtc_00.mp4,14.9835,0.5,0.5,single
1632,videos/v-XEgdEkmEk_00.mp4,14.9585,0.5,0.5,single
1633,videos/I2syQkUAm0g_00.mp4,14.9835,0.5,0.5,t-bone
1634,videos/cTv27dfHJKM_00.mp4,14.979,0.5,0.5,single
1635,videos/ngcjihGL0zg_00.mp4,4.375,0.5,0.5,single
1636,videos/_lcVYPMK8RY_00.mp4,8.3958335,0.5,0.5,t-bone
1637,videos/3Si9WUEcmK8_00.mp4,3.0625,0.5,0.5,single
1638,videos/OoflvRjRL_Q_00.mp4,6.2085,0.5,0.5,t-bone
1639,videos/69UT4E3LoAc_00.mp4,14.9835,0.5,0.5,t-bone
1640,videos/LtBosyZywWw_00.mp4,7.5625,0.5,0.5,t-bone
1641,videos/eUAbFjZa1MI_00.mp4,15.0,0.5,0.5,t-bone
1642,videos/TAx0an0Jo84_00.mp4,14.979,0.5,0.5,single
1643,videos/29O6I-sITyw_00.mp4,14.9585,0.5,0.5,single
1644,videos/I2qAsVRZSkc_00.mp4,14.9835,0.5,0.5,single
1645,videos/EYPYs2UKPmE_00.mp4,12.229,0.5,0.5,single
1646,videos/LsXzcdBISgw_00.mp4,14.979,0.5,0.5,single
1647,videos/udz8ku0RP6Q_00.mp4,15.0,0.5,0.5,single
1648,videos/QUvymz7GOQc_00.mp4,14.9585,0.5,0.5,single
1649,videos/bEwsn-J8API_00.mp4,14.9585,0.5,0.5,single
1650,videos/TDlmnB9JOHk_00.mp4,14.9585,0.5,0.5,single
1651,videos/Tk2ebvISDlk_00.mp4,11.4375,0.5,0.5,single
1652,videos/oqzyCtlqYUw_00.mp4,14.9585,0.5,0.5,single
1653,videos/VbJ0P0Ranrw_00.mp4,6.853999999999999,0.5,0.5,single
1654,videos/yzNEliTlFGk_00.mp4,14.9375,0.5,0.5,single
1655,videos/x9KDw9QoeKs_00.mp4,5.271,0.5,0.5,single
1656,videos/F810q1TVR94_00.mp4,14.9791665,0.5,0.5,single
1657,videos/CfyyqTRMA6A_00.mp4,6.8541665,0.5,0.5,single
1658,videos/nzxBMPZE-Ow_00.mp4,14.9165,0.5,0.5,single
1659,videos/Z0GQkjeJ28s_00.mp4,14.9791665,0.5,0.5,t-bone
1660,videos/Xu_5PuNK6Mc_00.mp4,14.9375,0.5,0.5,single
1661,videos/Aq_-v8khHjQ_00.mp4,13.875,0.5,0.5,single
1662,videos/jCoAyWsIyv8_00.mp4,14.9375,0.5,0.5,single
1663,videos/BdL1TIuXeuY_00.mp4,14.9375,0.5,0.5,single
1664,videos/P1CKuvV6ma4_00.mp4,5.0,0.5,0.5,single
1665,videos/MLNUAH0Nc5w_00.mp4,14.979,0.5,0.5,single
1666,videos/7DnAOa6rGgg_00.mp4,14.958333,0.5,0.5,single
1667,videos/ZGDoRBiCxEA_00.mp4,14.396,0.5,0.5,single
1668,videos/TWCg8QXjraw_00.mp4,14.9585,0.5,0.5,single
1669,videos/h9aw9Upkwx4_00.mp4,4.1335,0.5,0.5,single
1670,videos/h5WtldZ9-68_00.mp4,9.625,0.5,0.5,single
1671,videos/OPrn1pj3g5M_00.mp4,15.0,0.5,0.5,single
1672,videos/H6A3xLciOZk_00.mp4,15.0,0.5,0.5,single
1673,videos/ZoffyoNXhOo_00.mp4,14.81,0.5,0.5,single
1674,videos/EzI5Rn3z4ew_00.mp4,14.9835,0.5,0.5,single
1675,videos/9w-8u8wKF5k_00.mp4,4.2916665,0.5,0.5,single
1676,videos/Tfc5ixuHl3E_00.mp4,14.9835,0.5,0.5,single
1677,videos/ur7JERJrVQs_00.mp4,13.604,0.5,0.5,single
1678,videos/022uvRkRJ8E_00.mp4,12.217,0.5,0.5,single
1679,videos/GD6usZ7O7UU_00.mp4,14.98,0.5,0.5,t-bone
1680,videos/aERiIg9Dts4_00.mp4,14.979,0.5,0.5,single
1681,videos/WiX5bXnWtXg_00.mp4,14.9835,0.5,0.5,single
1682,videos/bcuWtCE-SnE_00.mp4,5.2835,0.5,0.5,single
1683,videos/MTxBv0i8B8w_00.mp4,14.9791665,0.5,0.5,t-bone
1684,videos/X9mDWoU5gq0_00.mp4,14.979,0.5,0.5,single
1685,videos/mhuM8U4OZw4_00.mp4,14.958333,0.5,0.5,t-bone
1686,videos/1fe57nFDL_s_00.mp4,14.9791665,0.5,0.5,single
1687,videos/C0faYXs1tA4_00.mp4,12.874,0.5,0.5,single
1688,videos/whARwNPnlf0_00.mp4,5.8,0.5,0.5,single
1689,videos/qOKeWK8IZHs_00.mp4,14.9585,0.5,0.5,single
1690,videos/nH1Xj9-rVwc_00.mp4,15.0,0.5,0.5,single
1691,videos/ga0JEJ0fnGY_00.mp4,4.6875,0.5,0.5,single
1692,videos/zl0-TZHfZg0_00.mp4,9.604500000000002,0.5,0.5,single
1693,videos/xR3X3G9hsZ0_00.mp4,15.0,0.5,0.5,single
1694,videos/QE7qzpppF2c_00.mp4,14.979,0.5,0.5,single
1695,videos/yQyB-0PLYAU_00.mp4,15.0,0.5,0.5,single
1696,videos/62-L7OtC4tg_00.mp4,14.9585,0.5,0.5,single
1697,videos/H644DZi-cWQ_00.mp4,3.395833,0.5,0.5,t-bone
1698,videos/lvIwOAjE7Ts_00.mp4,14.9814815,0.5,0.5,t-bone
1699,videos/9jbzA3-ub9c_00.mp4,2.6665,0.5,0.5,single
1700,videos/md2cHgL1TV0_00.mp4,14.9585,0.5,0.5,single
1701,videos/9AO9fQexSIo_00.mp4,10.8835,0.5,0.5,single
1702,videos/2OnAsVRtNQM_00.mp4,8.5,0.5,0.5,single
1703,videos/pA_dEaPv-yk_00.mp4,7.0,0.5,0.5,single
1704,videos/-FQxK6HdxNU_00.mp4,2.5835,0.5,0.5,single
1705,videos/fNoqwaXAqeA_00.mp4,14.979,0.5,0.5,single
1706,videos/AGn3mKAiKQY_00.mp4,14.9835,0.5,0.5,single
1707,videos/O1AHOHWpTv8_00.mp4,5.72,0.5,0.5,single
1708,videos/swAfXA86Sk8_00.mp4,9.104,0.5,0.5,single
1709,videos/qx2zGl2mYt0_00.mp4,3.8335,0.5,0.5,single
1710,videos/BBFzGfSLEZE_00.mp4,15.0,0.5,0.5,t-bone
1711,videos/lqkfsE2tmbo_00.mp4,14.979,0.5,0.5,single
1712,videos/pUUmNU7jrXI_00.mp4,13.4791665,0.5,0.5,single
1713,videos/gDCiYQjLeEE_00.mp4,14.958333,0.5,0.5,t-bone
1714,videos/JC52fZUaMio_00.mp4,14.958333,0.5,0.5,single
1715,videos/NQXpqL8dL8s_00.mp4,9.395833,0.5,0.5,single
1716,videos/4XE22RAmqnM_00.mp4,14.9835,0.5,0.5,t-bone
1717,videos/Mzuyrdg3hxY_00.mp4,14.9835,0.5,0.5,single
1718,videos/hN69Cb16naw_00.mp4,9.5165,0.5,0.5,t-bone
1719,videos/Sp7P1vH_ThU_00.mp4,14.983333,0.5,0.5,t-bone
1720,videos/7O6n0GkXt_g_00.mp4,10.25,0.5,0.5,t-bone
1721,videos/6Oro7le8ZLQ_00.mp4,15.0165,0.5,0.5,t-bone
1722,videos/S_HTEVMQK5g_00.mp4,5.6,0.5,0.5,single
1723,videos/1_iNUkyy46E_00.mp4,14.933333,0.5,0.5,single
1724,videos/Kw_Xo2iUEZQ_00.mp4,2.2,0.5,0.5,single
1725,videos/Kw_Xo2iUEZQ_01.mp4,10.45,0.5,0.5,single
1726,videos/V3oNEkBwP7M_00.mp4,12.55,0.5,0.5,single
1727,videos/6Ac5Ad5jcJ0_00.mp4,14.583,0.5,0.5,single
1728,videos/Z3VF85Ibvc8_00.mp4,14.9165,0.5,0.5,t-bone
1729,videos/miJaH5hcX5U_00.mp4,14.9835,0.5,0.5,t-bone
1730,videos/DQ0vvyzJd3A_00.mp4,14.979,0.5,0.5,single
1731,videos/Tb4q9PqHXRc_00.mp4,14.9585,0.5,0.5,t-bone
1732,videos/cZqLDOqM9TM_00.mp4,14.979,0.5,0.5,t-bone
1733,videos/IjrWDrC23GY_00.mp4,13.2413795,0.5,0.5,single
1734,videos/KZ8uvPQdYdk_00.mp4,14.9835,0.5,0.5,single
1735,videos/OrX9GrUmLy0_00.mp4,14.9585,0.5,0.5,single
1736,videos/FIBPRI-_xPo_00.mp4,14.979,0.5,0.5,single
1737,videos/8a1onzDf0Eg_00.mp4,3.7085,0.5,0.5,t-bone
1738,videos/LxNrteV6pVs_00.mp4,5.3525,0.5,0.5,single
1739,videos/LxNrteV6pVs_01.mp4,7.103999999999999,0.5,0.5,single
1740,videos/ju6wnVi72qI_00.mp4,12.0835,0.5,0.5,t-bone
1741,videos/WDKy_7gwkwI_00.mp4,14.9835,0.5,0.5,rear-end
1742,videos/ZvegJ-6a3ow_00.mp4,6.375,0.5,0.5,t-bone
1743,videos/iXbPXFRanm4_00.mp4,14.9585,0.5,0.5,t-bone
1744,videos/lKAtoCazPaE_00.mp4,14.9655,0.5,0.5,t-bone
1745,videos/mr_it2B6muI_00.mp4,12.1875,0.5,0.5,single
1746,videos/JKYjZ-tLgrw_00.mp4,14.9835,0.5,0.5,single
1747,videos/VObOhcls5kI_00.mp4,14.9585,0.5,0.5,single
1748,videos/4GW-rpR12Rs_00.mp4,10.021,0.5,0.5,single
1749,videos/OJvzrl3xheI_00.mp4,14.979,0.5,0.5,t-bone
1750,videos/ahyVT91vv8c_00.mp4,14.979,0.5,0.5,t-bone
1751,videos/8G_gWFWoV3U_00.mp4,14.9835,0.5,0.5,t-bone
1752,videos/4Q4q7Y1GGHk_00.mp4,14.979,0.5,0.5,single
1753,videos/fvnovsPGazc_00.mp4,14.9835,0.5,0.5,t-bone
1754,videos/fy1ZkNZQhWA_00.mp4,2.8335,0.5,0.5,single
1755,videos/fy1ZkNZQhWA_01.mp4,2.603999999999999,0.5,0.5,single
1756,videos/fy1ZkNZQhWA_02.mp4,5.6045,0.5,0.5,single
1757,videos/fy1ZkNZQhWA_03.mp4,2.166499999999999,0.5,0.5,single
1758,videos/Ib9wzyr5GqE_00.mp4,14.9585,0.5,0.5,single
1759,videos/zOgTWOFJpKg_00.mp4,6.9375,0.5,0.5,single
1760,videos/zOgTWOFJpKg_01.mp4,7.999999999999999,0.5,0.5,single
1761,videos/K0RZlWi2qhA_00.mp4,14.979,0.5,0.5,single
1762,videos/Y4QHUzvOwwQ_00.mp4,14.979,0.5,0.5,single
1763,videos/CU0w8gexxew_00.mp4,14.979,0.5,0.5,single
1764,videos/nbhL6NycXqc_00.mp4,14.979,0.5,0.5,single
1765,videos/pK1JUx-kk5U_00.mp4,14.9585,0.5,0.5,single
1766,videos/ZFYfE3_Nz5o_00.mp4,14.9585,0.5,0.5,single
1767,videos/XPqOWbSVgbk_00.mp4,14.979,0.5,0.5,single
1768,videos/3rBm5RyfhOw_00.mp4,7.083333,0.5,0.5,t-bone
1769,videos/8eSV1Aza1uE_00.mp4,14.9835,0.5,0.5,single
1770,videos/vfx-a0mKrFo_00.mp4,14.979,0.5,0.5,single
1771,videos/niL3O_tNdFY_00.mp4,11.4665,0.5,0.5,single
1772,videos/OlyJb8yf1dI_00.mp4,15.0,0.5,0.5,single
1773,videos/pb5K0aVve9o_00.mp4,6.5335,0.5,0.5,single
1774,videos/r_s-IxnbXkw_00.mp4,5.1875,0.5,0.5,t-bone
1775,videos/HSDqCUHuz8Q_0_00.mp4,2.75,0.5,0.5,rear-end
1776,videos/HSDqCUHuz8Q_3_00.mp4,9.9666665,0.5,0.5,single
1777,videos/HSDqCUHuz8Q_5_00.mp4,5.1333335,0.5,0.5,t-bone
1778,videos/IAhGJNVqs1M_10_00.mp4,3.72,0.5,0.5,t-bone
1779,videos/IAhGJNVqs1M_14_00.mp4,21.28,0.5,0.5,t-bone
1780,videos/IAhGJNVqs1M_9_00.mp4,8.02,0.5,0.5,t-bone
1781,videos/L334aqEJxys_0_00.mp4,6.9402665,0.5,0.5,t-bone
1782,videos/L334aqEJxys_1_00.mp4,5.1217835,0.5,0.5,rear-end
1783,videos/ML52jXyFltw_0_00.mp4,1.1333335,0.5,0.5,single
1784,videos/MxiC2UdOzE8_0_00.mp4,19.56955,0.5,0.5,t-bone
1785,videos/N6zJ2inqJn0_0_00.mp4,5.9893165,0.5,0.5,t-bone
1786,videos/N6zJ2inqJn0_1_00.mp4,4.9716335,0.5,0.5,single
1787,videos/N6zJ2inqJn0_2_00.mp4,3.45345,0.5,0.5,t-bone
1788,videos/N6zJ2inqJn0_3_00.mp4,3.65365,0.5,0.5,t-bone
1789,videos/PF5pVn8N9wA_11_00.mp4,3.852843,0.5,0.5,rear-end
1790,videos/eqwBLPxQ0z0_00.mp4,10.3665,0.5,0.5,single
1791,videos/acmBtouCwIU_00.mp4,14.979,0.5,0.5,single
1792,videos/xoq6jahieRg_00.mp4,10.15,0.5,0.5,single
1793,videos/fhZ9Mb-Ps3M_00.mp4,15.0,0.5,0.5,t-bone
1794,videos/kuwhQxdw6TU_00.mp4,14.979,0.5,0.5,t-bone
1795,videos/IKBt_1zB87o_00.mp4,14.979,0.5,0.5,t-bone
1796,videos/fVIMQD0Bo2M_00.mp4,5.222,0.5,0.5,single
1797,videos/YObeSti3p2M_00.mp4,15.0166665,0.5,0.5,single
1798,videos/KWBc4BKAUso_00.mp4,13.0895,0.5,0.5,single
1799,videos/gwHMR2FEVKA_00.mp4,14.9835,0.5,0.5,single
1800,videos/Cu647jk6n_s_00.mp4,7.083,0.5,0.5,single
1801,videos/Okrusfvcpt8_00.mp4,10.125,0.5,0.5,single
1802,videos/dn0Au-EvKJI_00.mp4,4.9335,0.5,0.5,t-bone
1803,videos/IhxIuzCn1dM_00.mp4,2.7835,0.5,0.5,t-bone
1804,videos/95Tx-2p0O_E_00.mp4,14.979,0.5,0.5,t-bone
1805,videos/SVcqRcsvGak_00.mp4,14.979,0.5,0.5,single
1806,videos/1TfCsqNoWQw_00.mp4,12.4955,0.5,0.5,single
1807,videos/vUnflRkNPsI_00.mp4,14.979,0.5,0.5,single
1808,videos/EV73dR7U00I_00.mp4,7.3835,0.5,0.5,single
1809,videos/QGey_zj5Cms_00.mp4,15.0335,0.5,0.5,t-bone
1810,videos/VxcFvNWTn6M_00.mp4,14.9585,0.5,0.5,single
1811,videos/SrbylylFcsg_2_00.mp4,1.22,0.5,0.5,t-bone
1812,videos/T1WbCBVGCHg_0_00.mp4,6.08,0.5,0.5,single
1813,videos/T1WbCBVGCHg_12_00.mp4,7.94,0.5,0.5,single
1814,videos/T1WbCBVGCHg_4_00.mp4,5.98,0.5,0.5,single
1815,videos/T1WbCBVGCHg_8_00.mp4,10.92,0.5,0.5,single
1816,videos/T_MwU0oQIBs_0_00.mp4,2.3189830000000002,0.5,0.5,t-bone
1817,videos/TqwcLiIQq3A_3_00.mp4,49.3493,0.5,0.5,t-bone
1818,videos/TvPX5q1VvE0_0_00.mp4,5.4387665,0.5,0.5,t-bone
1819,videos/UEXRGvWNta8_0_00.mp4,2.8833335,0.5,0.5,t-bone
1820,videos/UcJKeuDYOzc_12_00.mp4,3.58,0.5,0.5,t-bone
1821,videos/UcJKeuDYOzc_15_00.mp4,4.86,0.5,0.5,t-bone
1822,videos/UcJKeuDYOzc_16_00.mp4,4.92,0.5,0.5,t-bone
1823,videos/UcJKeuDYOzc_19_00.mp4,4.96,0.5,0.5,rear-end
1824,videos/UcJKeuDYOzc_3_00.mp4,7.02,0.5,0.5,t-bone
1825,videos/UcJKeuDYOzc_4_00.mp4,3.66,0.5,0.5,t-bone
1826,videos/UcJKeuDYOzc_6_00.mp4,7.32,0.5,0.5,t-bone
1827,videos/UcJKeuDYOzc_8_00.mp4,3.58,0.5,0.5,t-bone
1828,videos/UcJKeuDYOzc_9_00.mp4,4.9,0.5,0.5,t-bone
1829,videos/V0iWmOFca7w_4_00.mp4,11.282104,0.5,0.5,t-bone
1830,videos/zs895pofwv4_00.mp4,9.896,0.5,0.5,single
1831,videos/DEmCJ-_E3tY_00.mp4,9.8835,0.5,0.5,single
1832,videos/zefBTt5RXko_00.mp4,14.9791665,0.5,0.5,single
1833,videos/K0YHy4UKGE4_00.mp4,3.708333,0.5,0.5,single
1834,videos/SMqZ9jI9TOE_00.mp4,14.9835,0.5,0.5,t-bone
1835,videos/-yuVlpyayOI_00.mp4,13.5415,0.5,0.5,single
1836,videos/JEv4-TJDQlQ_00.mp4,12.7585,0.5,0.5,t-bone
1837,videos/SZA0u7rLVL4_00.mp4,12.0835,0.5,0.5,rear-end
1838,videos/i62_ZJJeR-Y_00.mp4,14.9835,0.5,0.5,t-bone
1839,videos/efXT6-Z1BGg_00.mp4,12.417,0.5,0.5,t-bone
1840,videos/jndtah0zyZ4_00.mp4,14.9814815,0.5,0.5,t-bone
1841,videos/z6AXuWSU63M_00.mp4,12.475,0.5,0.5,single
1842,videos/Xe9CoVqpv9c_2_00.mp4,3.5,0.5,0.5,single
1843,videos/Xu1KsH1j2iQ_1_00.mp4,4.5378665,0.5,0.5,t-bone
1844,videos/Xu1KsH1j2iQ_11_00.mp4,8.8254835,0.5,0.5,rear-end
1845,videos/YTOvt3Ac1z4_0_00.mp4,19.6029165,0.5,0.5,t-bone
1846,videos/YtKuNIcpvlY_0_00.mp4,22.470588,0.5,0.5,t-bone
1847,videos/Z52L6jGdSkY_0_00.mp4,2.6860165,0.5,0.5,t-bone
1848,videos/Z52L6jGdSkY_10_00.mp4,3.3033,0.5,0.5,t-bone
1849,videos/Z52L6jGdSkY_11_00.mp4,1.0844165,0.5,0.5,t-bone
1850,videos/Z52L6jGdSkY_12_00.mp4,1.6683335,0.5,0.5,t-bone
1851,videos/Z52L6jGdSkY_14_00.mp4,1.8351665,0.5,0.5,t-bone
1852,videos/Z52L6jGdSkY_15_00.mp4,2.6860165,0.5,0.5,t-bone
1853,videos/Z52L6jGdSkY_3_00.mp4,1.8018,0.5,0.5,t-bone
1854,videos/Z52L6jGdSkY_6_00.mp4,1.9185835,0.5,0.5,t-bone
1855,videos/Z52L6jGdSkY_7_00.mp4,2.0854165,0.5,0.5,t-bone
1856,videos/Z52L6jGdSkY_8_00.mp4,2.1354665,0.5,0.5,t-bone
1857,videos/Z52L6jGdSkY_9_00.mp4,1.8685335,0.5,0.5,t-bone
1858,videos/_FjROQyb1C8_1_00.mp4,3.75375,0.5,0.5,rear-end
1859,videos/bSZkOI7eF8k_1_00.mp4,3.5333335,0.5,0.5,t-bone
1860,videos/bSZkOI7eF8k_2_00.mp4,6.3,0.5,0.5,t-bone
1861,videos/bSZkOI7eF8k_3_00.mp4,6.8333335,0.5,0.5,t-bone
1862,videos/bSZkOI7eF8k_4_00.mp4,7.55,0.5,0.5,t-bone
1863,videos/bSZkOI7eF8k_7_00.mp4,1.9666665,0.5,0.5,t-bone
1864,videos/bXaAw1730zE_0_00.mp4,3.1333335,0.5,0.5,t-bone
1865,videos/bwW_wL4TwZg_1_00.mp4,1.68,0.5,0.5,single
1866,videos/bwW_wL4TwZg_2_00.mp4,5.54,0.5,0.5,single
1867,videos/dmwcqNAuZcM_1_00.mp4,26.0093165,0.5,0.5,t-bone
1868,videos/h50TQ3i9k5I_0_00.mp4,11.9333335,0.5,0.5,t-bone
1869,videos/h50TQ3i9k5I_2_00.mp4,5.9333335,0.5,0.5,t-bone
1870,videos/hSt-aJwZqsY_2_00.mp4,3.5666665,0.5,0.5,t-bone
1871,videos/hSt-aJwZqsY_3_00.mp4,3.4,0.5,0.5,t-bone
1872,videos/ieFXAiS97A0_1_00.mp4,4.8381665,0.5,0.5,t-bone
1873,videos/ieFXAiS97A0_5_00.mp4,5.2052,0.5,0.5,t-bone
1874,videos/k932VZGqE6c_0_00.mp4,6.6166665,0.5,0.5,single
1875,videos/k932VZGqE6c_1_00.mp4,3.7833335,0.5,0.5,t-bone
1876,videos/k932VZGqE6c_2_00.mp4,4.1333335,0.5,0.5,t-bone
1877,videos/k932VZGqE6c_3_00.mp4,5.0333335,0.5,0.5,t-bone
1878,videos/kv-u4ZiEGJA_4_00.mp4,1.75,0.5,0.5,t-bone
1879,videos/lJvJnAxuX5U_0_00.mp4,4.94,0.5,0.5,t-bone
1880,videos/mOwuW8t6-GQ_2_00.mp4,8.76,0.5,0.5,t-bone
1881,videos/mOwuW8t6-GQ_4_00.mp4,26.62,0.5,0.5,t-bone
1882,videos/mOwuW8t6-GQ_5_00.mp4,4.54,0.5,0.5,t-bone
1883,videos/mOwuW8t6-GQ_6_00.mp4,10.32,0.5,0.5,t-bone
1884,videos/mg6PLF8sHWw_0_00.mp4,8.373259,0.5,0.5,t-bone
1885,videos/mhQIf0yVU3g_1_00.mp4,3.2833335,0.5,0.5,t-bone
1886,videos/mhQIf0yVU3g_3_00.mp4,3.1,0.5,0.5,t-bone
1887,videos/nFpT2-RpAS8_0_00.mp4,3.42,0.5,0.5,t-bone
1888,videos/nFpT2-RpAS8_1_00.mp4,12.72,0.5,0.5,rear-end
1889,videos/nFpT2-RpAS8_2_00.mp4,7.4,0.5,0.5,single
1890,videos/nFpT2-RpAS8_3_00.mp4,4.86,0.5,0.5,rear-end
1891,videos/nSK7cehJiCE_6_00.mp4,2.5,0.5,0.5,single
1892,videos/nSK7cehJiCE_8_00.mp4,2.9,0.5,0.5,t-bone
1893,videos/nSK7cehJiCE_9_00.mp4,2.76,0.5,0.5,t-bone
1894,videos/nsHYg3ENgk4_1_00.mp4,4.0206835,0.5,0.5,t-bone
1895,videos/nsHYg3ENgk4_2_00.mp4,4.8214835,0.5,0.5,t-bone
1896,videos/nsHYg3ENgk4_5_00.mp4,4.8882165,0.5,0.5,t-bone
1897,videos/nsHYg3ENgk4_6_00.mp4,4.25425,0.5,0.5,t-bone
1898,videos/nsHYg3ENgk4_7_00.mp4,4.1041,0.5,0.5,t-bone
1899,videos/nsHYg3ENgk4_9_00.mp4,3.95395,0.5,0.5,t-bone
1900,videos/pA6q7Q2EQrw_20_00.mp4,3.6666665,0.5,0.5,rear-end
1901,videos/pA6q7Q2EQrw_21_00.mp4,2.0166665,0.5,0.5,t-bone
1902,videos/pA6q7Q2EQrw_22_00.mp4,6.2833335,0.5,0.5,rear-end
1903,videos/pA6q7Q2EQrw_25_00.mp4,3.6166665,0.5,0.5,t-bone
1904,videos/pA6q7Q2EQrw_3_00.mp4,4.1666665,0.5,0.5,t-bone
1905,videos/pA6q7Q2EQrw_32_00.mp4,4.1666665,0.5,0.5,single
1906,videos/pA6q7Q2EQrw_8_00.mp4,4.7333335,0.5,0.5,t-bone
1907,videos/rQy2l6gxB8c_0_00.mp4,6.45645,0.5,0.5,t-bone
1908,videos/rQy2l6gxB8c_1_00.mp4,5.0216835,0.5,0.5,single
1909,videos/rQy2l6gxB8c_3_00.mp4,9.6763335,0.5,0.5,rear-end
1910,videos/tDN-mwNSJc8_2_00.mp4,3.1232875,0.5,0.5,t-bone
1911,videos/tDN-mwNSJc8_3_00.mp4,2.7739725,0.5,0.5,t-bone
1912,videos/tDN-mwNSJc8_4_00.mp4,3.1232875,0.5,0.5,t-bone
1913,videos/tDN-mwNSJc8_5_00.mp4,2.671233,0.5,0.5,t-bone
1914,videos/tDN-mwNSJc8_8_00.mp4,3.1643835,0.5,0.5,t-bone
1915,videos/tDN-mwNSJc8_9_00.mp4,4.2328765,0.5,0.5,t-bone
1916,videos/upawiSphDM8_2_00.mp4,2.55,0.5,0.5,t-bone
1917,videos/wScVipt0pWk_10_00.mp4,1.66,0.5,0.5,t-bone
1918,videos/wScVipt0pWk_12_00.mp4,3.02,0.5,0.5,rear-end
1919,videos/wScVipt0pWk_13_00.mp4,2.84,0.5,0.5,t-bone
1920,videos/wScVipt0pWk_15_00.mp4,1.36,0.5,0.5,t-bone
1921,videos/wScVipt0pWk_17_00.mp4,3.06,0.5,0.5,t-bone
1922,videos/wScVipt0pWk_3_00.mp4,2.26,0.5,0.5,rear-end
1923,videos/wScVipt0pWk_7_00.mp4,2.52,0.5,0.5,t-bone
1924,videos/xKT7khciy-c_10_00.mp4,2.2355665,0.5,0.5,single
1925,videos/xKT7khciy-c_14_00.mp4,1.8018,0.5,0.5,t-bone
1926,videos/xKT7khciy-c_16_00.mp4,4.537867,0.5,0.5,t-bone
1927,videos/xKT7khciy-c_18_00.mp4,3.6703335,0.5,0.5,single
1928,videos/xKT7khciy-c_2_00.mp4,1.2512499999999998,0.5,0.5,t-bone
1929,videos/xKT7khciy-c_20_00.mp4,3.2365665,0.5,0.5,rear-end
1930,videos/xKT7khciy-c_22_00.mp4,4.3710335,0.5,0.5,t-bone
1931,videos/xKT7khciy-c_5_00.mp4,5.9392665,0.5,0.5,t-bone
1932,videos/xKT7khciy-c_8_00.mp4,2.2355665,0.5,0.5,t-bone
1933,videos/y4Evv5By6sg_1_00.mp4,4.9382665,0.5,0.5,rear-end
1934,videos/y4Evv5By6sg_3_00.mp4,3.6703335,0.5,0.5,t-bone
1935,videos/y4Evv5By6sg_4_00.mp4,3.3867165,0.5,0.5,t-bone
1936,videos/5m8QzQubYOI_00.mp4,10.04,0.5,0.5,single
1937,videos/kaggle-fahaddalwai-cctvfootagevideo_1_00.mp4,4.0333335,0.5,0.5,t-bone
1938,videos/kaggle-fahaddalwai-cctvfootagevideo_3_00.mp4,5.2333335,0.5,0.5,t-bone
1939,videos/kaggle-fahaddalwai-cctvfootagevideo_4_00.mp4,9.533333,0.5,0.5,single
1940,videos/kaggle-fahaddalwai-cctvfootagevideo_5_00.mp4,3.5,0.5,0.5,t-bone
1941,videos/kaggle-fahaddalwai-cctvfootagevideo_6_00.mp4,3.933333,0.5,0.5,t-bone
1942,videos/KUBbn-T3XYI_00.mp4,11.04,0.5,0.5,single
1943,videos/russia1_00.mp4,5.7083335,0.5,0.5,t-bone
1944,videos/russia11_00.mp4,6.625,0.5,0.5,t-bone
1945,videos/russia12_00.mp4,2.9166665,0.5,0.5,single
1946,videos/russia13_00.mp4,1.825,0.5,0.5,t-bone
1947,videos/russia14_00.mp4,3.725,0.5,0.5,t-bone
1948,videos/russia15_00.mp4,3.5083335,0.5,0.5,t-bone
1949,videos/russia16_00.mp4,4.6583335,0.5,0.5,t-bone
1950,videos/russia17_00.mp4,4.1583335,0.5,0.5,t-bone
1951,videos/russia18_00.mp4,4.941667,0.5,0.5,t-bone
1952,videos/russia19_00.mp4,4.675,0.5,0.5,t-bone
1953,videos/russia2_00.mp4,4.3583335,0.5,0.5,t-bone
1954,videos/russia20_00.mp4,3.0583335,0.5,0.5,t-bone
1955,videos/russia21_00.mp4,6.7833335,0.5,0.5,t-bone
1956,videos/russia22_00.mp4,2.1,0.5,0.5,t-bone
1957,videos/russia23_00.mp4,2.2333335,0.5,0.5,t-bone
1958,videos/russia3_00.mp4,5.5583335,0.5,0.5,t-bone
1959,videos/russia4_00.mp4,8.6,0.5,0.5,single
1960,videos/russia6_00.mp4,3.775,0.5,0.5,t-bone
1961,videos/russia7_00.mp4,7.5416665,0.5,0.5,t-bone
1962,videos/russia8_00.mp4,4.275,0.5,0.5,t-bone
1963,videos/video13_00.mp4,8.5833335,0.5,0.5,single
1964,videos/video130_00.mp4,3.4,0.5,0.5,t-bone
1965,videos/video136_00.mp4,8.3958335,0.5,0.5,rear-end
1966,videos/video187_00.mp4,4.68,0.5,0.5,single
1967,videos/video193_00.mp4,13.7708335,0.5,0.5,t-bone
1968,videos/video24_00.mp4,2.56,0.5,0.5,t-bone
1969,videos/video26_00.mp4,16.58,0.5,0.5,single
1970,videos/video33_00.mp4,2.625,0.5,0.5,single
1971,videos/video38_00.mp4,2.375,0.5,0.5,rear-end
1972,videos/video52_00.mp4,6.5666665,0.5,0.5,t-bone
1973,videos/video56_00.mp4,6.3958335,0.5,0.5,t-bone
1974,videos/video57_00.mp4,3.45,0.5,0.5,t-bone
1975,videos/video60_00.mp4,11.3333335,0.5,0.5,t-bone
1976,videos/video72_00.mp4,4.3666665,0.5,0.5,rear-end
1977,videos/hFaYR4zsGzA_00.mp4,14.98,0.5,0.5,t-bone
1978,videos/4qfPNqggweo_00.mp4,25.95,0.5,0.5,single
1979,videos/6wze8ucfW1g_00.mp4,15.065,0.5,0.5,t-bone
1980,videos/v_i8N0-kt2w_00.mp4,11.82,0.5,0.5,t-bone
1981,videos/PVYTq0m-OR0_00.mp4,4.0566035000000005,0.5,0.5,t-bone
1982,videos/KPyyCBJKS98_00.mp4,12.9795,0.5,0.5,rear-end
1983,videos/Hg0kgEuDppk_00.mp4,15.0255,0.5,0.5,single
1984,videos/OehnhIPFm4Q_00.mp4,2.4000000000000004,0.5,0.5,single
1985,videos/OehnhIPFm4Q_01.mp4,2.94,0.5,0.5,single
1986,videos/OehnhIPFm4Q_02.mp4,2.9,0.5,0.5,single
1987,videos/OehnhIPFm4Q_03.mp4,2.98,0.5,0.5,single
1988,videos/OehnhIPFm4Q_04.mp4,4.06,0.5,0.5,single
1989,videos/kd7QwQqeJZQ_00.mp4,2.48,0.5,0.5,single
1990,videos/kd7QwQqeJZQ_01.mp4,4.96,0.5,0.5,single
1991,videos/kd7QwQqeJZQ_02.mp4,2.72,0.5,0.5,single
1992,videos/Nlb0EeukIEQ_00.mp4,2.74,0.5,0.5,single
1993,videos/KZl-FNCuiGs_00.mp4,3.72,0.5,0.5,single
1994,videos/PoPhUbkrq9g_00.mp4,1.12,0.5,0.5,t-bone
1995,videos/zYgBOSbkY3A_00.mp4,1.66,0.5,0.5,t-bone
1996,videos/zYgBOSbkY3A_01.mp4,4.48,0.5,0.5,t-bone
1997,videos/T636miXHz3U_00.mp4,2.98,0.5,0.5,single
1998,videos/2unYN0QzOFk_00.mp4,1.7399999999999998,0.5,0.5,single
1999,videos/1_F0r7KVJ1k_00.mp4,5.78,0.5,0.5,single
2000,videos/e17Wq4Hpqlk_00.mp4,2.42,0.5,0.5,t-bone
2001,videos/e17Wq4Hpqlk_01.mp4,1.96,0.5,0.5,t-bone
2002,videos/e17Wq4Hpqlk_02.mp4,2.96,0.5,0.5,t-bone
2003,videos/OY5bWBGoSwc_00.mp4,2.483333,0.5,0.5,single
2004,videos/hdyWKrR5uCk_00.mp4,2.86,0.5,0.5,rear-end
2005,videos/hdyWKrR5uCk_01.mp4,2.98,0.5,0.5,t-bone
2006,videos/NF5q7ye97l0_00.mp4,3.1799999999999997,0.5,0.5,single
2007,videos/LeRsK6lfpK8_00.mp4,2.48,0.5,0.5,t-bone
2008,videos/LeRsK6lfpK8_01.mp4,1.94,0.5,0.5,t-bone
2009,videos/LeRsK6lfpK8_02.mp4,3.16,0.5,0.5,t-bone
2010,videos/nEszisiy2ho_00.mp4,3.98,0.5,0.5,single
2011,videos/jYai-crKZx8_00.mp4,0.6599999999999999,0.5,0.5,t-bone
2012,videos/Y5oIfasCYJM_00.mp4,1.7200000000000002,0.5,0.5,single
2013,videos/ACcnz_yNp6Q_00.mp4,2.88,0.5,0.5,single
2014,videos/65p17BwHTaw_00.mp4,2.98,0.5,0.5,single
2015,videos/65p17BwHTaw_01.mp4,1.56,0.5,0.5,single
2016,videos/q7UutMH5DTM_00.mp4,3.8000000000000007,0.5,0.5,single
2017,videos/YueG1zLkV8o_00.mp4,1.2200000000000002,0.5,0.5,single
2018,videos/YueG1zLkV8o_01.mp4,3.08,0.5,0.5,single
2019,videos/YueG1zLkV8o_02.mp4,3.9200000000000004,0.5,0.5,single
2020,videos/U53oza5hHEM_00.mp4,2.78,0.5,0.5,single
2021,videos/X5RwksTFZW8_00.mp4,10.88,0.5,0.5,single
2022,videos/987C4_UdnJE_00.mp4,1.56,0.5,0.5,t-bone
2023,videos/987C4_UdnJE_01.mp4,2.46,0.5,0.5,t-bone
2024,videos/eQvvIoDMXzY_00.mp4,6.2265445,0.5,0.5,single
2025,videos/eQvvIoDMXzY_01.mp4,11.0322665,0.5,0.5,single
2026,videos/ZftLPdDo5K8_00.mp4,14.979,0.5,0.5,single
